chr01	436049	SL4.0ch01_73833
chr01	444037	SL4.0ch01_81987
chr01	469501	SL4.0ch01_106717
chr01	529398	SL4.0ch01_166052
chr01	553924	SL4.0ch01_190498
chr01	557400	SL4.0ch01_193966
chr01	570953	SL4.0ch01_206912
chr01	603316	SL4.0ch01_239304
chr01	606566	SL4.0ch01_242569
chr01	638443	SL4.0ch01_274561
chr01	642731	SL4.0ch01_278850
chr01	677341	SL4.0ch01_313267
chr01	677503	SL4.0ch01_313429
chr01	677611	SL4.0ch01_313537
chr01	688969	SL4.0ch01_324884
chr01	695340	SL4.0ch01_331297
chr01	726052	SL4.0ch01_363815
chr01	751174	SL4.0ch01_388966
chr01	772846	SL4.0ch01_410659
chr01	777090	SL4.0ch01_414908
chr01	778138	SL4.0ch01_415956
chr01	782328	SL4.0ch01_420144
chr01	797471	SL4.0ch01_435264
chr01	797536	SL4.0ch01_435329
chr01	823839	SL4.0ch01_461739
chr01	882437	SL4.0ch01_513885
chr01	886387	SL4.0ch01_517822
chr01	919596	SL4.0ch01_551269
chr01	947464	SL4.0ch01_579007
chr01	966320	SL4.0ch01_594227
chr01	971647	SL4.0ch01_599557
chr01	1002758	SL4.0ch01_630362
chr01	1007708	SL4.0ch01_635313
chr01	1033280	SL4.0ch01_660813
chr01	1046079	SL4.0ch01_673608
chr01	1049160	SL4.0ch01_676689
chr01	1060506	SL4.0ch01_688037
chr01	1060876	SL4.0ch01_688407
chr01	1089794	SL4.0ch01_717405
chr01	1113541	SL4.0ch01_741159
chr01	1126689	SL4.0ch01_754238
chr01	1173531	SL4.0ch01_800510
chr01	1202168	SL4.0ch01_828204
chr01	1233285	SL4.0ch01_859220
chr01	1253106	SL4.0ch01_879090
chr01	1284680	SL4.0ch01_910681
chr01	1299772	SL4.0ch01_926136
chr01	1368109	SL4.0ch01_994295
chr01	1405858	SL4.0ch01_1030863
chr01	1430019	SL4.0ch01_1055245
chr01	1430909	SL4.0ch01_1056135
chr01	1431269	SL4.0ch01_1056495
chr01	1445770	SL4.0ch01_1071356
chr01	1447536	SL4.0ch01_1073122
chr01	1454961	SL4.0ch01_1080803
chr01	1477209	SL4.0ch01_1103339
chr01	1480115	SL4.0ch01_1106244
chr01	1481337	SL4.0ch01_1107466
chr01	1481913	SL4.0ch01_1108042
chr01	1571898	SL4.0ch01_1168179
chr01	1681902	SL4.0ch01_1207027
chr01	1683089	SL4.0ch01_1208035
chr01	1686765	SL4.0ch01_1213533
chr01	1724901	SL4.0ch01_1251918
chr01	1820597	SL4.0ch01_1347661
chr01	1834950	SL4.0ch01_1360109
chr01	1859136	SL4.0ch01_1384174
chr01	1888974	SL4.0ch01_1413926
chr01	1929472	SL4.0ch01_1454379
chr01	1950009	SL4.0ch01_1475158
chr01	1952594	SL4.0ch01_1477682
chr01	1992816	SL4.0ch01_1517922
chr01	1993894	SL4.0ch01_1519000
chr01	2032342	SL4.0ch01_1557547
chr01	2054772	SL4.0ch01_1579791
chr01	2072013	SL4.0ch01_1596897
chr01	2080896	SL4.0ch01_1605784
chr01	2085235	SL4.0ch01_1610138
chr01	2089810	SL4.0ch01_1614712
chr01	2111739	SL4.0ch01_1636608
chr01	2116178	SL4.0ch01_1641031
chr01	2132442	SL4.0ch01_1657297
chr01	2200656	SL4.0ch01_1729218
chr01	2229871	SL4.0ch01_1758459
chr01	2336602	SL4.0ch01_1864309
chr01	2382060	SL4.0ch01_1907026
chr01	2424678	SL4.0ch01_1949315
chr01	2424949	SL4.0ch01_1949586
chr01	2446594	SL4.0ch01_1971256
chr01	2451629	SL4.0ch01_1976291
chr01	2479226	SL4.0ch01_2003856
chr01	2542482	SL4.0ch01_2069044
chr01	2547778	SL4.0ch01_2074240
chr01	2573739	SL4.0ch01_2100056
chr01	2578688	SL4.0ch01_2105009
chr01	2586516	SL4.0ch01_2112840
chr01	2586992	SL4.0ch01_2113316
chr01	2595597	SL4.0ch01_2122155
chr01	2609262	SL4.0ch01_2135795
chr01	2624936	SL4.0ch01_2151200
chr01	2641655	SL4.0ch01_2167894
chr01	2653285	SL4.0ch01_2179515
chr01	2678925	SL4.0ch01_2205403
chr01	2697369	SL4.0ch01_2223817
chr01	2712150	SL4.0ch01_2238585
chr01	2724418	SL4.0ch01_2250890
chr01	2727642	SL4.0ch01_2254114
chr01	2795410	SL4.0ch01_2322724
chr01	2804115	SL4.0ch01_2331432
chr01	2822865	SL4.0ch01_2350051
chr01	2878886	SL4.0ch01_2405468
chr01	2883898	SL4.0ch01_2410647
chr01	2897617	SL4.0ch01_2423514
chr01	2940531	SL4.0ch01_2454697
chr01	3024487	SL4.0ch01_2545086
chr01	3040568	SL4.0ch01_2561302
chr01	3055985	SL4.0ch01_2576669
chr01	3063585	SL4.0ch01_2584185
chr01	3075927	SL4.0ch01_2596175
chr01	3082160	SL4.0ch01_2602408
chr01	3200419	SL4.0ch01_2680564
chr01	3208382	SL4.0ch01_2688457
chr01	3244468	SL4.0ch01_2724280
chr01	3249261	SL4.0ch01_2728829
chr01	3282406	SL4.0ch01_2761887
chr01	3296819	SL4.0ch01_2776208
chr01	3299453	SL4.0ch01_2778823
chr01	3316704	SL4.0ch01_2796057
chr01	3334642	SL4.0ch01_2813971
chr01	3339801	SL4.0ch01_2819082
chr01	3355588	SL4.0ch01_2835099
chr01	3394159	SL4.0ch01_2869675
chr01	3398053	SL4.0ch01_2873570
chr01	3425467	SL4.0ch01_2900804
chr01	3461153	SL4.0ch01_2936584
chr01	3475338	SL4.0ch01_2950747
chr01	3509195	SL4.0ch01_2984366
chr01	3589908	SL4.0ch01_3065042
chr01	3597290	SL4.0ch01_3072419
chr01	3621638	SL4.0ch01_3096643
chr01	3642223	SL4.0ch01_3117076
chr01	3709519	SL4.0ch01_3183998
chr01	3726412	SL4.0ch01_3200943
chr01	3764341	SL4.0ch01_3235633
chr01	3767362	SL4.0ch01_3238663
chr01	3780851	SL4.0ch01_3252173
chr01	3828010	SL4.0ch01_3291592
chr01	3909929	SL4.0ch01_3421701
chr01	3924633	SL4.0ch01_3436367
chr01	3926068	SL4.0ch01_3437803
chr01	3930556	SL4.0ch01_3442240
chr01	3938662	SL4.0ch01_3450343
chr01	3953935	SL4.0ch01_3458955
chr01	3962355	SL4.0ch01_3467331
chr01	3981276	SL4.0ch01_3486134
chr01	3987356	SL4.0ch01_3492212
chr01	4021994	SL4.0ch01_3516087
chr01	4023756	SL4.0ch01_3517845
chr01	4029171	SL4.0ch01_3523263
chr01	4036725	SL4.0ch01_3530809
chr01	4080035	SL4.0ch01_3565536
chr01	4086738	SL4.0ch01_3572240
chr01	4119417	SL4.0ch01_3611358
chr01	4129828	SL4.0ch01_3621591
chr01	4150767	SL4.0ch01_3641427
chr01	4197902	SL4.0ch01_3688333
chr01	4209059	SL4.0ch01_3699527
chr01	4232107	SL4.0ch01_3720502
chr01	4239704	SL4.0ch01_3728126
chr01	4253987	SL4.0ch01_3777817
chr01	4268680	SL4.0ch01_3791983
chr01	4281363	SL4.0ch01_3804675
chr01	4286332	SL4.0ch01_3809798
chr01	4300521	SL4.0ch01_3823701
chr01	4320341	SL4.0ch01_3843538
chr01	4345223	SL4.0ch01_3860946
chr01	4356913	SL4.0ch01_3872181
chr01	4358732	SL4.0ch01_3874004
chr01	4377331	SL4.0ch01_3892239
chr01	4393238	SL4.0ch01_3906527
chr01	4421392	SL4.0ch01_3934054
chr01	4430637	SL4.0ch01_3943002
chr01	4449011	SL4.0ch01_3961500
chr01	4507282	SL4.0ch01_4011158
chr01	4582046	SL4.0ch01_4064666
chr01	4610420	SL4.0ch01_4085050
chr01	4631422	SL4.0ch01_4107091
chr01	4632710	SL4.0ch01_4108382
chr01	4638453	SL4.0ch01_4115923
chr01	4640583	SL4.0ch01_4118056
chr01	4687955	SL4.0ch01_4165120
chr01	4698940	SL4.0ch01_4176025
chr01	4742027	SL4.0ch01_4229340
chr01	4751956	SL4.0ch01_4237593
chr01	4756357	SL4.0ch01_4241967
chr01	4765320	SL4.0ch01_4250883
chr01	4852557	SL4.0ch01_4384742
chr01	4854516	SL4.0ch01_4386700
chr01	4858174	SL4.0ch01_4390359
chr01	4879385	SL4.0ch01_4411873
chr01	4881737	SL4.0ch01_4414241
chr01	4894678	SL4.0ch01_4427944
chr01	4928552	SL4.0ch01_4465273
chr01	4956202	SL4.0ch01_4492916
chr01	4971293	SL4.0ch01_4507985
chr01	5000105	SL4.0ch01_4541173
chr01	5015079	SL4.0ch01_4556126
chr01	5015559	SL4.0ch01_4556608
chr01	5052445	SL4.0ch01_4589743
chr01	5054031	SL4.0ch01_4591329
chr01	5088631	SL4.0ch01_4625931
chr01	5089022	SL4.0ch01_4626322
chr01	5170239	SL4.0ch01_4706770
chr01	5173104	SL4.0ch01_4709635
chr01	5253766	SL4.0ch01_4750650
chr01	5267819	SL4.0ch01_4764635
chr01	5343552	SL4.0ch01_4831069
chr01	5359354	SL4.0ch01_4846905
chr01	5366854	SL4.0ch01_4849532
chr01	5377111	SL4.0ch01_4859832
chr01	5410968	SL4.0ch01_4894428
chr01	5459965	SL4.0ch01_4943600
chr01	5470515	SL4.0ch01_4963617
chr01	5470589	SL4.0ch01_4963691
chr01	5493894	SL4.0ch01_4986992
chr01	5505865	SL4.0ch01_4998893
chr01	5511677	SL4.0ch01_5004414
chr01	5519111	SL4.0ch01_5011874
chr01	5524975	SL4.0ch01_5020286
chr01	5531425	SL4.0ch01_5026756
chr01	5536314	SL4.0ch01_5031495
chr01	5563588	SL4.0ch01_5058286
chr01	5599956	SL4.0ch01_5086428
chr01	5617050	SL4.0ch01_5103470
chr01	5655348	SL4.0ch01_5141841
chr01	5690759	SL4.0ch01_5177409
chr01	5700755	SL4.0ch01_5189019
chr01	5701631	SL4.0ch01_5189895
chr01	5718932	SL4.0ch01_5206980
chr01	5737392	SL4.0ch01_5225470
chr01	5749703	SL4.0ch01_5246660
chr01	5787280	SL4.0ch01_5292063
chr01	5907652	SL4.0ch01_5377109
chr01	5913320	SL4.0ch01_5382776
chr01	5914695	SL4.0ch01_5384152
chr01	5935307	SL4.0ch01_5404248
chr01	5990054	SL4.0ch01_5463750
chr01	6011042	SL4.0ch01_5485111
chr01	6019574	SL4.0ch01_5493639
chr01	6029404	SL4.0ch01_5503451
chr01	6045872	SL4.0ch01_5514845
chr01	6048579	SL4.0ch01_5517550
chr01	6068694	SL4.0ch01_5542296
chr01	6085428	SL4.0ch01_5559009
chr01	6109139	SL4.0ch01_5582676
chr01	6110966	SL4.0ch01_5584550
chr01	6159228	SL4.0ch01_5631794
chr01	6313013	SL4.0ch01_5786576
chr01	6313462	SL4.0ch01_5787025
chr01	6314168	SL4.0ch01_5787730
chr01	6347281	SL4.0ch01_5817866
chr01	6361099	SL4.0ch01_5831704
chr01	6382985	SL4.0ch01_5861728
chr01	6405178	SL4.0ch01_5883856
chr01	6416447	SL4.0ch01_5901304
chr01	6469378	SL4.0ch01_5950335
chr01	6503915	SL4.0ch01_5984816
chr01	6806806	SL4.0ch01_6081432
chr01	7149110	SL4.0ch01_6220099
chr01	7170311	SL4.0ch01_6241281
chr01	7180974	SL4.0ch01_6251925
chr01	7189959	SL4.0ch01_6260902
chr01	7261975	SL4.0ch01_6333637
chr01	7306949	SL4.0ch01_6379657
chr01	7318797	SL4.0ch01_6397049
chr01	7322777	SL4.0ch01_6401029
chr01	7363273	SL4.0ch01_6442440
chr01	7388297	SL4.0ch01_6467467
chr01	7411128	SL4.0ch01_6488394
chr01	7440877	SL4.0ch01_6521922
chr01	7464430	SL4.0ch01_6545478
chr01	7647643	SL4.0ch01_6743551
chr01	7770283	SL4.0ch01_6865441
chr01	7949397	SL4.0ch01_7044234
chr01	7972075	SL4.0ch01_7059668
chr01	8080303	SL4.0ch01_7172701
chr01	8120269	SL4.0ch01_7201542
chr01	8219245	SL4.0ch01_7290909
chr01	8356381	SL4.0ch01_7425294
chr01	8580120	SL4.0ch01_7648081
chr01	8624641	SL4.0ch01_7692598
chr01	8742987	SL4.0ch01_7792848
chr01	8848604	SL4.0ch01_7897038
chr01	8883180	SL4.0ch01_7930815
chr01	8986463	SL4.0ch01_8029168
chr01	9013562	SL4.0ch01_8053809
chr01	9100495	SL4.0ch01_8144140
chr01	9168872	SL4.0ch01_8211516
chr01	9233368	SL4.0ch01_8276259
chr01	9408852	SL4.0ch01_8437803
chr01	9544093	SL4.0ch01_8571994
chr01	9986406	SL4.0ch01_8948312
chr01	10224588	SL4.0ch01_8997687
chr01	10404975	SL4.0ch01_9214228
chr01	10567787	SL4.0ch01_20512717
chr01	10661662	SL4.0ch01_45077087
chr01	10724780	SL4.0ch01_20122164
chr01	10901370	SL4.0ch01_19924153
chr01	10982006	SL4.0ch01_19846714
chr01	11038499	SL4.0ch01_19780519
chr01	11118224	SL4.0ch01_19708827
chr01	11226129	SL4.0ch01_19585262
chr01	11266177	SL4.0ch01_19537794
chr01	11430379	SL4.0ch01_19394401
chr01	11431427	SL4.0ch01_19393354
chr01	11582176	SL4.0ch01_19205229
chr01	11762474	SL4.0ch01_18544795
chr01	11873013	SL4.0ch01_18434609
chr01	11939798	SL4.0ch01_18370325
chr01	12048375	SL4.0ch01_18261410
chr01	12206122	SL4.0ch01_18091255
chr01	12290403	SL4.0ch01_17986435
chr01	12320702	SL4.0ch01_17954297
chr01	12326942	SL4.0ch01_17948069
chr01	12346113	SL4.0ch01_17928965
chr01	12356365	SL4.0ch01_17918624
chr01	12372600	SL4.0ch01_17907047
chr01	12373638	SL4.0ch01_17906008
chr01	12385804	SL4.0ch01_17897708
chr01	12396863	SL4.0ch01_17886738
chr01	12410108	SL4.0ch01_17875179
chr01	12437527	SL4.0ch01_17847750
chr01	12450894	SL4.0ch01_17846832
chr01	12496284	SL4.0ch01_17801768
chr01	12700677	SL4.0ch01_17612172
chr01	12702858	SL4.0ch01_17609979
chr01	12798899	SL4.0ch01_17501978
chr01	13482406	SL4.0ch01_16811411
chr01	13535036	SL4.0ch01_16758424
chr01	13582171	SL4.0ch01_16699094
chr01	13608927	SL4.0ch01_16672322
chr01	13630253	SL4.0ch01_16650732
chr01	13647616	SL4.0ch01_16633327
chr01	13687111	SL4.0ch01_16593986
chr01	13693891	SL4.0ch01_16587187
chr01	13718313	SL4.0ch01_16570682
chr01	13854253	SL4.0ch01_16437899
chr01	13930832	SL4.0ch01_16366853
chr01	13994855	SL4.0ch01_16302333
chr01	14014500	SL4.0ch01_16282806
chr01	14032790	SL4.0ch01_16255222
chr01	14036739	SL4.0ch01_16251274
chr01	14094718	SL4.0ch01_16193356
chr01	14493237	SL4.0ch01_15846222
chr01	14534405	SL4.0ch01_15805330
chr01	14543709	SL4.0ch01_15796337
chr01	14572443	SL4.0ch01_15758483
chr01	14646368	SL4.0ch01_15684686
chr01	14706346	SL4.0ch01_15619552
chr01	14860824	SL4.0ch01_15466874
chr01	14951962	SL4.0ch01_15374975
chr01	14988987	SL4.0ch01_15338326
chr01	15106135	SL4.0ch01_15222143
chr01	15232519	SL4.0ch01_15149525
chr01	15353072	SL4.0ch01_15029035
chr01	15370688	SL4.0ch01_15011419
chr01	15385925	SL4.0ch01_14998850
chr01	15518596	SL4.0ch01_14866301
chr01	15581067	SL4.0ch01_14807009
chr01	15872899	SL4.0ch01_14517196
chr01	15911885	SL4.0ch01_14478189
chr01	16095345	SL4.0ch01_14294389
chr01	16211923	SL4.0ch01_14179437
chr01	16297430	SL4.0ch01_14098671
chr01	16321893	SL4.0ch01_14074338
chr01	16343359	SL4.0ch01_14052907
chr01	16363910	SL4.0ch01_14032375
chr01	16574560	SL4.0ch01_13823636
chr01	16632734	SL4.0ch01_13765569
chr01	16732381	SL4.0ch01_13623617
chr01	16817777	SL4.0ch01_13544680
chr01	17154649	SL4.0ch01_13409866
chr01	17247968	SL4.0ch01_13316454
chr01	17256097	SL4.0ch01_13308993
chr01	17671255	SL4.0ch01_13258745
chr01	17754968	SL4.0ch01_13184190
chr01	17810306	SL4.0ch01_13128896
chr01	17855684	SL4.0ch01_13083552
chr01	17923684	SL4.0ch01_13015661
chr01	17956996	SL4.0ch01_12982626
chr01	18030580	SL4.0ch01_12908948
chr01	18057920	SL4.0ch01_12881648
chr01	18135161	SL4.0ch01_12804705
chr01	18235330	SL4.0ch01_12770392
chr01	18325085	SL4.0ch01_12680783
chr01	18353936	SL4.0ch01_12652117
chr01	18371590	SL4.0ch01_12634496
chr01	18494888	SL4.0ch01_12511402
chr01	18507422	SL4.0ch01_12498988
chr01	18567078	SL4.0ch01_12437827
chr01	18791191	SL4.0ch01_12395873
chr01	18796292	SL4.0ch01_12390794
chr01	18801075	SL4.0ch01_12386011
chr01	18806521	SL4.0ch01_12380560
chr01	19000668	SL4.0ch01_11206578
chr01	19041170	SL4.0ch01_11247121
chr01	19171101	SL4.0ch01_11376958
chr01	19188502	SL4.0ch01_11394222
chr01	19281635	SL4.0ch01_11487305
chr01	19288858	SL4.0ch01_11494532
chr01	19320909	SL4.0ch01_11526553
chr01	19493002	SL4.0ch01_11686382
chr01	19538124	SL4.0ch01_11733280
chr01	19618064	SL4.0ch01_11813288
chr01	19767741	SL4.0ch01_11961080
chr01	19838555	SL4.0ch01_12031688
chr01	19868933	SL4.0ch01_12062064
chr01	19962009	SL4.0ch01_12148847
chr01	20061533	SL4.0ch01_12238426
chr01	20116384	SL4.0ch01_11138053
chr01	20148004	SL4.0ch01_11105988
chr01	23098463	SL4.0ch01_10467001
chr01	23115956	SL4.0ch01_10450269
chr01	23151444	SL4.0ch01_10418022
chr01	23189360	SL4.0ch01_10382936
chr01	23221401	SL4.0ch01_10339923
chr01	23290093	SL4.0ch01_10277344
chr01	23346920	SL4.0ch01_10218293
chr01	23395366	SL4.0ch01_10161366
chr01	23406707	SL4.0ch01_10141262
chr01	23430810	SL4.0ch01_10116539
chr01	23486334	SL4.0ch01_10078954
chr01	23510452	SL4.0ch01_10061392
chr01	23518191	SL4.0ch01_10043895
chr01	23528840	SL4.0ch01_10033303
chr01	23627674	SL4.0ch01_9975981
chr01	23667523	SL4.0ch01_9923432
chr01	23668596	SL4.0ch01_9922382
chr01	23751379	SL4.0ch01_9881310
chr01	23763708	SL4.0ch01_9869031
chr01	23771676	SL4.0ch01_9861070
chr01	23849844	SL4.0ch01_9780099
chr01	23855969	SL4.0ch01_9773969
chr01	23887949	SL4.0ch01_9741868
chr01	23988523	SL4.0ch01_9646734
chr01	24026675	SL4.0ch01_9594448
chr01	24028641	SL4.0ch01_9592474
chr01	24057716	SL4.0ch01_9572499
chr01	24185944	SL4.0ch01_9451426
chr01	24302093	SL4.0ch01_9344876
chr01	24401766	SL4.0ch01_20389147
chr01	24521726	SL4.0ch01_20223098
chr01	24599019	SL4.0ch01_20639859
chr01	24614027	SL4.0ch01_20662969
chr01	24730289	SL4.0ch01_20763514
chr01	24805062	SL4.0ch01_20836761
chr01	25021802	SL4.0ch01_21076010
chr01	25075208	SL4.0ch01_21128946
chr01	25146379	SL4.0ch01_21171914
chr01	25252866	SL4.0ch01_21256627
chr01	25280044	SL4.0ch01_21283793
chr01	25283605	SL4.0ch01_21287389
chr01	25463823	SL4.0ch01_21439600
chr01	25548346	SL4.0ch01_21501699
chr01	25549916	SL4.0ch01_21503283
chr01	25553963	SL4.0ch01_21516352
chr01	25556205	SL4.0ch01_21518586
chr01	25563498	SL4.0ch01_21532833
chr01	25731696	SL4.0ch01_21727096
chr01	25814649	SL4.0ch01_21809990
chr01	25859581	SL4.0ch01_21854877
chr01	26018249	SL4.0ch01_22005746
chr01	26075457	SL4.0ch01_22062893
chr01	26188843	SL4.0ch01_22176918
chr01	26295705	SL4.0ch01_22283530
chr01	26387020	SL4.0ch01_22375057
chr01	26547525	SL4.0ch01_22696196
chr01	26682073	SL4.0ch01_22823741
chr01	26732024	SL4.0ch01_22873709
chr01	26756689	SL4.0ch01_22898347
chr01	26890015	SL4.0ch01_23031333
chr01	26948985	SL4.0ch01_23087853
chr01	27058038	SL4.0ch01_23195532
chr01	27105908	SL4.0ch01_23243087
chr01	27186606	SL4.0ch01_23312597
chr01	27273893	SL4.0ch01_23399756
chr01	27349999	SL4.0ch01_23475827
chr01	27403300	SL4.0ch01_23529121
chr01	27532028	SL4.0ch01_23667242
chr01	27619551	SL4.0ch01_23753979
chr01	27649427	SL4.0ch01_23783803
chr01	27685303	SL4.0ch01_23819608
chr01	27777858	SL4.0ch01_23911648
chr01	27778149	SL4.0ch01_23911939
chr01	27792809	SL4.0ch01_23928168
chr01	27836412	SL4.0ch01_23971760
chr01	27839946	SL4.0ch01_23975290
chr01	27848290	SL4.0ch01_23983629
chr01	27889446	SL4.0ch01_24024784
chr01	27919192	SL4.0ch01_24054494
chr01	28081278	SL4.0ch01_24200824
chr01	28144881	SL4.0ch01_24272939
chr01	28241028	SL4.0ch01_24368923
chr01	28271074	SL4.0ch01_24398900
chr01	28348590	SL4.0ch01_24465574
chr01	28411534	SL4.0ch01_24528464
chr01	28479076	SL4.0ch01_24595966
chr01	28524033	SL4.0ch01_24640921
chr01	28764502	SL4.0ch01_24879132
chr01	28850965	SL4.0ch01_24948455
chr01	28853559	SL4.0ch01_24951043
chr01	28953832	SL4.0ch01_25051300
chr01	29025057	SL4.0ch01_25122502
chr01	29094421	SL4.0ch01_25191833
chr01	29206355	SL4.0ch01_25302003
chr01	29235910	SL4.0ch01_25331503
chr01	29283087	SL4.0ch01_25376225
chr01	29546139	SL4.0ch01_25638410
chr01	29564489	SL4.0ch01_25656745
chr01	29721137	SL4.0ch01_25813213
chr01	29723926	SL4.0ch01_25816003
chr01	29831452	SL4.0ch01_25913266
chr01	29889867	SL4.0ch01_25970473
chr01	29936556	SL4.0ch01_26017116
chr01	29938784	SL4.0ch01_26019344
chr01	30044176	SL4.0ch01_26135866
chr01	30122306	SL4.0ch01_26168395
chr01	30209582	SL4.0ch01_26248735
chr01	30221072	SL4.0ch01_26259698
chr01	30320196	SL4.0ch01_26353930
chr01	30375826	SL4.0ch01_26410060
chr01	30435158	SL4.0ch01_26468019
chr01	30543033	SL4.0ch01_26595148
chr01	30588532	SL4.0ch01_26639763
chr01	30649001	SL4.0ch01_26700233
chr01	30726162	SL4.0ch01_26777248
chr01	30915017	SL4.0ch01_26962607
chr01	30932868	SL4.0ch01_26980457
chr01	31115803	SL4.0ch01_27167005
chr01	31150166	SL4.0ch01_27201666
chr01	31245087	SL4.0ch01_27296744
chr01	31257999	SL4.0ch01_27309558
chr01	31368462	SL4.0ch01_27419990
chr01	31390007	SL4.0ch01_27441520
chr01	31484976	SL4.0ch01_27535831
chr01	31526064	SL4.0ch01_27576914
chr01	31613577	SL4.0ch01_27664363
chr01	31624191	SL4.0ch01_27674977
chr01	31810540	SL4.0ch01_27834920
chr01	31920459	SL4.0ch01_27946783
chr01	31979677	SL4.0ch01_28004819
chr01	32278216	SL4.0ch01_28282046
chr01	32289787	SL4.0ch01_28293554
chr01	32402778	SL4.0ch01_28405995
chr01	32419025	SL4.0ch01_28422254
chr01	32421928	SL4.0ch01_28431405
chr01	32911516	SL4.0ch01_28915071
chr01	32988250	SL4.0ch01_28991083
chr01	33064216	SL4.0ch01_29067159
chr01	33216601	SL4.0ch01_29212401
chr01	33335609	SL4.0ch01_29344919
chr01	33441544	SL4.0ch01_29450796
chr01	33450545	SL4.0ch01_29459791
chr01	33570962	SL4.0ch01_29580285
chr01	33734720	SL4.0ch01_29758253
chr01	33792318	SL4.0ch01_29822632
chr01	33940489	SL4.0ch01_29957927
chr01	34069034	SL4.0ch01_30068055
chr01	34168696	SL4.0ch01_30161075
chr01	34180191	SL4.0ch01_30172425
chr01	34219488	SL4.0ch01_30211760
chr01	34275693	SL4.0ch01_30267778
chr01	34347347	SL4.0ch01_30338948
chr01	34373269	SL4.0ch01_30364944
chr01	34442302	SL4.0ch01_30430372
chr01	34491453	SL4.0ch01_30479260
chr01	34516527	SL4.0ch01_30504329
chr01	34562036	SL4.0ch01_30542643
chr01	34596724	SL4.0ch01_30580858
chr01	34632424	SL4.0ch01_30616539
chr01	34754865	SL4.0ch01_30738449
chr01	35001335	SL4.0ch01_30974030
chr01	35089124	SL4.0ch01_31493933
chr01	35126491	SL4.0ch01_31456510
chr01	35191106	SL4.0ch01_31402020
chr01	35247060	SL4.0ch01_31346569
chr01	35312377	SL4.0ch01_31281366
chr01	35352964	SL4.0ch01_31241219
chr01	35366444	SL4.0ch01_31227739
chr01	35554333	SL4.0ch01_31065784
chr01	35618522	SL4.0ch01_31554156
chr01	36023664	SL4.0ch01_31931008
chr01	36214991	SL4.0ch01_32080002
chr01	36289185	SL4.0ch01_32149320
chr01	36348850	SL4.0ch01_32201692
chr01	36668220	SL4.0ch01_32496954
chr01	36689110	SL4.0ch01_32517837
chr01	36719417	SL4.0ch01_32548146
chr01	36851015	SL4.0ch01_32679649
chr01	36903538	SL4.0ch01_32732198
chr01	36976854	SL4.0ch01_32803185
chr01	36992960	SL4.0ch01_32819280
chr01	37115614	SL4.0ch01_32953139
chr01	37120456	SL4.0ch01_32957981
chr01	37122273	SL4.0ch01_32959798
chr01	37751822	SL4.0ch01_33073230
chr01	37830225	SL4.0ch01_33151017
chr01	37870950	SL4.0ch01_33191950
chr01	37990435	SL4.0ch01_33290268
chr01	38009554	SL4.0ch01_33309377
chr01	38123840	SL4.0ch01_33413555
chr01	38133524	SL4.0ch01_33420897
chr01	38309202	SL4.0ch01_33591606
chr01	38349217	SL4.0ch01_33652281
chr01	38440545	SL4.0ch01_33737237
chr01	38476684	SL4.0ch01_33773392
chr01	38524380	SL4.0ch01_33807176
chr01	38531242	SL4.0ch01_33814039
chr01	38555353	SL4.0ch01_33828909
chr01	38555473	SL4.0ch01_33829029
chr01	38697798	SL4.0ch01_33967557
chr01	38750108	SL4.0ch01_34013047
chr01	38881303	SL4.0ch01_34129007
chr01	38996003	SL4.0ch01_34248350
chr01	39231660	SL4.0ch01_34424084
chr01	39281389	SL4.0ch01_34473610
chr01	39286685	SL4.0ch01_34478914
chr01	39295020	SL4.0ch01_34487244
chr01	39386179	SL4.0ch01_34558415
chr01	39482232	SL4.0ch01_34654816
chr01	39561487	SL4.0ch01_34752618
chr01	39721611	SL4.0ch01_34813294
chr01	39797499	SL4.0ch01_34836886
chr01	39812586	SL4.0ch01_34851429
chr01	39934223	SL4.0ch01_34947216
chr01	39937548	SL4.0ch01_34950428
chr01	42175549	SL4.0ch01_35205368
chr01	42219823	SL4.0ch01_35247592
chr01	42685264	SL4.0ch01_35667613
chr01	42759781	SL4.0ch01_35742101
chr01	42832576	SL4.0ch01_35823312
chr01	42935836	SL4.0ch01_35926809
chr01	42970910	SL4.0ch01_35961533
chr01	43012223	SL4.0ch01_36016098
chr01	43068713	SL4.0ch01_36071752
chr01	43072323	SL4.0ch01_36075362
chr01	43093128	SL4.0ch01_36098618
chr01	43151528	SL4.0ch01_36156687
chr01	43165438	SL4.0ch01_36170582
chr01	43199523	SL4.0ch01_36190535
chr01	43259588	SL4.0ch01_36252067
chr01	43283374	SL4.0ch01_36275859
chr01	43289718	SL4.0ch01_36298418
chr01	43313420	SL4.0ch01_36331425
chr01	43427314	SL4.0ch01_36414538
chr01	43533470	SL4.0ch01_36524203
chr01	43642998	SL4.0ch01_36626055
chr01	43754664	SL4.0ch01_36737563
chr01	43854780	SL4.0ch01_36841600
chr01	43890043	SL4.0ch01_36875399
chr01	43994894	SL4.0ch01_36969776
chr01	44031307	SL4.0ch01_36985370
chr01	44053134	SL4.0ch01_37007294
chr01	44078756	SL4.0ch01_37032808
chr01	44213125	SL4.0ch01_37161269
chr01	44281084	SL4.0ch01_37231137
chr01	44482705	SL4.0ch01_37288464
chr01	44633667	SL4.0ch01_37450088
chr01	44829081	SL4.0ch01_37646265
chr01	44979857	SL4.0ch01_37720141
chr01	45100706	SL4.0ch01_37827013
chr01	45143215	SL4.0ch01_37869897
chr01	45334919	SL4.0ch01_38076064
chr01	45478298	SL4.0ch01_38212051
chr01	45505655	SL4.0ch01_38241703
chr01	45648813	SL4.0ch01_38343598
chr01	45770044	SL4.0ch01_38457869
chr01	45839266	SL4.0ch01_38527039
chr01	45924689	SL4.0ch01_38612655
chr01	46078909	SL4.0ch01_38773747
chr01	46212753	SL4.0ch01_38903274
chr01	46275862	SL4.0ch01_38966754
chr01	46323000	SL4.0ch01_39014718
chr01	46433411	SL4.0ch01_39107581
chr01	46446193	SL4.0ch01_39120361
chr01	46486809	SL4.0ch01_39144235
chr01	46551982	SL4.0ch01_39191300
chr01	46840947	SL4.0ch01_39541494
chr01	46900136	SL4.0ch01_39588965
chr01	47045032	SL4.0ch01_39732726
chr01	47071382	SL4.0ch01_39751493
chr01	47273995	SL4.0ch01_39925906
chr01	47280959	SL4.0ch01_39932866
chr01	47328143	SL4.0ch01_39969253
chr01	47347537	SL4.0ch01_39988647
chr01	47375920	SL4.0ch01_40009971
chr01	47385019	SL4.0ch01_40019061
chr01	48247281	SL4.0ch01_40557469
chr01	48300340	SL4.0ch01_40585384
chr01	48481234	SL4.0ch01_40864759
chr01	48484187	SL4.0ch01_40867707
chr01	48485556	SL4.0ch01_40869075
chr01	48486673	SL4.0ch01_40870837
chr01	48543400	SL4.0ch01_40927519
chr01	48755143	SL4.0ch01_41100103
chr01	48850907	SL4.0ch01_41188465
chr01	48913578	SL4.0ch01_41238771
chr01	49210560	SL4.0ch01_41274366
chr01	49341296	SL4.0ch01_41404358
chr01	49443789	SL4.0ch01_41516196
chr01	49510946	SL4.0ch01_41583589
chr01	49546438	SL4.0ch01_41619018
chr01	49547411	SL4.0ch01_41619991
chr01	49650105	SL4.0ch01_41721231
chr01	49737742	SL4.0ch01_41811866
chr01	49918735	SL4.0ch01_41988165
chr01	50442610	SL4.0ch01_42060455
chr01	50503162	SL4.0ch01_42091553
chr01	50559982	SL4.0ch01_42159192
chr01	50601715	SL4.0ch01_42200518
chr01	50667388	SL4.0ch01_42266324
chr01	50721943	SL4.0ch01_34968586
chr01	50787974	SL4.0ch01_42371471
chr01	50913918	SL4.0ch01_42652482
chr01	50982911	SL4.0ch01_42712070
chr01	51025200	SL4.0ch01_42754402
chr01	51075082	SL4.0ch01_42804245
chr01	51110752	SL4.0ch01_42861544
chr01	51227341	SL4.0ch01_43000555
chr01	51228909	SL4.0ch01_43002119
chr01	51334102	SL4.0ch01_43104943
chr01	51438161	SL4.0ch01_43328931
chr01	51462428	SL4.0ch01_43353175
chr01	51554514	SL4.0ch01_43427822
chr01	51590969	SL4.0ch01_43464323
chr01	51595483	SL4.0ch01_43468836
chr01	51607737	SL4.0ch01_43498727
chr01	51712595	SL4.0ch01_43564864
chr01	51914421	SL4.0ch01_43729351
chr01	51952726	SL4.0ch01_43767774
chr01	52078526	SL4.0ch01_43862599
chr01	52453013	SL4.0ch01_43948351
chr01	52531563	SL4.0ch01_47109131
chr01	52590555	SL4.0ch01_47050039
chr01	52594457	SL4.0ch01_47028021
chr01	52626861	SL4.0ch01_47016063
chr01	52737968	SL4.0ch01_46924307
chr01	52899896	SL4.0ch01_46803617
chr01	52956548	SL4.0ch01_46747032
chr01	53009031	SL4.0ch01_46695186
chr01	53162349	SL4.0ch01_46552316
chr01	53191195	SL4.0ch01_44783059
chr01	53284678	SL4.0ch01_44700137
chr01	53309112	SL4.0ch01_44675844
chr01	53325151	SL4.0ch01_44659860
chr01	53501501	SL4.0ch01_44434433
chr01	53599354	SL4.0ch01_44355100
chr01	53756605	SL4.0ch01_44223291
chr01	53761149	SL4.0ch01_44218863
chr01	53764891	SL4.0ch01_44215137
chr01	53766989	SL4.0ch01_44213042
chr01	53768176	SL4.0ch01_44211855
chr01	53890536	SL4.0ch01_44093369
chr01	54065303	SL4.0ch01_44052724
chr01	54200167	SL4.0ch01_47157150
chr01	54255861	SL4.0ch01_47324256
chr01	54619340	SL4.0ch01_47516291
chr01	54736797	SL4.0ch01_47625822
chr01	54911410	SL4.0ch01_47801127
chr01	55149607	SL4.0ch01_48029644
chr01	55174819	SL4.0ch01_48054840
chr01	55228868	SL4.0ch01_48227505
chr01	55299250	SL4.0ch01_48311489
chr01	55376010	SL4.0ch01_48377660
chr01	55537246	SL4.0ch01_48491811
chr01	55707187	SL4.0ch01_48640691
chr01	55727109	SL4.0ch01_48659029
chr01	55948673	SL4.0ch01_48888450
chr01	56005311	SL4.0ch01_48941107
chr01	56063027	SL4.0ch01_48997882
chr01	56202514	SL4.0ch01_49123155
chr01	56220687	SL4.0ch01_49141387
chr01	56338926	SL4.0ch01_49286071
chr01	56589539	SL4.0ch01_49569062
chr01	56646964	SL4.0ch01_49619584
chr01	56770858	SL4.0ch01_49742994
chr01	56829287	SL4.0ch01_49801260
chr01	56922338	SL4.0ch01_49882432
chr01	56961192	SL4.0ch01_49921432
chr01	56998060	SL4.0ch01_49958001
chr01	57019567	SL4.0ch01_50002463
chr01	57163784	SL4.0ch01_50158131
chr01	57211548	SL4.0ch01_50205920
chr01	57252165	SL4.0ch01_50246470
chr01	57329365	SL4.0ch01_50323675
chr01	57537127	SL4.0ch01_50519434
chr01	57611580	SL4.0ch01_50593075
chr01	57715893	SL4.0ch01_50698498
chr01	57732100	SL4.0ch01_50714732
chr01	57733464	SL4.0ch01_50716095
chr01	57742594	SL4.0ch01_50725286
chr01	57838770	SL4.0ch01_50869603
chr01	57843846	SL4.0ch01_50874588
chr01	57935192	SL4.0ch01_50966440
chr01	57958902	SL4.0ch01_50990142
chr01	57964359	SL4.0ch01_50995601
chr01	58042537	SL4.0ch01_51074022
chr01	58068226	SL4.0ch01_51099739
chr01	58171388	SL4.0ch01_51203857
chr01	58433354	SL4.0ch01_51438217
chr01	58541819	SL4.0ch01_51546554
chr01	58621636	SL4.0ch01_51624897
chr01	58714481	SL4.0ch01_51753639
chr01	58793873	SL4.0ch01_51846727
chr01	58919931	SL4.0ch01_51977733
chr01	59012650	SL4.0ch01_52070177
chr01	59058800	SL4.0ch01_52116312
chr01	59413485	SL4.0ch01_52452537
chr01	59584665	SL4.0ch01_52623698
chr01	59742854	SL4.0ch01_52768681
chr01	59841848	SL4.0ch01_52869122
chr01	59865032	SL4.0ch01_52892344
chr01	59952831	SL4.0ch01_52980068
chr01	60053768	SL4.0ch01_53081394
chr01	60069344	SL4.0ch01_53097016
chr01	60139808	SL4.0ch01_53167427
chr01	60333674	SL4.0ch01_53354258
chr01	60394805	SL4.0ch01_53415247
chr01	60398507	SL4.0ch01_53418946
chr01	60505902	SL4.0ch01_53522992
chr01	60522820	SL4.0ch01_53539885
chr01	60531581	SL4.0ch01_53548638
chr01	60553622	SL4.0ch01_53570670
chr01	60573147	SL4.0ch01_53590209
chr01	60577760	SL4.0ch01_53604734
chr01	60589621	SL4.0ch01_53616648
chr01	60689853	SL4.0ch01_53716285
chr01	60851022	SL4.0ch01_53877063
chr01	60932977	SL4.0ch01_53959042
chr01	60956385	SL4.0ch01_53982426
chr01	61117207	SL4.0ch01_54149550
chr01	61209787	SL4.0ch01_54251413
chr01	61278768	SL4.0ch01_54309385
chr01	61339287	SL4.0ch01_54370370
chr01	61501161	SL4.0ch01_54531767
chr01	61684305	SL4.0ch01_54713795
chr01	61779187	SL4.0ch01_54806425
chr01	61789514	SL4.0ch01_54816730
chr01	61944559	SL4.0ch01_54969462
chr01	62102463	SL4.0ch01_55126627
chr01	62196554	SL4.0ch01_55220577
chr01	62219267	SL4.0ch01_55243290
chr01	62911006	SL4.0ch01_55803704
chr01	62912528	SL4.0ch01_55805226
chr01	62914675	SL4.0ch01_55807374
chr01	63028242	SL4.0ch01_55926186
chr01	63154088	SL4.0ch01_56052225
chr01	63181957	SL4.0ch01_56080079
chr01	63259900	SL4.0ch01_56159522
chr01	63370707	SL4.0ch01_56269791
chr01	63378660	SL4.0ch01_56277762
chr01	63531139	SL4.0ch01_56401109
chr01	63672088	SL4.0ch01_56372820
chr01	63818808	SL4.0ch01_56489179
chr01	63898174	SL4.0ch01_56568458
chr01	64042538	SL4.0ch01_56712437
chr01	64135868	SL4.0ch01_56797207
chr01	64244880	SL4.0ch01_56905200
chr01	64288120	SL4.0ch01_56948400
chr01	64436377	SL4.0ch01_57096728
chr01	64481130	SL4.0ch01_57140055
chr01	64593234	SL4.0ch01_57251744
chr01	64594437	SL4.0ch01_57252947
chr01	64608087	SL4.0ch01_57266585
chr01	64631347	SL4.0ch01_57285208
chr01	64649049	SL4.0ch01_57302915
chr01	64715226	SL4.0ch01_57368871
chr01	64715322	SL4.0ch01_57368967
chr01	64890096	SL4.0ch01_57495085
chr01	64961917	SL4.0ch01_57566820
chr01	65017966	SL4.0ch01_57619665
chr01	65103700	SL4.0ch01_57705460
chr01	65247901	SL4.0ch01_57850425
chr01	65250773	SL4.0ch01_57853131
chr01	65279227	SL4.0ch01_57881591
chr01	65415411	SL4.0ch01_58025769
chr01	65493984	SL4.0ch01_58104324
chr01	65532294	SL4.0ch01_58142546
chr01	65558057	SL4.0ch01_58168320
chr01	65619033	SL4.0ch01_58231011
chr01	65643147	SL4.0ch01_58255187
chr01	65701704	SL4.0ch01_58313984
chr01	65771055	SL4.0ch01_58388295
chr01	65831149	SL4.0ch01_58441136
chr01	65977289	SL4.0ch01_58587108
chr01	66081724	SL4.0ch01_58686346
chr01	66094629	SL4.0ch01_58699203
chr01	66228418	SL4.0ch01_58830034
chr01	66333562	SL4.0ch01_58934831
chr01	66416779	SL4.0ch01_59009996
chr01	66488140	SL4.0ch01_59080151
chr01	66506818	SL4.0ch01_59098827
chr01	66600808	SL4.0ch01_59192427
chr01	66629651	SL4.0ch01_59205805
chr01	66853488	SL4.0ch01_59429420
chr01	66893288	SL4.0ch01_59501953
chr01	66904902	SL4.0ch01_59515123
chr01	66976509	SL4.0ch01_59580699
chr01	67034863	SL4.0ch01_59625868
chr01	67152085	SL4.0ch01_59743137
chr01	67220062	SL4.0ch01_59810983
chr01	67268472	SL4.0ch01_59859206
chr01	67416123	SL4.0ch01_60008664
chr01	67455875	SL4.0ch01_60048230
chr01	67590565	SL4.0ch01_60146564
chr01	67633950	SL4.0ch01_60189824
chr01	67785441	SL4.0ch01_60347686
chr01	67866619	SL4.0ch01_60429077
chr01	67912434	SL4.0ch01_60474922
chr01	67968227	SL4.0ch01_60515932
chr01	68005998	SL4.0ch01_60553732
chr01	68026789	SL4.0ch01_60574510
chr01	68116293	SL4.0ch01_60659679
chr01	68189430	SL4.0ch01_60727258
chr01	68223594	SL4.0ch01_60761376
chr01	68227306	SL4.0ch01_60765068
chr01	68230831	SL4.0ch01_60768593
chr01	68310561	SL4.0ch01_60845668
chr01	68477815	SL4.0ch01_61072645
chr01	68619648	SL4.0ch01_61212302
chr01	68653113	SL4.0ch01_61244301
chr01	68704180	SL4.0ch01_61295370
chr01	68942645	SL4.0ch01_61579234
chr01	69070994	SL4.0ch01_61708315
chr01	69186548	SL4.0ch01_61834847
chr01	69288576	SL4.0ch01_61937867
chr01	69358059	SL4.0ch01_61999585
chr01	69372607	SL4.0ch01_62014144
chr01	69447935	SL4.0ch01_62089840
chr01	69479002	SL4.0ch01_62126026
chr01	69496318	SL4.0ch01_62143401
chr01	69517416	SL4.0ch01_62164218
chr01	69538746	SL4.0ch01_62185680
chr01	69633203	SL4.0ch01_62271597
chr01	69639418	SL4.0ch01_62277806
chr01	69657827	SL4.0ch01_62296207
chr01	69699835	SL4.0ch01_62338244
chr01	69738495	SL4.0ch01_62376848
chr01	69810503	SL4.0ch01_62449417
chr01	69842558	SL4.0ch01_62481410
chr01	69859809	SL4.0ch01_62498772
chr01	70003549	SL4.0ch01_62639814
chr01	70135601	SL4.0ch01_62771163
chr01	70219179	SL4.0ch01_62854197
chr01	70283726	SL4.0ch01_62918710
chr01	70378675	SL4.0ch01_63022077
chr01	70431515	SL4.0ch01_63074916
chr01	70529355	SL4.0ch01_63173347
chr01	70554673	SL4.0ch01_63198608
chr01	70711648	SL4.0ch01_63327277
chr01	70728433	SL4.0ch01_63344066
chr01	71166298	SL4.0ch01_63765381
chr01	71229141	SL4.0ch01_63834243
chr01	71525833	SL4.0ch01_64118385
chr01	71620475	SL4.0ch01_64212298
chr01	71750912	SL4.0ch01_64325801
chr01	71887868	SL4.0ch01_64462663
chr01	71913318	SL4.0ch01_64492576
chr01	71928214	SL4.0ch01_64507141
chr01	71935809	SL4.0ch01_64514782
chr01	71972243	SL4.0ch01_64551125
chr01	72038395	SL4.0ch01_64617633
chr01	72076060	SL4.0ch01_64654344
chr01	72077447	SL4.0ch01_64655748
chr01	72113925	SL4.0ch01_64700315
chr01	72309713	SL4.0ch01_64892472
chr01	72437879	SL4.0ch01_65009215
chr01	72458912	SL4.0ch01_65030170
chr01	72465659	SL4.0ch01_65036920
chr01	72544625	SL4.0ch01_65117508
chr01	72641434	SL4.0ch01_65216346
chr01	72695230	SL4.0ch01_65270202
chr01	72744967	SL4.0ch01_65319945
chr01	72748690	SL4.0ch01_65323668
chr01	72767698	SL4.0ch01_65342104
chr01	72911649	SL4.0ch01_65486206
chr01	72916615	SL4.0ch01_65491179
chr01	72925201	SL4.0ch01_65499727
chr01	72972384	SL4.0ch01_65546964
chr01	73137940	SL4.0ch01_65716970
chr01	73176527	SL4.0ch01_65755595
chr01	73359346	SL4.0ch01_65950658
chr01	73469168	SL4.0ch01_66059782
chr01	73646183	SL4.0ch01_66244090
chr01	73804099	SL4.0ch01_66412711
chr01	73897478	SL4.0ch01_66506240
chr01	73945522	SL4.0ch01_66555039
chr01	74012910	SL4.0ch01_66625995
chr01	74066685	SL4.0ch01_66679661
chr01	74104324	SL4.0ch01_66717380
chr01	74178263	SL4.0ch01_66791724
chr01	74305232	SL4.0ch01_66903222
chr01	74448803	SL4.0ch01_67057995
chr01	74623686	SL4.0ch01_67261196
chr01	74716742	SL4.0ch01_67355827
chr01	74830517	SL4.0ch01_67462589
chr01	74833474	SL4.0ch01_67465559
chr01	74854995	SL4.0ch01_67486997
chr01	74892038	SL4.0ch01_67533800
chr01	74942679	SL4.0ch01_67588442
chr01	74944151	SL4.0ch01_67589976
chr01	74974727	SL4.0ch01_67620229
chr01	74975604	SL4.0ch01_67621105
chr01	74994816	SL4.0ch01_67640307
chr01	75025784	SL4.0ch01_67671388
chr01	75045234	SL4.0ch01_67697875
chr01	75159327	SL4.0ch01_67806597
chr01	75177022	SL4.0ch01_67823201
chr01	75187710	SL4.0ch01_67831959
chr01	75233940	SL4.0ch01_67890460
chr01	75234849	SL4.0ch01_67891398
chr01	75273985	SL4.0ch01_67941386
chr01	75289081	SL4.0ch01_67956471
chr01	75349740	SL4.0ch01_68017276
chr01	75361664	SL4.0ch01_68029202
chr01	75391370	SL4.0ch01_68058994
chr01	75420029	SL4.0ch01_68087487
chr01	75420381	SL4.0ch01_68087839
chr01	75440610	SL4.0ch01_68107973
chr01	75456762	SL4.0ch01_68123302
chr01	75471635	SL4.0ch01_68138141
chr01	75479211	SL4.0ch01_68145718
chr01	75480401	SL4.0ch01_68146908
chr01	75538274	SL4.0ch01_68211964
chr01	75590931	SL4.0ch01_68265047
chr01	75616097	SL4.0ch01_68281972
chr01	75658134	SL4.0ch01_68324598
chr01	75662779	SL4.0ch01_68329176
chr01	75680777	SL4.0ch01_68347169
chr01	75686912	SL4.0ch01_68353423
chr01	75689094	SL4.0ch01_68355922
chr01	75717535	SL4.0ch01_68384387
chr01	75763750	SL4.0ch01_68433739
chr01	75815915	SL4.0ch01_68490861
chr01	75830765	SL4.0ch01_68507292
chr01	75858594	SL4.0ch01_68533662
chr01	75903939	SL4.0ch01_68578228
chr01	75933250	SL4.0ch01_68607711
chr01	75948016	SL4.0ch01_68622445
chr01	75964968	SL4.0ch01_68642416
chr01	75977751	SL4.0ch01_68655216
chr01	75985460	SL4.0ch01_68662907
chr01	75987208	SL4.0ch01_68664655
chr01	76010443	SL4.0ch01_68687898
chr01	76028786	SL4.0ch01_68706259
chr01	76041722	SL4.0ch01_68719225
chr01	76086031	SL4.0ch01_68810932
chr01	76094338	SL4.0ch01_68823722
chr01	76137590	SL4.0ch01_68866794
chr01	76230585	SL4.0ch01_68954232
chr01	76261230	SL4.0ch01_68985142
chr01	76269258	SL4.0ch01_68993108
chr01	76279440	SL4.0ch01_69003273
chr01	76283666	SL4.0ch01_69007170
chr01	76288108	SL4.0ch01_69011639
chr01	76292324	SL4.0ch01_69015858
chr01	76314090	SL4.0ch01_69037198
chr01	76319161	SL4.0ch01_69042277
chr01	76345137	SL4.0ch01_69068249
chr01	76366391	SL4.0ch01_69089528
chr01	76427761	SL4.0ch01_69154085
chr01	76495278	SL4.0ch01_69221587
chr01	76575638	SL4.0ch01_69299411
chr01	76597871	SL4.0ch01_69320416
chr01	76610419	SL4.0ch01_69333771
chr01	76621060	SL4.0ch01_69344395
chr01	76644609	SL4.0ch01_69368033
chr01	76695845	SL4.0ch01_69420082
chr01	76714814	SL4.0ch01_69438439
chr01	76718498	SL4.0ch01_69442101
chr01	76758231	SL4.0ch01_69482743
chr01	76797116	SL4.0ch01_69529692
chr01	76809626	SL4.0ch01_69542202
chr01	76862576	SL4.0ch01_69594170
chr01	76925651	SL4.0ch01_69635660
chr01	76956939	SL4.0ch01_69662300
chr01	76968112	SL4.0ch01_69673453
chr01	76992004	SL4.0ch01_69697522
chr01	76993615	SL4.0ch01_69699117
chr01	76997213	SL4.0ch01_69702722
chr01	77020865	SL4.0ch01_69726366
chr01	77037695	SL4.0ch01_69741267
chr01	77049186	SL4.0ch01_69752747
chr01	77055187	SL4.0ch01_69758738
chr01	77064455	SL4.0ch01_69768046
chr01	77114873	SL4.0ch01_69810298
chr01	77115394	SL4.0ch01_69810871
chr01	77131735	SL4.0ch01_69822529
chr01	77167700	SL4.0ch01_69859121
chr01	77176361	SL4.0ch01_69867594
chr01	77211454	SL4.0ch01_69902653
chr01	77264086	SL4.0ch01_69932913
chr01	77276917	SL4.0ch01_69945751
chr01	77305653	SL4.0ch01_69973352
chr01	77320904	SL4.0ch01_69988106
chr01	77359452	SL4.0ch01_70029639
chr01	77376772	SL4.0ch01_70046803
chr01	77376977	SL4.0ch01_70047008
chr01	77386502	SL4.0ch01_70056519
chr01	77390290	SL4.0ch01_70060306
chr01	77397774	SL4.0ch01_70067806
chr01	77410474	SL4.0ch01_70080525
chr01	77414063	SL4.0ch01_70084175
chr01	77429772	SL4.0ch01_70099835
chr01	77443423	SL4.0ch01_70113512
chr01	77459180	SL4.0ch01_70130911
chr01	77479186	SL4.0ch01_70150243
chr01	77515537	SL4.0ch01_70187630
chr01	77544387	SL4.0ch01_70216409
chr01	77622045	SL4.0ch01_70294190
chr01	77662328	SL4.0ch01_70334120
chr01	77704507	SL4.0ch01_70376434
chr01	77708971	SL4.0ch01_70380893
chr01	77712351	SL4.0ch01_70384242
chr01	77720165	SL4.0ch01_70392263
chr01	77763679	SL4.0ch01_70428506
chr01	77796154	SL4.0ch01_70460937
chr01	77829376	SL4.0ch01_70494177
chr01	77831323	SL4.0ch01_70496124
chr01	77845350	SL4.0ch01_70510225
chr01	77870242	SL4.0ch01_70535108
chr01	77898239	SL4.0ch01_70563110
chr01	77955739	SL4.0ch01_70613572
chr01	77979598	SL4.0ch01_70637438
chr01	77997003	SL4.0ch01_70654820
chr01	78096952	SL4.0ch01_70729545
chr01	78116101	SL4.0ch01_70749963
chr01	78123704	SL4.0ch01_70757554
chr01	78138090	SL4.0ch01_70773404
chr01	78168537	SL4.0ch01_70786615
chr01	78175516	SL4.0ch01_70793560
chr01	78201828	SL4.0ch01_70819702
chr01	78203612	SL4.0ch01_70821486
chr01	78217164	SL4.0ch01_70835281
chr01	78222612	SL4.0ch01_70840725
chr01	78263938	SL4.0ch01_70883380
chr01	78318722	SL4.0ch01_70938060
chr01	78334384	SL4.0ch01_70953677
chr01	78339681	SL4.0ch01_70958975
chr01	78353907	SL4.0ch01_70973647
chr01	78355108	SL4.0ch01_70974848
chr01	78367267	SL4.0ch01_70987000
chr01	78403172	SL4.0ch01_71023640
chr01	78420485	SL4.0ch01_71040988
chr01	78472932	SL4.0ch01_71093438
chr01	78479596	SL4.0ch01_71100108
chr01	78547813	SL4.0ch01_71168167
chr01	78557594	SL4.0ch01_71178177
chr01	78570336	SL4.0ch01_71190148
chr01	78576683	SL4.0ch01_71196687
chr01	78579652	SL4.0ch01_71199696
chr01	78602924	SL4.0ch01_71222451
chr01	78604267	SL4.0ch01_71223833
chr01	78618041	SL4.0ch01_71237603
chr01	78642795	SL4.0ch01_71253633
chr01	78642923	SL4.0ch01_71253761
chr01	78662283	SL4.0ch01_71273158
chr01	78704082	SL4.0ch01_71314936
chr01	78715010	SL4.0ch01_71325815
chr01	78726475	SL4.0ch01_71337271
chr01	78747136	SL4.0ch01_71357992
chr01	78804180	SL4.0ch01_71414730
chr01	78841668	SL4.0ch01_71468241
chr01	78870495	SL4.0ch01_71497742
chr01	78870914	SL4.0ch01_71498161
chr01	78890785	SL4.0ch01_71517970
chr01	78900809	SL4.0ch01_71527941
chr01	78913379	SL4.0ch01_71540550
chr01	78921041	SL4.0ch01_71548251
chr01	78921842	SL4.0ch01_71549052
chr01	78970511	SL4.0ch01_71597521
chr01	79005537	SL4.0ch01_71632362
chr01	79010940	SL4.0ch01_71637801
chr01	79031857	SL4.0ch01_71658181
chr01	79052812	SL4.0ch01_71679495
chr01	79060107	SL4.0ch01_71686890
chr01	79075523	SL4.0ch01_71701305
chr01	79099463	SL4.0ch01_71718833
chr01	79116378	SL4.0ch01_71736475
chr01	79164685	SL4.0ch01_71785300
chr01	79180546	SL4.0ch01_71801097
chr01	79190542	SL4.0ch01_71810901
chr01	79197004	SL4.0ch01_71817320
chr01	79204602	SL4.0ch01_71824951
chr01	79212274	SL4.0ch01_71832636
chr01	79235007	SL4.0ch01_71855429
chr01	79286799	SL4.0ch01_71907121
chr01	79314820	SL4.0ch01_71935001
chr01	79366611	SL4.0ch01_71994089
chr01	79386809	SL4.0ch01_72014228
chr01	79392539	SL4.0ch01_72020042
chr01	79418259	SL4.0ch01_72045735
chr01	79426599	SL4.0ch01_72054064
chr01	79447388	SL4.0ch01_72075187
chr01	79448795	SL4.0ch01_72076592
chr01	79475256	SL4.0ch01_72103024
chr01	79496179	SL4.0ch01_72123925
chr01	79520890	SL4.0ch01_72148634
chr01	79531862	SL4.0ch01_72159693
chr01	79576215	SL4.0ch01_72205961
chr01	79587707	SL4.0ch01_72217281
chr01	79589773	SL4.0ch01_72219367
chr01	79646914	SL4.0ch01_72277662
chr01	79678080	SL4.0ch01_72308513
chr01	79694714	SL4.0ch01_72325163
chr01	79705036	SL4.0ch01_72335438
chr01	79708827	SL4.0ch01_72339229
chr01	79711417	SL4.0ch01_72341819
chr01	79753937	SL4.0ch01_72387670
chr01	79763616	SL4.0ch01_72397318
chr01	79839594	SL4.0ch01_72480065
chr01	79843945	SL4.0ch01_72475719
chr01	79852123	SL4.0ch01_72467541
chr01	79886503	SL4.0ch01_72433537
chr01	79899737	SL4.0ch01_72535497
chr01	79924656	SL4.0ch01_72561902
chr01	79953917	SL4.0ch01_72591426
chr01	79967079	SL4.0ch01_72604615
chr01	80001751	SL4.0ch01_72639129
chr01	80044100	SL4.0ch01_72681399
chr01	80129120	SL4.0ch01_72760803
chr01	80130128	SL4.0ch01_72761811
chr01	80137627	SL4.0ch01_72769262
chr01	80156674	SL4.0ch01_72788148
chr01	80162184	SL4.0ch01_72793568
chr01	80180116	SL4.0ch01_72810704
chr01	80187485	SL4.0ch01_72818029
chr01	80221363	SL4.0ch01_72852533
chr01	80224332	SL4.0ch01_72855503
chr01	80229160	SL4.0ch01_72860487
chr01	80232719	SL4.0ch01_72864052
chr01	80258863	SL4.0ch01_72890061
chr01	80274345	SL4.0ch01_72905107
chr01	80292130	SL4.0ch01_72923953
chr01	80310060	SL4.0ch01_72941920
chr01	80330109	SL4.0ch01_72961963
chr01	80413797	SL4.0ch01_73045371
chr01	80416182	SL4.0ch01_73047730
chr01	80429943	SL4.0ch01_73060652
chr01	80443081	SL4.0ch01_73073785
chr01	80480549	SL4.0ch01_73122668
chr01	80488752	SL4.0ch01_73130919
chr01	80506365	SL4.0ch01_73148512
chr01	80525732	SL4.0ch01_73169264
chr01	80571981	SL4.0ch01_73215503
chr01	80577806	SL4.0ch01_73221328
chr01	80600862	SL4.0ch01_73244388
chr01	80631727	SL4.0ch01_73275241
chr01	80641664	SL4.0ch01_73285181
chr01	80643440	SL4.0ch01_73286953
chr01	80659884	SL4.0ch01_73303246
chr01	80691261	SL4.0ch01_73334393
chr01	80692053	SL4.0ch01_73335185
chr01	80707084	SL4.0ch01_73350318
chr01	80716321	SL4.0ch01_73359645
chr01	80718335	SL4.0ch01_73371667
chr01	80739633	SL4.0ch01_73399806
chr01	80740584	SL4.0ch01_73400757
chr01	80751587	SL4.0ch01_73411976
chr01	80783043	SL4.0ch01_73459416
chr01	80793481	SL4.0ch01_73469860
chr01	80854647	SL4.0ch01_73531380
chr01	80863646	SL4.0ch01_73539917
chr01	80900145	SL4.0ch01_73575539
chr01	80953895	SL4.0ch01_73623766
chr01	80987496	SL4.0ch01_73657492
chr01	80994349	SL4.0ch01_73664376
chr01	81017967	SL4.0ch01_73687481
chr01	81037302	SL4.0ch01_73706764
chr01	81067047	SL4.0ch01_73736679
chr01	81077022	SL4.0ch01_73746770
chr01	81100281	SL4.0ch01_73769858
chr01	81128187	SL4.0ch01_73797790
chr01	81162202	SL4.0ch01_73815780
chr01	81178154	SL4.0ch01_73836046
chr01	81192886	SL4.0ch01_73849575
chr01	81214416	SL4.0ch01_73870995
chr01	81216513	SL4.0ch01_73873115
chr01	81240219	SL4.0ch01_73896859
chr01	81251410	SL4.0ch01_73908068
chr01	81261089	SL4.0ch01_73917747
chr01	81272790	SL4.0ch01_73929441
chr01	81302691	SL4.0ch01_73958508
chr01	81335322	SL4.0ch01_73999700
chr01	81364653	SL4.0ch01_74016191
chr01	81374868	SL4.0ch01_74026154
chr01	81402374	SL4.0ch01_74053669
chr01	81427675	SL4.0ch01_74078346
chr01	81457049	SL4.0ch01_74107729
chr01	81497345	SL4.0ch01_74147288
chr01	81522919	SL4.0ch01_74172768
chr01	81542766	SL4.0ch01_74192621
chr01	81594268	SL4.0ch01_74246538
chr01	81596119	SL4.0ch01_74248393
chr01	81597475	SL4.0ch01_74249764
chr01	81609448	SL4.0ch01_74261727
chr01	81610118	SL4.0ch01_74262397
chr01	81635930	SL4.0ch01_74288240
chr01	81685830	SL4.0ch01_74338377
chr01	81686264	SL4.0ch01_74338811
chr01	81700481	SL4.0ch01_74352444
chr01	81715828	SL4.0ch01_74367730
chr01	81718465	SL4.0ch01_74370395
chr01	81728230	SL4.0ch01_74376945
chr01	81755375	SL4.0ch01_74404113
chr01	81756485	SL4.0ch01_74405223
chr01	81765291	SL4.0ch01_74418748
chr01	81798148	SL4.0ch01_74452068
chr01	81816979	SL4.0ch01_74470650
chr01	81821835	SL4.0ch01_74475479
chr01	81880778	SL4.0ch01_74525387
chr01	81925114	SL4.0ch01_74569807
chr01	81976897	SL4.0ch01_74621636
chr01	82029864	SL4.0ch01_74674521
chr01	82047850	SL4.0ch01_74692518
chr01	82070275	SL4.0ch01_74714911
chr01	82078683	SL4.0ch01_74723320
chr01	82092121	SL4.0ch01_74736707
chr01	82110761	SL4.0ch01_74755343
chr01	82122528	SL4.0ch01_74767202
chr01	82147892	SL4.0ch01_74791774
chr01	82161676	SL4.0ch01_74805521
chr01	82192898	SL4.0ch01_74836113
chr01	82195898	SL4.0ch01_74839114
chr01	82195975	SL4.0ch01_74839191
chr01	82197318	SL4.0ch01_74840536
chr01	82201826	SL4.0ch01_74845086
chr01	82212631	SL4.0ch01_74855883
chr01	82269496	SL4.0ch01_74912575
chr01	82277987	SL4.0ch01_74921060
chr01	82324406	SL4.0ch01_74966670
chr01	82324975	SL4.0ch01_74967239
chr01	82327225	SL4.0ch01_74969511
chr01	82398261	SL4.0ch01_75039530
chr01	82407219	SL4.0ch01_75048268
chr01	82410008	SL4.0ch01_75051060
chr01	82419352	SL4.0ch01_75060348
chr01	82487282	SL4.0ch01_75122605
chr01	82542721	SL4.0ch01_75177933
chr01	82548543	SL4.0ch01_75183766
chr01	82558856	SL4.0ch01_75194091
chr01	82570616	SL4.0ch01_75205868
chr01	82579889	SL4.0ch01_75221302
chr01	82593295	SL4.0ch01_75234711
chr01	82600535	SL4.0ch01_75242096
chr01	82605115	SL4.0ch01_75246682
chr01	82607762	SL4.0ch01_75249332
chr01	82628776	SL4.0ch01_75270285
chr01	82647659	SL4.0ch01_75289100
chr01	82663442	SL4.0ch01_75306989
chr01	82664040	SL4.0ch01_75307557
chr01	82718453	SL4.0ch01_75360282
chr01	82771149	SL4.0ch01_75413240
chr01	82772020	SL4.0ch01_75414111
chr01	82802033	SL4.0ch01_75464561
chr01	82814787	SL4.0ch01_75477316
chr01	82820118	SL4.0ch01_75482676
chr01	82826846	SL4.0ch01_75489424
chr01	82873004	SL4.0ch01_75535378
chr01	82882297	SL4.0ch01_75544711
chr01	82913395	SL4.0ch01_75576940
chr01	82950621	SL4.0ch01_75613027
chr01	82960950	SL4.0ch01_75623418
chr01	82998920	SL4.0ch01_75661400
chr01	83008567	SL4.0ch01_75671033
chr01	83016931	SL4.0ch01_75679424
chr01	83022700	SL4.0ch01_75685158
chr01	83034467	SL4.0ch01_75696850
chr01	83044608	SL4.0ch01_75707016
chr01	83056668	SL4.0ch01_75719083
chr01	83090642	SL4.0ch01_75753078
chr01	83127790	SL4.0ch01_75790420
chr01	83177838	SL4.0ch01_75842351
chr01	83180301	SL4.0ch01_75844819
chr01	83194134	SL4.0ch01_75858639
chr01	83210184	SL4.0ch01_75873293
chr01	83245942	SL4.0ch01_75907380
chr01	83266071	SL4.0ch01_75925893
chr01	83317995	SL4.0ch01_75976682
chr01	83321339	SL4.0ch01_75980034
chr01	83323733	SL4.0ch01_75982428
chr01	83340258	SL4.0ch01_75989809
chr01	83363174	SL4.0ch01_76016538
chr01	83397890	SL4.0ch01_76050657
chr01	83443367	SL4.0ch01_76096054
chr01	83463212	SL4.0ch01_76116544
chr01	83498705	SL4.0ch01_76151977
chr01	83512117	SL4.0ch01_76165399
chr01	83516247	SL4.0ch01_76169542
chr01	83530688	SL4.0ch01_76183876
chr01	83535119	SL4.0ch01_76188376
chr01	83538202	SL4.0ch01_76191460
chr01	83554530	SL4.0ch01_76207718
chr01	83555887	SL4.0ch01_76208911
chr01	83596196	SL4.0ch01_76244242
chr01	83601839	SL4.0ch01_76249799
chr01	83603348	SL4.0ch01_76251308
chr01	83603366	SL4.0ch01_76251326
chr01	83604244	SL4.0ch01_76252204
chr01	83604809	SL4.0ch01_76252769
chr01	83611315	SL4.0ch01_76259026
chr01	83611325	SL4.0ch01_76259036
chr01	83617214	SL4.0ch01_76264911
chr01	83618574	SL4.0ch01_76266283
chr01	83682152	SL4.0ch01_76321235
chr01	83687273	SL4.0ch01_76326349
chr01	83699020	SL4.0ch01_76338024
chr01	83725779	SL4.0ch01_76366768
chr01	83764479	SL4.0ch01_76405592
chr01	83794868	SL4.0ch01_76436020
chr01	83804226	SL4.0ch01_76445378
chr01	83835747	SL4.0ch01_76498687
chr01	83858630	SL4.0ch01_76521727
chr01	83881886	SL4.0ch01_76544823
chr01	83892618	SL4.0ch01_76555494
chr01	83962345	SL4.0ch01_76626966
chr01	83963739	SL4.0ch01_76628279
chr01	83980761	SL4.0ch01_76645348
chr01	84043765	SL4.0ch01_76708404
chr01	84072878	SL4.0ch01_76751899
chr01	84094896	SL4.0ch01_76774043
chr01	84114663	SL4.0ch01_76793867
chr01	84168357	SL4.0ch01_76847509
chr01	84191713	SL4.0ch01_76865523
chr01	84229165	SL4.0ch01_76903003
chr01	84241537	SL4.0ch01_76915349
chr01	84246168	SL4.0ch01_76919977
chr01	84251976	SL4.0ch01_76925495
chr01	84303367	SL4.0ch01_76976514
chr01	84315332	SL4.0ch01_76988511
chr01	84325037	SL4.0ch01_76998877
chr01	84331386	SL4.0ch01_77005227
chr01	84342356	SL4.0ch01_77016202
chr01	84351283	SL4.0ch01_77025108
chr01	84410724	SL4.0ch01_77084636
chr01	84436614	SL4.0ch01_77111375
chr01	84453381	SL4.0ch01_77127771
chr01	84468414	SL4.0ch01_77142852
chr01	84570077	SL4.0ch01_77245169
chr01	84593504	SL4.0ch01_77266397
chr01	84614796	SL4.0ch01_77288010
chr01	84619943	SL4.0ch01_77293154
chr01	84640859	SL4.0ch01_77308010
chr01	84652805	SL4.0ch01_77319925
chr01	84680389	SL4.0ch01_77347329
chr01	84710763	SL4.0ch01_77375603
chr01	84715191	SL4.0ch01_77380025
chr01	84723544	SL4.0ch01_77388393
chr01	84728479	SL4.0ch01_77393308
chr01	84737797	SL4.0ch01_77402600
chr01	84745506	SL4.0ch01_77410290
chr01	84773996	SL4.0ch01_77438739
chr01	84776962	SL4.0ch01_77441705
chr01	84807355	SL4.0ch01_77471947
chr01	84843524	SL4.0ch01_77508187
chr01	84851027	SL4.0ch01_77518079
chr01	84892954	SL4.0ch01_77559982
chr01	84924862	SL4.0ch01_77591951
chr01	84947760	SL4.0ch01_77615978
chr01	84959184	SL4.0ch01_77627456
chr01	84969412	SL4.0ch01_77637683
chr01	84977823	SL4.0ch01_77646091
chr01	85000446	SL4.0ch01_77668420
chr01	85002171	SL4.0ch01_77670145
chr01	85009278	SL4.0ch01_77677248
chr01	85016174	SL4.0ch01_77684138
chr01	85029470	SL4.0ch01_77697428
chr01	85030780	SL4.0ch01_77698738
chr01	85041626	SL4.0ch01_77709596
chr01	85057721	SL4.0ch01_77724541
chr01	85103715	SL4.0ch01_77781366
chr01	85148232	SL4.0ch01_77809614
chr01	85159801	SL4.0ch01_77821156
chr01	85229679	SL4.0ch01_77890905
chr01	85273909	SL4.0ch01_77934997
chr01	85284195	SL4.0ch01_77945271
chr01	85314937	SL4.0ch01_77978679
chr01	85319910	SL4.0ch01_77983652
chr01	85332731	SL4.0ch01_78003013
chr01	85333205	SL4.0ch01_78003487
chr01	85350763	SL4.0ch01_78020872
chr01	85378667	SL4.0ch01_78048889
chr01	85381542	SL4.0ch01_78051735
chr01	85390524	SL4.0ch01_78060711
chr01	85407771	SL4.0ch01_78076234
chr01	85424725	SL4.0ch01_78090914
chr01	85430343	SL4.0ch01_78093803
chr01	85440639	SL4.0ch01_78104024
chr01	85469434	SL4.0ch01_78132834
chr01	85478523	SL4.0ch01_78141921
chr01	85503699	SL4.0ch01_78166692
chr01	85539227	SL4.0ch01_78202267
chr01	85551206	SL4.0ch01_78214382
chr01	85602213	SL4.0ch01_78265174
chr01	85637816	SL4.0ch01_78299946
chr01	85708954	SL4.0ch01_78370553
chr01	85722863	SL4.0ch01_78384041
chr01	85755755	SL4.0ch01_78416926
chr01	85831910	SL4.0ch01_78492820
chr01	85836018	SL4.0ch01_78496948
chr01	85838241	SL4.0ch01_78499147
chr01	85839456	SL4.0ch01_78500362
chr01	85865102	SL4.0ch01_78526007
chr01	85874747	SL4.0ch01_78535687
chr01	85909258	SL4.0ch01_78572832
chr01	85938641	SL4.0ch01_78602266
chr01	85954715	SL4.0ch01_78618290
chr01	85960063	SL4.0ch01_78623636
chr01	85971278	SL4.0ch01_78634797
chr01	85987456	SL4.0ch01_78650979
chr01	86022894	SL4.0ch01_78686432
chr01	86056123	SL4.0ch01_78716971
chr01	86071074	SL4.0ch01_78731766
chr01	86093787	SL4.0ch01_78754626
chr01	86124462	SL4.0ch01_78785296
chr01	86129731	SL4.0ch01_78790566
chr01	86137576	SL4.0ch01_78798675
chr01	86149657	SL4.0ch01_78810737
chr01	86160837	SL4.0ch01_78821917
chr01	86174101	SL4.0ch01_78835145
chr01	86185307	SL4.0ch01_78846262
chr01	86199671	SL4.0ch01_78860628
chr01	86232068	SL4.0ch01_78893281
chr01	86271644	SL4.0ch01_78934093
chr01	86278487	SL4.0ch01_78940909
chr01	86290217	SL4.0ch01_78952584
chr01	86296523	SL4.0ch01_78958890
chr01	86328351	SL4.0ch01_78990707
chr01	86365111	SL4.0ch01_79027319
chr01	86365190	SL4.0ch01_79027398
chr01	86371836	SL4.0ch01_79034055
chr01	86416053	SL4.0ch01_79078700
chr01	86438868	SL4.0ch01_79101855
chr01	86439670	SL4.0ch01_79102658
chr01	86450163	SL4.0ch01_79113389
chr01	86499965	SL4.0ch01_79163060
chr01	86581237	SL4.0ch01_79244339
chr01	86582348	SL4.0ch01_79245451
chr01	86589584	SL4.0ch01_79252701
chr01	86596397	SL4.0ch01_79253310
chr01	86608648	SL4.0ch01_79265561
chr01	86636888	SL4.0ch01_79293779
chr01	86680236	SL4.0ch01_79337107
chr01	86681972	SL4.0ch01_79339017
chr01	86725344	SL4.0ch01_79382441
chr01	86732756	SL4.0ch01_79389844
chr01	86755736	SL4.0ch01_79412927
chr01	86778570	SL4.0ch01_79435627
chr01	86797261	SL4.0ch01_79454288
chr01	86803194	SL4.0ch01_79460221
chr01	86841533	SL4.0ch01_79498522
chr01	86860144	SL4.0ch01_79517100
chr01	86879047	SL4.0ch01_79535983
chr01	86886988	SL4.0ch01_79543869
chr01	86891320	SL4.0ch01_79548184
chr01	86920458	SL4.0ch01_79577331
chr01	86944473	SL4.0ch01_79601488
chr01	86952824	SL4.0ch01_79609754
chr01	86965936	SL4.0ch01_79622925
chr01	86995805	SL4.0ch01_79652651
chr01	87005014	SL4.0ch01_79664112
chr01	87024668	SL4.0ch01_79683348
chr01	87045242	SL4.0ch01_79704085
chr01	87051610	SL4.0ch01_79710450
chr01	87068403	SL4.0ch01_79727551
chr01	87093274	SL4.0ch01_79752697
chr01	87107036	SL4.0ch01_79766441
chr01	87130068	SL4.0ch01_79789431
chr01	87145491	SL4.0ch01_79804889
chr01	87164860	SL4.0ch01_79824279
chr01	87239289	SL4.0ch01_79898488
chr01	87252502	SL4.0ch01_79911777
chr01	87258849	SL4.0ch01_79918139
chr01	87273148	SL4.0ch01_79932405
chr01	87297923	SL4.0ch01_79957202
chr01	87302931	SL4.0ch01_79962219
chr01	87360527	SL4.0ch01_80019695
chr01	87386111	SL4.0ch01_80045190
chr01	87404194	SL4.0ch01_80063206
chr01	87438298	SL4.0ch01_80097328
chr01	87444019	SL4.0ch01_80103019
chr01	87461019	SL4.0ch01_80120041
chr01	87471262	SL4.0ch01_80130273
chr01	87476647	SL4.0ch01_80135650
chr01	87483808	SL4.0ch01_80142809
chr01	87485274	SL4.0ch01_80144275
chr01	87536078	SL4.0ch01_80195102
chr01	87561893	SL4.0ch01_80220855
chr01	87595533	SL4.0ch01_80254487
chr01	87615957	SL4.0ch01_80274911
chr01	87669386	SL4.0ch01_80327788
chr01	87683550	SL4.0ch01_80341935
chr01	87683833	SL4.0ch01_80342218
chr01	87734234	SL4.0ch01_80392511
chr01	87742218	SL4.0ch01_80400454
chr01	87748585	SL4.0ch01_80406650
chr01	87750878	SL4.0ch01_80408932
chr01	87804573	SL4.0ch01_80462525
chr01	87813793	SL4.0ch01_80471665
chr01	87833623	SL4.0ch01_80491499
chr01	87841759	SL4.0ch01_80499655
chr01	87872024	SL4.0ch01_80529977
chr01	87886624	SL4.0ch01_80544568
chr01	87971981	SL4.0ch01_80631361
chr01	87987550	SL4.0ch01_80646937
chr01	88007461	SL4.0ch01_80666799
chr01	88019644	SL4.0ch01_80678983
chr01	88021981	SL4.0ch01_80681320
chr01	88053396	SL4.0ch01_80712632
chr01	88088982	SL4.0ch01_80747700
chr01	88119641	SL4.0ch01_80778215
chr01	88147038	SL4.0ch01_80805774
chr01	88162869	SL4.0ch01_80821634
chr01	88167277	SL4.0ch01_80829700
chr01	88179272	SL4.0ch01_80841743
chr01	88196804	SL4.0ch01_80859269
chr01	88203454	SL4.0ch01_80866042
chr01	88226724	SL4.0ch01_80889165
chr01	88248645	SL4.0ch01_80911023
chr01	88291074	SL4.0ch01_80954428
chr01	88306875	SL4.0ch01_80970246
chr01	88324121	SL4.0ch01_80987502
chr01	88330118	SL4.0ch01_80993498
chr01	88368961	SL4.0ch01_81032260
chr01	88413462	SL4.0ch01_81079006
chr01	88467436	SL4.0ch01_81132628
chr01	88484527	SL4.0ch01_81149707
chr01	88507800	SL4.0ch01_81172597
chr01	88522760	SL4.0ch01_81187627
chr01	88535460	SL4.0ch01_81200439
chr01	88566808	SL4.0ch01_81231153
chr01	88578776	SL4.0ch01_81243014
chr01	88585884	SL4.0ch01_81250104
chr01	88593437	SL4.0ch01_81267507
chr01	88596530	SL4.0ch01_81270619
chr01	88611781	SL4.0ch01_81285826
chr01	88623190	SL4.0ch01_81297241
chr01	88635943	SL4.0ch01_81310019
chr01	88682338	SL4.0ch01_81356248
chr01	88688089	SL4.0ch01_81361997
chr01	88700334	SL4.0ch01_81373408
chr01	88720400	SL4.0ch01_81393478
chr01	88773648	SL4.0ch01_81446936
chr01	88791725	SL4.0ch01_81465026
chr01	88797975	SL4.0ch01_81471275
chr01	88799041	SL4.0ch01_81472348
chr01	88804825	SL4.0ch01_81478109
chr01	88830422	SL4.0ch01_81503653
chr01	88858964	SL4.0ch01_81532142
chr01	88866378	SL4.0ch01_81540040
chr01	88891945	SL4.0ch01_81565598
chr01	88928114	SL4.0ch01_81594415
chr01	88957656	SL4.0ch01_81624056
chr01	88959283	SL4.0ch01_81625684
chr01	88972851	SL4.0ch01_81637381
chr01	88987704	SL4.0ch01_81652206
chr01	89069810	SL4.0ch01_81723634
chr01	89074117	SL4.0ch01_81727947
chr01	89077654	SL4.0ch01_81731479
chr01	89093087	SL4.0ch01_81746978
chr01	89095299	SL4.0ch01_81749235
chr01	89097371	SL4.0ch01_81751303
chr01	89097530	SL4.0ch01_81751462
chr01	89102487	SL4.0ch01_81756425
chr01	89142718	SL4.0ch01_81797611
chr01	89180382	SL4.0ch01_81835348
chr01	89203876	SL4.0ch01_81859010
chr01	89210340	SL4.0ch01_81868122
chr01	89261152	SL4.0ch01_81919047
chr01	89274395	SL4.0ch01_81931711
chr01	89299889	SL4.0ch01_81956431
chr01	89336731	SL4.0ch01_81991686
chr01	89359475	SL4.0ch01_82013165
chr01	89401872	SL4.0ch01_82054039
chr01	89402376	SL4.0ch01_82054543
chr01	89413168	SL4.0ch01_82068182
chr01	89450454	SL4.0ch01_82105511
chr01	89470274	SL4.0ch01_82112909
chr01	89515460	SL4.0ch01_82158079
chr01	89574580	SL4.0ch01_82217047
chr01	89582134	SL4.0ch01_82224587
chr01	89657187	SL4.0ch01_82299848
chr01	89668858	SL4.0ch01_82311506
chr01	89672492	SL4.0ch01_82315407
chr01	89681388	SL4.0ch01_82324310
chr01	89690089	SL4.0ch01_82332926
chr01	89732965	SL4.0ch01_82375618
chr01	89733749	SL4.0ch01_82376402
chr01	89734443	SL4.0ch01_82377074
chr01	89791441	SL4.0ch01_82433581
chr01	89795172	SL4.0ch01_82437206
chr01	89822403	SL4.0ch01_82464456
chr01	89830054	SL4.0ch01_82471983
chr01	89831033	SL4.0ch01_82472962
chr01	89847997	SL4.0ch01_82489311
chr01	89853951	SL4.0ch01_82495262
chr01	89859823	SL4.0ch01_82501282
chr01	89863998	SL4.0ch01_82505389
chr01	89883854	SL4.0ch01_82524286
chr01	89892674	SL4.0ch01_82533119
chr01	89907281	SL4.0ch01_82545136
chr01	89933116	SL4.0ch01_82590973
chr01	89935139	SL4.0ch01_82592995
chr01	89956633	SL4.0ch01_82614463
chr01	89973734	SL4.0ch01_82631581
chr01	90005833	SL4.0ch01_82663876
chr01	90034193	SL4.0ch01_82692565
chr01	90059880	SL4.0ch01_82718279
chr01	90081645	SL4.0ch01_82739937
chr01	90097957	SL4.0ch01_82756256
chr01	90112721	SL4.0ch01_82771015
chr01	90156899	SL4.0ch01_82815230
chr01	90175152	SL4.0ch01_82833472
chr01	90186016	SL4.0ch01_82844260
chr01	90198519	SL4.0ch01_82856737
chr01	90205037	SL4.0ch01_82863237
chr01	90219439	SL4.0ch01_82877638
chr01	90243761	SL4.0ch01_82901876
chr01	90267792	SL4.0ch01_82925857
chr01	90293040	SL4.0ch01_82962424
chr01	90331307	SL4.0ch01_83000241
chr01	90367191	SL4.0ch01_83036589
chr01	90425254	SL4.0ch01_83095537
chr01	90442154	SL4.0ch01_83112389
chr01	90454437	SL4.0ch01_83124661
chr01	90485154	SL4.0ch01_83155364
chr01	90492822	SL4.0ch01_83163014
chr01	90506047	SL4.0ch01_83176228
chr01	90544133	SL4.0ch01_83216546
chr01	90566899	SL4.0ch01_83239425
chr01	90599656	SL4.0ch01_83271680
chr01	90633540	SL4.0ch01_83305521
chr01	90637932	SL4.0ch01_83309912
chr01	90645431	SL4.0ch01_83317418
chr01	90647126	SL4.0ch01_83319112
chr01	90652202	SL4.0ch01_83324183
chr01	90657647	SL4.0ch01_83329637
chr01	90677539	SL4.0ch01_83349508
chr01	90704440	SL4.0ch01_83376217
chr01	90714618	SL4.0ch01_83386386
chr01	90731823	SL4.0ch01_83403445
chr01	90742222	SL4.0ch01_83413770
chr01	90786898	SL4.0ch01_83458558
chr01	90814117	SL4.0ch01_83485537
chr01	90830470	SL4.0ch01_83501926
chr01	90858778	SL4.0ch01_83529059
chr01	90870375	SL4.0ch01_83540497
chr01	90894283	SL4.0ch01_83564403
chr01	90958745	SL4.0ch01_83632360
chr01	91001036	SL4.0ch01_83674692
chr01	91006958	SL4.0ch01_83680477
chr01	91012387	SL4.0ch01_83685906
chr01	91025758	SL4.0ch01_83699175
chr01	91037716	SL4.0ch01_83711168
chr01	91090461	SL4.0ch01_83762185
chr01	91100534	SL4.0ch01_83772356
chr01	91118412	SL4.0ch01_83790298
chr01	91151992	SL4.0ch01_83823888
chr01	91152715	SL4.0ch01_83824611
chr01	91164834	SL4.0ch01_83836604
chr01	91171609	SL4.0ch01_83843355
chr01	91203199	SL4.0ch01_83871196
chr01	91203300	SL4.0ch01_83871297
chr01	91208347	SL4.0ch01_83877539
chr01	91215137	SL4.0ch01_83884395
chr01	91229360	SL4.0ch01_83898627
chr01	91244405	SL4.0ch01_83913691
chr01	91248843	SL4.0ch01_83918124
chr01	91325384	SL4.0ch01_83995535
chr01	91335268	SL4.0ch01_84005418
chr01	91341233	SL4.0ch01_84011344
chr01	91359711	SL4.0ch01_84029849
chr01	91371858	SL4.0ch01_84042044
chr01	91376351	SL4.0ch01_84046592
chr01	91425243	SL4.0ch01_84095442
chr01	91446205	SL4.0ch01_84116368
chr01	91459708	SL4.0ch01_84129049
chr01	91492670	SL4.0ch01_84161913
chr01	91506738	SL4.0ch01_84175977
chr01	91508910	SL4.0ch01_84178149
chr01	91509158	SL4.0ch01_84178397
chr01	91556802	SL4.0ch01_84239991
chr01	91604027	SL4.0ch01_84287363
chr01	91639575	SL4.0ch01_84323525
chr01	91661365	SL4.0ch01_84345308
chr01	91668422	SL4.0ch01_84352505
chr01	91677671	SL4.0ch01_84361760
chr01	91696837	SL4.0ch01_84380961
chr01	91724141	SL4.0ch01_84412835
chr01	91733701	SL4.0ch01_84422385
chr01	91737688	SL4.0ch01_84426370
chr01	91797740	SL4.0ch01_84485529
chr01	91801283	SL4.0ch01_84489075
chr01	91845291	SL4.0ch01_84532993
chr01	91873434	SL4.0ch01_84561138
chr01	91895650	SL4.0ch01_84583705
chr01	91905532	SL4.0ch01_84593608
chr01	91905838	SL4.0ch01_84593914
chr01	91928892	SL4.0ch01_84616992
chr01	91974203	SL4.0ch01_84656606
chr01	92009923	SL4.0ch01_84692557
chr01	92019050	SL4.0ch01_84701685
chr01	92020517	SL4.0ch01_84703152
chr01	92035901	SL4.0ch01_84718565
chr01	92087538	SL4.0ch01_84770242
chr01	92106216	SL4.0ch01_84788966
chr01	92121488	SL4.0ch01_84804259
chr01	92144449	SL4.0ch01_84827128
chr01	92156841	SL4.0ch01_84839378
chr01	92167939	SL4.0ch01_84850450
chr01	92229870	SL4.0ch01_84907881
chr01	92232574	SL4.0ch01_84910577
chr01	92235830	SL4.0ch01_84913859
chr01	92264398	SL4.0ch01_84942380
chr01	92276343	SL4.0ch01_84954284
chr01	92301416	SL4.0ch01_84979634
chr01	92321677	SL4.0ch01_84999858
chr01	92331392	SL4.0ch01_85009568
chr01	92372195	SL4.0ch01_85050411
chr01	92385585	SL4.0ch01_85063795
chr01	92401274	SL4.0ch01_85079947
chr01	92493323	SL4.0ch01_85172658
chr01	92496657	SL4.0ch01_85176905
chr01	92540413	SL4.0ch01_85220351
chr01	92582654	SL4.0ch01_85262468
chr01	92609968	SL4.0ch01_85289767
chr01	92617979	SL4.0ch01_85297778
chr01	92648765	SL4.0ch01_85327903
chr01	92649630	SL4.0ch01_85328756
chr01	92657712	SL4.0ch01_85336829
chr01	92667148	SL4.0ch01_85346265
chr01	92679736	SL4.0ch01_85358940
chr01	92690045	SL4.0ch01_85369219
chr01	92690599	SL4.0ch01_85369773
chr01	92716483	SL4.0ch01_85395269
chr01	92752884	SL4.0ch01_85431248
chr01	92752954	SL4.0ch01_85431318
chr01	92756793	SL4.0ch01_85435219
chr01	92792435	SL4.0ch01_85470901
chr01	92795877	SL4.0ch01_85474343
chr01	92820683	SL4.0ch01_85499203
chr01	92831599	SL4.0ch01_85510116
chr01	92836402	SL4.0ch01_85514922
chr01	92884380	SL4.0ch01_85562879
chr01	92891000	SL4.0ch01_85569499
chr01	92899829	SL4.0ch01_85578273
chr01	92938827	SL4.0ch01_85616878
chr01	92950218	SL4.0ch01_85628270
chr01	92988013	SL4.0ch01_85666143
chr01	92991865	SL4.0ch01_85669957
chr01	93029652	SL4.0ch01_85710872
chr01	93055154	SL4.0ch01_85736431
chr01	93111249	SL4.0ch01_85792557
chr01	93131484	SL4.0ch01_85818798
chr01	93170486	SL4.0ch01_85857882
chr01	93179023	SL4.0ch01_85866485
chr01	93194069	SL4.0ch01_85880175
chr01	93203558	SL4.0ch01_85889704
chr01	93229541	SL4.0ch01_85915324
chr01	93241337	SL4.0ch01_85927103
chr01	93250261	SL4.0ch01_85935852
chr01	93255265	SL4.0ch01_85940856
chr01	93276769	SL4.0ch01_85961298
chr01	93295162	SL4.0ch01_85979689
chr01	93315268	SL4.0ch01_85999809
chr01	93323217	SL4.0ch01_86007783
chr01	93326692	SL4.0ch01_86011259
chr01	93334639	SL4.0ch01_86019199
chr01	93344427	SL4.0ch01_86029046
chr01	93375333	SL4.0ch01_86062036
chr01	93415777	SL4.0ch01_86102738
chr01	93416404	SL4.0ch01_86103365
chr01	93419845	SL4.0ch01_86106758
chr01	93424814	SL4.0ch01_86111726
chr01	93448218	SL4.0ch01_86130320
chr01	93473324	SL4.0ch01_86155324
chr01	93481627	SL4.0ch01_86163626
chr01	93518273	SL4.0ch01_86208665
chr01	93561224	SL4.0ch01_86291918
chr01	93577640	SL4.0ch01_86308334
chr01	93581115	SL4.0ch01_86311810
chr01	93587562	SL4.0ch01_86318257
chr01	93598475	SL4.0ch01_86329185
chr01	93603533	SL4.0ch01_86334268
chr01	93636114	SL4.0ch01_86366833
chr01	93661854	SL4.0ch01_86394971
chr01	93673958	SL4.0ch01_86412054
chr01	93688124	SL4.0ch01_86428511
chr01	93688411	SL4.0ch01_86428798
chr01	93732667	SL4.0ch01_86476046
chr01	93829481	SL4.0ch01_86542836
chr01	93854332	SL4.0ch01_86571460
chr01	93861612	SL4.0ch01_86578754
chr01	93884838	SL4.0ch01_86600380
chr01	93892790	SL4.0ch01_86608285
chr01	93930055	SL4.0ch01_86641965
chr01	93947435	SL4.0ch01_86658949
chr01	93967153	SL4.0ch01_86678450
chr01	94012763	SL4.0ch01_86723990
chr01	94029155	SL4.0ch01_86740820
chr01	94060507	SL4.0ch01_86771363
chr01	94067056	SL4.0ch01_86777893
chr01	94083259	SL4.0ch01_86793689
chr01	94090357	SL4.0ch01_86800376
chr01	94138106	SL4.0ch01_86848682
chr01	94149674	SL4.0ch01_86860242
chr01	94164952	SL4.0ch01_86875529
chr01	94167163	SL4.0ch01_86877740
chr01	94171910	SL4.0ch01_86882487
chr01	94190129	SL4.0ch01_86900714
chr01	94222646	SL4.0ch01_86933411
chr01	94239405	SL4.0ch01_86950135
chr01	94272108	SL4.0ch01_86982912
chr01	94276459	SL4.0ch01_86987190
chr01	94310694	SL4.0ch01_87021079
chr01	94322066	SL4.0ch01_87032539
chr01	94384829	SL4.0ch01_87093711
chr01	94401824	SL4.0ch01_87110931
chr01	94439691	SL4.0ch01_87149447
chr01	94458111	SL4.0ch01_87167964
chr01	94489656	SL4.0ch01_87199513
chr01	94503477	SL4.0ch01_87213317
chr01	94557089	SL4.0ch01_87267233
chr01	94557773	SL4.0ch01_87267876
chr01	94571329	SL4.0ch01_87280073
chr01	94599792	SL4.0ch01_87306921
chr01	94614940	SL4.0ch01_87321960
chr01	94685359	SL4.0ch01_87387991
chr01	94691203	SL4.0ch01_87393837
chr01	94701689	SL4.0ch01_87404442
chr01	94729439	SL4.0ch01_87432174
chr01	94736397	SL4.0ch01_87439189
chr01	94739807	SL4.0ch01_87442599
chr01	94753612	SL4.0ch01_87456377
chr01	94761047	SL4.0ch01_87463773
chr01	94770373	SL4.0ch01_87471964
chr01	94775803	SL4.0ch01_87477406
chr01	94776124	SL4.0ch01_87477727
chr01	94792070	SL4.0ch01_87490319
chr01	94799630	SL4.0ch01_87497926
chr01	94838800	SL4.0ch01_87537180
chr01	94851143	SL4.0ch01_87555077
chr01	94886383	SL4.0ch01_87590052
chr01	94899962	SL4.0ch01_87603751
chr01	94900403	SL4.0ch01_87604197
chr01	94916095	SL4.0ch01_87619963
chr01	94925256	SL4.0ch01_87628354
chr01	94948854	SL4.0ch01_87651907
chr01	94961996	SL4.0ch01_87665009
chr01	94995362	SL4.0ch01_87698382
chr01	94999727	SL4.0ch01_87702728
chr01	95011201	SL4.0ch01_87714189
chr01	95037826	SL4.0ch01_87740942
chr01	95088793	SL4.0ch01_87790213
chr01	95136130	SL4.0ch01_87837416
chr01	95159379	SL4.0ch01_87860640
chr01	95179184	SL4.0ch01_87880738
chr01	95197559	SL4.0ch01_87899101
chr01	95233895	SL4.0ch01_87935265
chr01	95235975	SL4.0ch01_87937335
chr01	95236798	SL4.0ch01_87938156
chr01	95252144	SL4.0ch01_87954810
chr01	95269135	SL4.0ch01_87972097
chr01	95287657	SL4.0ch01_87989275
chr01	95308950	SL4.0ch01_88005795
chr01	95328625	SL4.0ch01_88047211
chr01	95330571	SL4.0ch01_88049159
chr01	95342010	SL4.0ch01_88060542
chr01	95357899	SL4.0ch01_88076136
chr01	95380598	SL4.0ch01_88098918
chr01	95402328	SL4.0ch01_88111467
chr01	95420498	SL4.0ch01_88132842
chr01	95432344	SL4.0ch01_88154442
chr01	95441630	SL4.0ch01_88163723
chr01	95462242	SL4.0ch01_88179849
chr01	95503935	SL4.0ch01_88221463
chr01	95531221	SL4.0ch01_88248225
chr01	95535326	SL4.0ch01_88250831
chr01	95546627	SL4.0ch01_88262102
chr01	95552407	SL4.0ch01_88267882
chr01	95555648	SL4.0ch01_88271861
chr01	95601860	SL4.0ch01_88331386
chr01	95614263	SL4.0ch01_88343809
chr01	95639781	SL4.0ch01_88367428
chr01	95649605	SL4.0ch01_88377272
chr01	95660938	SL4.0ch01_88388549
chr01	95682771	SL4.0ch01_88410309
chr01	95746359	SL4.0ch01_88471602
chr01	95770434	SL4.0ch01_88490315
chr01	95778437	SL4.0ch01_88498475
chr01	95835499	SL4.0ch01_88537942
chr01	95835894	SL4.0ch01_88538337
chr01	95836325	SL4.0ch01_88538768
chr01	95859297	SL4.0ch01_88561886
chr01	95859548	SL4.0ch01_88562137
chr01	95864455	SL4.0ch01_88567033
chr01	95869028	SL4.0ch01_88571620
chr01	95915403	SL4.0ch01_88619629
chr01	95918710	SL4.0ch01_88622924
chr01	95931413	SL4.0ch01_88635612
chr01	95938688	SL4.0ch01_88642864
chr01	95939535	SL4.0ch01_88643711
chr01	95963167	SL4.0ch01_88667409
chr01	96044223	SL4.0ch01_88748811
chr01	96095326	SL4.0ch01_88798641
chr01	96095913	SL4.0ch01_88799204
chr01	96112389	SL4.0ch01_88815687
chr01	96134595	SL4.0ch01_88837696
chr01	96150041	SL4.0ch01_88853069
chr01	96261903	SL4.0ch01_88940266
chr01	96299318	SL4.0ch01_88977728
chr01	96300183	SL4.0ch01_88978593
chr01	96329634	SL4.0ch01_89007805
chr01	96358056	SL4.0ch01_89036274
chr01	96368845	SL4.0ch01_89047046
chr01	96389609	SL4.0ch01_89067828
chr01	96425423	SL4.0ch01_89103504
chr01	96442393	SL4.0ch01_89120702
chr01	96479766	SL4.0ch01_89152301
chr01	96551285	SL4.0ch01_89222641
chr01	96555262	SL4.0ch01_89226574
chr01	96560445	SL4.0ch01_89231761
chr01	96571132	SL4.0ch01_89242436
chr01	96583164	SL4.0ch01_89254515
chr01	96592902	SL4.0ch01_89264508
chr01	96606922	SL4.0ch01_89278699
chr01	96621569	SL4.0ch01_89292979
chr01	96670854	SL4.0ch01_89342118
chr01	96698056	SL4.0ch01_89375363
chr01	96721061	SL4.0ch01_89399459
chr01	96734539	SL4.0ch01_89413171
chr01	96739106	SL4.0ch01_89417739
chr01	96756014	SL4.0ch01_89434609
chr01	96771889	SL4.0ch01_89450533
chr01	96810691	SL4.0ch01_89492576
chr01	96819962	SL4.0ch01_89501905
chr01	96837770	SL4.0ch01_89525632
chr01	96844493	SL4.0ch01_89532410
chr01	96885450	SL4.0ch01_89573780
chr01	96914420	SL4.0ch01_89603611
chr01	96923426	SL4.0ch01_89612610
chr01	97009896	SL4.0ch01_89698958
chr01	97034487	SL4.0ch01_89723344
chr01	97051249	SL4.0ch01_89740273
chr01	97060061	SL4.0ch01_89749137
chr01	97061108	SL4.0ch01_89750184
chr01	97061273	SL4.0ch01_89750349
chr01	97061518	SL4.0ch01_89750594
chr01	97064387	SL4.0ch01_89753450
chr01	97065485	SL4.0ch01_89754548
chr01	97065978	SL4.0ch01_89755041
chr01	97083439	SL4.0ch01_89772521
chr01	97094315	SL4.0ch01_89783365
chr01	97106088	SL4.0ch01_89804552
chr01	97118589	SL4.0ch01_89817027
chr01	97118749	SL4.0ch01_89817187
chr01	97167660	SL4.0ch01_89864451
chr01	97205539	SL4.0ch01_89902190
chr01	97205999	SL4.0ch01_89902650
chr01	97276025	SL4.0ch01_89972307
chr01	97304145	SL4.0ch01_90000615
chr01	97330160	SL4.0ch01_90026869
chr01	97340675	SL4.0ch01_90033889
chr01	97341263	SL4.0ch01_90034477
chr01	97353757	SL4.0ch01_90047037
chr01	97355781	SL4.0ch01_90049061
chr01	97404169	SL4.0ch01_90099501
chr01	97407213	SL4.0ch01_90102545
chr01	97435160	SL4.0ch01_90130571
chr01	97435721	SL4.0ch01_90131132
chr01	97460477	SL4.0ch01_90155835
chr01	97467036	SL4.0ch01_90162384
chr01	97498876	SL4.0ch01_90194079
chr01	97509833	SL4.0ch01_90205062
chr01	97512623	SL4.0ch01_90207849
chr01	97535472	SL4.0ch01_90230755
chr01	97559217	SL4.0ch01_90254478
chr01	97606350	SL4.0ch01_90301037
chr01	97610930	SL4.0ch01_90305668
chr01	97666167	SL4.0ch01_90359094
chr01	97722383	SL4.0ch01_90415583
chr01	97731932	SL4.0ch01_90425151
chr01	97732816	SL4.0ch01_90426035
chr01	97763231	SL4.0ch01_90459258
chr01	97818132	SL4.0ch01_90516575
chr01	97823346	SL4.0ch01_90521789
chr01	97823912	SL4.0ch01_90522361
chr01	97831327	SL4.0ch01_90529813
chr01	97834655	SL4.0ch01_90533157
chr01	97845394	SL4.0ch01_90543962
chr01	97855502	SL4.0ch01_90554080
chr01	97856449	SL4.0ch01_90555027
chr01	97876743	SL4.0ch01_90575313
chr01	97879446	SL4.0ch01_90578016
chr01	97911793	SL4.0ch01_90610336
chr01	97926293	SL4.0ch01_90624849
chr01	97937937	SL4.0ch01_90636825
chr01	98004787	SL4.0ch01_90689158
chr01	98030099	SL4.0ch01_90704810
chr01	98046159	SL4.0ch01_90719324
chr01	98101403	SL4.0ch01_90763319
chr02	65951	SL4.0ch02_16655
chr02	84382	SL4.0ch02_34751
chr02	168513	SL4.0ch02_127000
chr02	197735	SL4.0ch02_156222
chr02	319294	SL4.0ch02_276052
chr02	371861	SL4.0ch02_328600
chr02	560692	SL4.0ch02_511515
chr02	627953	SL4.0ch02_578824
chr02	707592	SL4.0ch02_675111
chr02	770204	SL4.0ch02_737520
chr02	926497	SL4.0ch02_894537
chr02	975634	SL4.0ch02_943098
chr02	1067894	SL4.0ch02_1035568
chr02	1072199	SL4.0ch02_1042337
chr02	1087987	SL4.0ch02_1058129
chr02	1201450	SL4.0ch02_1169060
chr02	1353808	SL4.0ch02_1320274
chr02	1452232	SL4.0ch02_1431284
chr02	1483908	SL4.0ch02_1461398
chr02	1582985	SL4.0ch02_1560416
chr02	1623464	SL4.0ch02_1600922
chr02	1684932	SL4.0ch02_1660020
chr02	1798581	SL4.0ch02_1778444
chr02	1898998	SL4.0ch02_1881879
chr02	1970894	SL4.0ch02_1945899
chr02	2018661	SL4.0ch02_1993658
chr02	2046936	SL4.0ch02_2021921
chr02	2134412	SL4.0ch02_2109318
chr02	2237750	SL4.0ch02_2212751
chr02	2242933	SL4.0ch02_2217876
chr02	2499955	SL4.0ch02_2472853
chr02	3006809	SL4.0ch02_2656376
chr02	3085567	SL4.0ch02_2734450
chr02	3229578	SL4.0ch02_2867649
chr02	3233498	SL4.0ch02_2871569
chr02	3248340	SL4.0ch02_2889259
chr02	3316440	SL4.0ch02_2957474
chr02	3346428	SL4.0ch02_2987551
chr02	3522458	SL4.0ch02_3155325
chr02	3535832	SL4.0ch02_3168682
chr02	3603724	SL4.0ch02_3215452
chr02	3609713	SL4.0ch02_3221446
chr02	3628618	SL4.0ch02_3236932
chr02	3661288	SL4.0ch02_3269583
chr02	3775668	SL4.0ch02_3383806
chr02	3815459	SL4.0ch02_3424467
chr02	3847891	SL4.0ch02_3456954
chr02	3867824	SL4.0ch02_3476997
chr02	3904473	SL4.0ch02_3530732
chr02	3926457	SL4.0ch02_3552964
chr02	4062246	SL4.0ch02_3677469
chr02	4114433	SL4.0ch02_3729517
chr02	4341318	SL4.0ch02_3959382
chr02	4437306	SL4.0ch02_4056305
chr02	4535894	SL4.0ch02_4154814
chr02	4579019	SL4.0ch02_4197900
chr02	4697482	SL4.0ch02_4307870
chr02	4788455	SL4.0ch02_4407658
chr02	4796925	SL4.0ch02_4416105
chr02	4853043	SL4.0ch02_4472210
chr02	5084511	SL4.0ch02_4690140
chr02	5119540	SL4.0ch02_4725269
chr02	5222271	SL4.0ch02_4828214
chr02	5246366	SL4.0ch02_4851910
chr02	5366329	SL4.0ch02_4969612
chr02	5477375	SL4.0ch02_5071101
chr02	5540480	SL4.0ch02_5133996
chr02	5626058	SL4.0ch02_5219662
chr02	5691776	SL4.0ch02_5286137
chr02	5834283	SL4.0ch02_5422946
chr02	5874192	SL4.0ch02_5464150
chr02	5927078	SL4.0ch02_5518909
chr02	6056802	SL4.0ch02_5656460
chr02	6437147	SL4.0ch02_5708452
chr02	6512282	SL4.0ch02_5785499
chr02	6583556	SL4.0ch02_5856253
chr02	6601435	SL4.0ch02_5874151
chr02	6719916	SL4.0ch02_5982877
chr02	6749218	SL4.0ch02_6012148
chr02	7008603	SL4.0ch02_6281671
chr02	7106750	SL4.0ch02_6379513
chr02	7110581	SL4.0ch02_6383345
chr02	7133246	SL4.0ch02_6406020
chr02	7164159	SL4.0ch02_6436876
chr02	7164765	SL4.0ch02_6437483
chr02	7221836	SL4.0ch02_6481072
chr02	7240806	SL4.0ch02_6500308
chr02	7282258	SL4.0ch02_6542006
chr02	7352514	SL4.0ch02_6612347
chr02	7440081	SL4.0ch02_6700794
chr02	7462608	SL4.0ch02_6723365
chr02	7523192	SL4.0ch02_6818642
chr02	7623456	SL4.0ch02_6882230
chr02	7816910	SL4.0ch02_7074822
chr02	7835582	SL4.0ch02_7093383
chr02	7938791	SL4.0ch02_7197661
chr02	7944984	SL4.0ch02_7203854
chr02	8017249	SL4.0ch02_7276103
chr02	8074307	SL4.0ch02_7324859
chr02	8175836	SL4.0ch02_7426150
chr02	8180373	SL4.0ch02_7430693
chr02	8211719	SL4.0ch02_7453782
chr02	8354881	SL4.0ch02_7589607
chr02	8450698	SL4.0ch02_7685631
chr02	8472346	SL4.0ch02_7714406
chr02	8507025	SL4.0ch02_7749104
chr02	8616969	SL4.0ch02_7872837
chr02	8742330	SL4.0ch02_8002186
chr02	8763857	SL4.0ch02_8023698
chr02	8824250	SL4.0ch02_8082718
chr02	8968916	SL4.0ch02_8227363
chr02	9007679	SL4.0ch02_8266359
chr02	9077192	SL4.0ch02_8335749
chr02	9123365	SL4.0ch02_8381888
chr02	9208563	SL4.0ch02_8467193
chr02	9224943	SL4.0ch02_8483576
chr02	9243002	SL4.0ch02_8501637
chr02	9276727	SL4.0ch02_8535485
chr02	9279877	SL4.0ch02_8538635
chr02	9316619	SL4.0ch02_8574808
chr02	9384488	SL4.0ch02_8641484
chr02	9386125	SL4.0ch02_8643117
chr02	9393539	SL4.0ch02_8655023
chr02	9749092	SL4.0ch02_9009909
chr02	9785320	SL4.0ch02_9046099
chr02	9862057	SL4.0ch02_9133990
chr02	9998465	SL4.0ch02_9262563
chr02	10037193	SL4.0ch02_9286738
chr02	10038610	SL4.0ch02_9288160
chr02	10053658	SL4.0ch02_9305600
chr02	10064503	SL4.0ch02_9316447
chr02	10076594	SL4.0ch02_9328749
chr02	10109087	SL4.0ch02_9346145
chr02	10287103	SL4.0ch02_9478426
chr02	10289699	SL4.0ch02_9481020
chr02	10297203	SL4.0ch02_9488522
chr02	10328818	SL4.0ch02_9519899
chr02	10329740	SL4.0ch02_9520821
chr02	10331879	SL4.0ch02_9522961
chr02	10362798	SL4.0ch02_9553776
chr02	10557665	SL4.0ch02_9730610
chr02	10655763	SL4.0ch02_9828849
chr02	10770677	SL4.0ch02_9944932
chr02	10952267	SL4.0ch02_10083992
chr02	11001909	SL4.0ch02_10134782
chr02	11066385	SL4.0ch02_10199202
chr02	11102115	SL4.0ch02_10206006
chr02	11362605	SL4.0ch02_10445927
chr02	11394274	SL4.0ch02_10477600
chr02	11474242	SL4.0ch02_10584492
chr02	11488019	SL4.0ch02_10598269
chr02	11508370	SL4.0ch02_10618495
chr02	11548842	SL4.0ch02_10658998
chr02	11549854	SL4.0ch02_10660012
chr02	11556203	SL4.0ch02_10666361
chr02	11591445	SL4.0ch02_10722806
chr02	11604255	SL4.0ch02_10735843
chr02	11635096	SL4.0ch02_10765306
chr02	11777055	SL4.0ch02_10904773
chr02	11842339	SL4.0ch02_10974246
chr02	11955149	SL4.0ch02_11074472
chr02	12107322	SL4.0ch02_11206535
chr02	12204555	SL4.0ch02_11303658
chr02	12289443	SL4.0ch02_11382761
chr02	12306385	SL4.0ch02_11399556
chr02	12335485	SL4.0ch02_11428615
chr02	12392103	SL4.0ch02_11473117
chr02	12459748	SL4.0ch02_11540670
chr02	12493389	SL4.0ch02_11570807
chr02	12502666	SL4.0ch02_11561554
chr02	12514643	SL4.0ch02_11595420
chr02	12532307	SL4.0ch02_11612781
chr02	12639131	SL4.0ch02_11678840
chr02	12769576	SL4.0ch02_11842708
chr02	13164526	SL4.0ch02_11871624
chr02	13178572	SL4.0ch02_11885651
chr02	13255387	SL4.0ch02_11962475
chr02	13269405	SL4.0ch02_11976512
chr02	13338100	SL4.0ch02_12043978
chr02	13388203	SL4.0ch02_12077993
chr02	13468652	SL4.0ch02_12164259
chr02	13487191	SL4.0ch02_12182789
chr02	13491736	SL4.0ch02_12187329
chr02	13492508	SL4.0ch02_12188101
chr02	13493633	SL4.0ch02_12189239
chr02	13516274	SL4.0ch02_12211320
chr02	13614472	SL4.0ch02_12412948
chr02	13615507	SL4.0ch02_12413983
chr02	13652463	SL4.0ch02_12438397
chr02	13682739	SL4.0ch02_12468690
chr02	13688756	SL4.0ch02_12474707
chr02	13697958	SL4.0ch02_12483904
chr02	13717483	SL4.0ch02_12503512
chr02	13803385	SL4.0ch02_12565479
chr02	13804774	SL4.0ch02_12566868
chr02	13823234	SL4.0ch02_12585291
chr02	13826223	SL4.0ch02_12588281
chr02	13842837	SL4.0ch02_12604858
chr02	13847331	SL4.0ch02_12610042
chr02	13850134	SL4.0ch02_12612848
chr02	13859010	SL4.0ch02_12621864
chr02	13859163	SL4.0ch02_12622017
chr02	13893877	SL4.0ch02_12656412
chr02	13904940	SL4.0ch02_12667382
chr02	14148382	SL4.0ch02_12926141
chr02	14150120	SL4.0ch02_12927881
chr02	14163449	SL4.0ch02_12941152
chr02	14182031	SL4.0ch02_12959745
chr02	14260931	SL4.0ch02_13040119
chr02	14263733	SL4.0ch02_13042915
chr02	14264165	SL4.0ch02_13043347
chr02	14330707	SL4.0ch02_13108765
chr02	14438317	SL4.0ch02_13216299
chr02	14644617	SL4.0ch02_13386853
chr02	14772318	SL4.0ch02_13513640
chr02	14898230	SL4.0ch02_13639706
chr02	14991012	SL4.0ch02_13732253
chr02	15043187	SL4.0ch02_13784413
chr02	15057025	SL4.0ch02_13798254
chr02	15058116	SL4.0ch02_13799345
chr02	15092956	SL4.0ch02_13834016
chr02	15162993	SL4.0ch02_13904032
chr02	15252584	SL4.0ch02_13994022
chr02	15289253	SL4.0ch02_14030501
chr02	15346834	SL4.0ch02_14088480
chr02	15389924	SL4.0ch02_14131545
chr02	15416306	SL4.0ch02_14157937
chr02	15533303	SL4.0ch02_14275312
chr02	15588193	SL4.0ch02_14330136
chr02	15697462	SL4.0ch02_14429886
chr02	15828481	SL4.0ch02_14560500
chr02	15882848	SL4.0ch02_14622190
chr02	15991870	SL4.0ch02_14770677
chr02	16146652	SL4.0ch02_14864195
chr02	16189304	SL4.0ch02_14906752
chr02	16228445	SL4.0ch02_14945577
chr02	16280840	SL4.0ch02_14996525
chr02	16357962	SL4.0ch02_15073101
chr02	16394212	SL4.0ch02_15109206
chr02	16403229	SL4.0ch02_15118222
chr02	16431813	SL4.0ch02_15146621
chr02	16621294	SL4.0ch02_15336225
chr02	16642966	SL4.0ch02_15357894
chr02	16644989	SL4.0ch02_15359919
chr02	16649508	SL4.0ch02_15364369
chr02	16695741	SL4.0ch02_15410434
chr02	16695925	SL4.0ch02_15410618
chr02	16746035	SL4.0ch02_15460386
chr02	16812056	SL4.0ch02_15518908
chr02	16822071	SL4.0ch02_15528920
chr02	16838335	SL4.0ch02_15545147
chr02	16845628	SL4.0ch02_15552441
chr02	17054222	SL4.0ch02_17244613
chr02	17112540	SL4.0ch02_17303145
chr02	17235419	SL4.0ch02_17414952
chr02	17340678	SL4.0ch02_17501281
chr02	17420019	SL4.0ch02_17580936
chr02	17464180	SL4.0ch02_17624949
chr02	17465654	SL4.0ch02_17626423
chr02	17537072	SL4.0ch02_17089139
chr02	17610000	SL4.0ch02_16987420
chr02	17740158	SL4.0ch02_16860038
chr02	17786338	SL4.0ch02_16819985
chr02	17903796	SL4.0ch02_16701486
chr02	17980212	SL4.0ch02_16630155
chr02	18059847	SL4.0ch02_16581953
chr02	18194410	SL4.0ch02_16220193
chr02	18284466	SL4.0ch02_16319522
chr02	18320403	SL4.0ch02_16344693
chr02	18504483	SL4.0ch02_16135422
chr02	18539849	SL4.0ch02_16101961
chr02	18640442	SL4.0ch02_16001399
chr02	18706363	SL4.0ch02_15926399
chr02	18761172	SL4.0ch02_15871481
chr02	18846487	SL4.0ch02_15755317
chr02	18930742	SL4.0ch02_15670853
chr02	18955464	SL4.0ch02_15646153
chr02	18983446	SL4.0ch02_17676534
chr02	19035204	SL4.0ch02_17729148
chr02	19038657	SL4.0ch02_17732596
chr02	19041157	SL4.0ch02_17735096
chr02	19076521	SL4.0ch02_17774342
chr02	19119138	SL4.0ch02_17816929
chr02	19196910	SL4.0ch02_17906971
chr02	19217529	SL4.0ch02_17927565
chr02	19322347	SL4.0ch02_18056879
chr02	19428210	SL4.0ch02_18164660
chr02	19430327	SL4.0ch02_18166773
chr02	19709416	SL4.0ch02_18298289
chr02	19927924	SL4.0ch02_18375742
chr02	19996891	SL4.0ch02_18476182
chr02	20053742	SL4.0ch02_18533045
chr02	20247597	SL4.0ch02_18720773
chr02	20291565	SL4.0ch02_18773544
chr02	20366030	SL4.0ch02_18832832
chr02	20888981	SL4.0ch02_19191239
chr02	20920812	SL4.0ch02_19222283
chr02	21020949	SL4.0ch02_19324446
chr02	21092692	SL4.0ch02_19394675
chr02	21131034	SL4.0ch02_19433431
chr02	21274454	SL4.0ch02_19578490
chr02	21322546	SL4.0ch02_19625636
chr02	21471307	SL4.0ch02_19779451
chr02	21530465	SL4.0ch02_19838266
chr02	21576239	SL4.0ch02_19883991
chr02	21689038	SL4.0ch02_19996058
chr02	21799422	SL4.0ch02_20106331
chr02	21973564	SL4.0ch02_20277116
chr02	22124169	SL4.0ch02_20440436
chr02	22301806	SL4.0ch02_20615225
chr02	22353434	SL4.0ch02_20667138
chr02	22393456	SL4.0ch02_20707152
chr02	22494362	SL4.0ch02_20792895
chr02	22628673	SL4.0ch02_20922834
chr02	22670817	SL4.0ch02_20964998
chr02	22700037	SL4.0ch02_20994175
chr02	22724203	SL4.0ch02_21018286
chr02	22825800	SL4.0ch02_21119817
chr02	22855699	SL4.0ch02_21149707
chr02	22967767	SL4.0ch02_21247156
chr02	23001412	SL4.0ch02_21280800
chr02	23118893	SL4.0ch02_21401717
chr02	23331296	SL4.0ch02_21614836
chr02	23354637	SL4.0ch02_21637975
chr02	23359881	SL4.0ch02_21643100
chr02	23402490	SL4.0ch02_21685780
chr02	23474142	SL4.0ch02_21795617
chr02	23499224	SL4.0ch02_21820505
chr02	23596213	SL4.0ch02_21938485
chr02	23671690	SL4.0ch02_22014280
chr02	23836777	SL4.0ch02_22114506
chr02	23862133	SL4.0ch02_22155176
chr02	23910783	SL4.0ch02_22229785
chr02	23916661	SL4.0ch02_22235663
chr02	24054751	SL4.0ch02_22386340
chr02	24204984	SL4.0ch02_22536590
chr02	24302863	SL4.0ch02_22634926
chr02	24340273	SL4.0ch02_22668140
chr02	24410813	SL4.0ch02_22738631
chr02	24477763	SL4.0ch02_22826131
chr02	24503991	SL4.0ch02_22852440
chr02	24615641	SL4.0ch02_23059961
chr02	24616531	SL4.0ch02_23060851
chr02	24624221	SL4.0ch02_23068778
chr02	24651367	SL4.0ch02_23108146
chr02	24847820	SL4.0ch02_23324004
chr02	24924205	SL4.0ch02_23400496
chr02	25139908	SL4.0ch02_23641737
chr02	25155260	SL4.0ch02_23657105
chr02	25163490	SL4.0ch02_23665333
chr02	25220431	SL4.0ch02_23723239
chr02	25337839	SL4.0ch02_23835470
chr02	25481483	SL4.0ch02_23970339
chr02	25488574	SL4.0ch02_23977428
chr02	25528116	SL4.0ch02_24010800
chr02	25583867	SL4.0ch02_24060967
chr02	25607130	SL4.0ch02_24084235
chr02	25645804	SL4.0ch02_24122902
chr02	25671020	SL4.0ch02_24148138
chr02	25675017	SL4.0ch02_24152134
chr02	25681038	SL4.0ch02_24158156
chr02	25719166	SL4.0ch02_24196309
chr02	25821571	SL4.0ch02_24294004
chr02	25884104	SL4.0ch02_24356619
chr02	25968471	SL4.0ch02_24440770
chr02	25984623	SL4.0ch02_24456997
chr02	26170974	SL4.0ch02_24632351
chr02	26283611	SL4.0ch02_24695780
chr02	26348215	SL4.0ch02_24760902
chr02	26510401	SL4.0ch02_24916065
chr02	26555872	SL4.0ch02_24964457
chr02	26926117	SL4.0ch02_25376043
chr02	27017622	SL4.0ch02_25467443
chr02	27071880	SL4.0ch02_25522373
chr02	27148576	SL4.0ch02_25599665
chr02	27179727	SL4.0ch02_25627709
chr02	27211828	SL4.0ch02_25652735
chr02	27384222	SL4.0ch02_25825227
chr02	27399321	SL4.0ch02_25840275
chr02	27460494	SL4.0ch02_25901515
chr02	27640859	SL4.0ch02_26037352
chr02	27645500	SL4.0ch02_26041992
chr02	27663748	SL4.0ch02_26060238
chr02	27708566	SL4.0ch02_26105035
chr02	27783814	SL4.0ch02_26180135
chr02	27842116	SL4.0ch02_26238823
chr02	27894523	SL4.0ch02_26298856
chr02	27994856	SL4.0ch02_26399050
chr02	28103279	SL4.0ch02_26507173
chr02	28107716	SL4.0ch02_26511643
chr02	28166070	SL4.0ch02_26528005
chr02	28289332	SL4.0ch02_26642180
chr02	28335529	SL4.0ch02_26688457
chr02	28400036	SL4.0ch02_26753303
chr02	28405597	SL4.0ch02_26765294
chr02	28506588	SL4.0ch02_26870840
chr02	28672370	SL4.0ch02_27134185
chr02	28675442	SL4.0ch02_27137207
chr02	28690223	SL4.0ch02_27151982
chr02	28989446	SL4.0ch02_27468850
chr02	28994903	SL4.0ch02_27474310
chr02	29005625	SL4.0ch02_27484069
chr02	29028417	SL4.0ch02_27506484
chr02	29083286	SL4.0ch02_27561250
chr02	29202348	SL4.0ch02_27668946
chr02	29259472	SL4.0ch02_27717934
chr02	29333526	SL4.0ch02_27797615
chr02	29384905	SL4.0ch02_27848870
chr02	29394535	SL4.0ch02_27858515
chr02	29434217	SL4.0ch02_27898174
chr02	29476304	SL4.0ch02_27939815
chr02	29496824	SL4.0ch02_27960341
chr02	29497863	SL4.0ch02_27961380
chr02	29534546	SL4.0ch02_27999107
chr02	29534716	SL4.0ch02_27999277
chr02	29554990	SL4.0ch02_28019543
chr02	29594081	SL4.0ch02_28058668
chr02	29596131	SL4.0ch02_28060716
chr02	29733370	SL4.0ch02_28194133
chr02	29971380	SL4.0ch02_28433531
chr02	30077291	SL4.0ch02_28538369
chr02	30088113	SL4.0ch02_28549188
chr02	30262120	SL4.0ch02_28665627
chr02	30312806	SL4.0ch02_28714354
chr02	30537870	SL4.0ch02_28939585
chr02	30667366	SL4.0ch02_29070059
chr02	30728785	SL4.0ch02_29128259
chr02	30735266	SL4.0ch02_29134738
chr02	30757178	SL4.0ch02_29156657
chr02	30761730	SL4.0ch02_29161228
chr02	30856256	SL4.0ch02_29258954
chr02	30868376	SL4.0ch02_29271075
chr02	30950611	SL4.0ch02_29353338
chr02	31018792	SL4.0ch02_29421224
chr02	31056545	SL4.0ch02_29458521
chr02	31074361	SL4.0ch02_29476280
chr02	31248275	SL4.0ch02_29655029
chr02	31266036	SL4.0ch02_29672893
chr02	31273587	SL4.0ch02_29680464
chr02	31383003	SL4.0ch02_29782612
chr02	31398486	SL4.0ch02_29798097
chr02	31515700	SL4.0ch02_29911735
chr02	31590206	SL4.0ch02_29992815
chr02	31655166	SL4.0ch02_30057656
chr02	31811507	SL4.0ch02_30159447
chr02	31864032	SL4.0ch02_30211436
chr02	31917898	SL4.0ch02_30267537
chr02	31935147	SL4.0ch02_30284792
chr02	32551722	SL4.0ch02_30410770
chr02	32592789	SL4.0ch02_30451851
chr02	32647802	SL4.0ch02_30502196
chr02	32680738	SL4.0ch02_30535114
chr02	32686381	SL4.0ch02_30540756
chr02	32689985	SL4.0ch02_30544357
chr02	32713075	SL4.0ch02_30567498
chr02	32757887	SL4.0ch02_30602648
chr02	32760231	SL4.0ch02_30605010
chr02	32766985	SL4.0ch02_30611746
chr02	32816874	SL4.0ch02_30659681
chr02	32823738	SL4.0ch02_30666559
chr02	32825296	SL4.0ch02_30668124
chr02	32833884	SL4.0ch02_30676715
chr02	32845717	SL4.0ch02_30688548
chr02	32864807	SL4.0ch02_30707953
chr02	32922447	SL4.0ch02_30759040
chr02	32957600	SL4.0ch02_30794171
chr02	32965674	SL4.0ch02_30802247
chr02	33082901	SL4.0ch02_30901037
chr02	33164584	SL4.0ch02_30982695
chr02	33260116	SL4.0ch02_31078025
chr02	33473329	SL4.0ch02_31113803
chr02	33503049	SL4.0ch02_31149039
chr02	33519911	SL4.0ch02_31176447
chr02	33637488	SL4.0ch02_31289399
chr02	33638768	SL4.0ch02_31290675
chr02	33645733	SL4.0ch02_31297626
chr02	33656015	SL4.0ch02_31305702
chr02	33710078	SL4.0ch02_31361633
chr02	33720601	SL4.0ch02_31372155
chr02	33734256	SL4.0ch02_31385977
chr02	33739042	SL4.0ch02_31390748
chr02	33753641	SL4.0ch02_31432841
chr02	33767710	SL4.0ch02_31446619
chr02	33776367	SL4.0ch02_31470326
chr02	33788102	SL4.0ch02_31481991
chr02	33854486	SL4.0ch02_31537340
chr02	33888429	SL4.0ch02_31562031
chr02	33891745	SL4.0ch02_31565334
chr02	33896025	SL4.0ch02_31569617
chr02	33939458	SL4.0ch02_31611809
chr02	33945411	SL4.0ch02_31617921
chr02	33947863	SL4.0ch02_31620377
chr02	33948495	SL4.0ch02_31621009
chr02	33952690	SL4.0ch02_31625078
chr02	34007016	SL4.0ch02_31685097
chr02	34043595	SL4.0ch02_31720944
chr02	34057405	SL4.0ch02_31734641
chr02	34067720	SL4.0ch02_31744952
chr02	34068425	SL4.0ch02_31745657
chr02	34071364	SL4.0ch02_31748587
chr02	34071452	SL4.0ch02_31748675
chr02	34101923	SL4.0ch02_31778844
chr02	34112414	SL4.0ch02_31799800
chr02	34133876	SL4.0ch02_31821190
chr02	34177406	SL4.0ch02_31848048
chr02	34199469	SL4.0ch02_31870256
chr02	34225515	SL4.0ch02_31896264
chr02	34231272	SL4.0ch02_31902019
chr02	34282872	SL4.0ch02_31952414
chr02	34292493	SL4.0ch02_31962092
chr02	34329652	SL4.0ch02_32000426
chr02	34404160	SL4.0ch02_32069349
chr02	34409047	SL4.0ch02_32074198
chr02	34442898	SL4.0ch02_32103760
chr02	34515095	SL4.0ch02_32162973
chr02	34574409	SL4.0ch02_32192935
chr02	34576496	SL4.0ch02_32195011
chr02	34602866	SL4.0ch02_32226141
chr02	34660178	SL4.0ch02_32280198
chr02	34667344	SL4.0ch02_32287361
chr02	34669584	SL4.0ch02_32289580
chr02	34685298	SL4.0ch02_32305258
chr02	34687631	SL4.0ch02_32307582
chr02	34696209	SL4.0ch02_32316140
chr02	34707471	SL4.0ch02_32327320
chr02	34757238	SL4.0ch02_32379812
chr02	34776930	SL4.0ch02_32399766
chr02	34802140	SL4.0ch02_32421391
chr02	34814245	SL4.0ch02_32433386
chr02	34837441	SL4.0ch02_32450715
chr02	34883367	SL4.0ch02_32483816
chr02	34903964	SL4.0ch02_32497919
chr02	34914169	SL4.0ch02_32508661
chr02	34935798	SL4.0ch02_32530275
chr02	34939437	SL4.0ch02_32533914
chr02	34940832	SL4.0ch02_32535309
chr02	34943488	SL4.0ch02_32537098
chr02	34973988	SL4.0ch02_32567586
chr02	34981272	SL4.0ch02_32574900
chr02	35011989	SL4.0ch02_32605635
chr02	35039001	SL4.0ch02_32638245
chr02	35048797	SL4.0ch02_32648076
chr02	35099414	SL4.0ch02_32710444
chr02	35113371	SL4.0ch02_32728109
chr02	35197772	SL4.0ch02_32810518
chr02	35203330	SL4.0ch02_32816081
chr02	35253115	SL4.0ch02_32867727
chr02	35278265	SL4.0ch02_32892882
chr02	35283396	SL4.0ch02_32898004
chr02	35310724	SL4.0ch02_32925085
chr02	35336714	SL4.0ch02_32958234
chr02	35350448	SL4.0ch02_32971674
chr02	35353852	SL4.0ch02_32975073
chr02	35364232	SL4.0ch02_32985433
chr02	35368164	SL4.0ch02_32989370
chr02	35380199	SL4.0ch02_33000566
chr02	35428007	SL4.0ch02_33048115
chr02	35439292	SL4.0ch02_33059365
chr02	35440353	SL4.0ch02_33060426
chr02	35455507	SL4.0ch02_33072366
chr02	35467505	SL4.0ch02_33084352
chr02	35469558	SL4.0ch02_33086437
chr02	35511640	SL4.0ch02_33128508
chr02	35528728	SL4.0ch02_33145584
chr02	35555946	SL4.0ch02_33172839
chr02	35588146	SL4.0ch02_33205475
chr02	35625728	SL4.0ch02_33243107
chr02	35636852	SL4.0ch02_33254417
chr02	35683370	SL4.0ch02_33294391
chr02	35723023	SL4.0ch02_33335093
chr02	35734223	SL4.0ch02_33346313
chr02	35741891	SL4.0ch02_33353970
chr02	35749934	SL4.0ch02_33362016
chr02	35767805	SL4.0ch02_33379148
chr02	35781422	SL4.0ch02_33393902
chr02	35790134	SL4.0ch02_33402580
chr02	35805668	SL4.0ch02_33418086
chr02	35891448	SL4.0ch02_33504040
chr02	35913788	SL4.0ch02_33526367
chr02	35917043	SL4.0ch02_33529620
chr02	35925661	SL4.0ch02_33538345
chr02	35930742	SL4.0ch02_33543433
chr02	35947979	SL4.0ch02_33560387
chr02	35980620	SL4.0ch02_33590271
chr02	35982321	SL4.0ch02_33591981
chr02	36003118	SL4.0ch02_33612818
chr02	36016845	SL4.0ch02_33626519
chr02	36021592	SL4.0ch02_33631203
chr02	36035004	SL4.0ch02_33641939
chr02	36133508	SL4.0ch02_33733995
chr02	36148367	SL4.0ch02_33748843
chr02	36157024	SL4.0ch02_33755937
chr02	36161739	SL4.0ch02_33760651
chr02	36165873	SL4.0ch02_33764806
chr02	36182656	SL4.0ch02_33781553
chr02	36229073	SL4.0ch02_33828110
chr02	36278011	SL4.0ch02_33877089
chr02	36367389	SL4.0ch02_33967506
chr02	36375239	SL4.0ch02_33975278
chr02	36382588	SL4.0ch02_33982676
chr02	36386528	SL4.0ch02_33986795
chr02	36391191	SL4.0ch02_33991456
chr02	36463462	SL4.0ch02_34058547
chr02	36476081	SL4.0ch02_34069055
chr02	36494544	SL4.0ch02_34087458
chr02	36527142	SL4.0ch02_34121053
chr02	36545280	SL4.0ch02_34139537
chr02	36550456	SL4.0ch02_34144278
chr02	36558633	SL4.0ch02_34152523
chr02	36573285	SL4.0ch02_34167004
chr02	36583160	SL4.0ch02_34177594
chr02	36590620	SL4.0ch02_34185030
chr02	36610204	SL4.0ch02_34204172
chr02	36611283	SL4.0ch02_34205253
chr02	36613744	SL4.0ch02_34207716
chr02	36618536	SL4.0ch02_34227646
chr02	36639580	SL4.0ch02_34248646
chr02	36679385	SL4.0ch02_34292719
chr02	36745740	SL4.0ch02_34348092
chr02	36754800	SL4.0ch02_34357152
chr02	36763226	SL4.0ch02_34365178
chr02	36809300	SL4.0ch02_34411073
chr02	36846776	SL4.0ch02_34451039
chr02	36860496	SL4.0ch02_34464758
chr02	36914128	SL4.0ch02_34523864
chr02	36924318	SL4.0ch02_34534063
chr02	36958502	SL4.0ch02_34569017
chr02	36964527	SL4.0ch02_34575037
chr02	36993440	SL4.0ch02_34601311
chr02	37048127	SL4.0ch02_34655687
chr02	37067052	SL4.0ch02_34673603
chr02	37067395	SL4.0ch02_34673945
chr02	37071038	SL4.0ch02_34677586
chr02	37094941	SL4.0ch02_34701471
chr02	37142348	SL4.0ch02_34748153
chr02	37168186	SL4.0ch02_34772574
chr02	37171971	SL4.0ch02_34776362
chr02	37194506	SL4.0ch02_34799181
chr02	37198765	SL4.0ch02_34803423
chr02	37202277	SL4.0ch02_34806922
chr02	37207752	SL4.0ch02_34812394
chr02	37218285	SL4.0ch02_34822858
chr02	37249839	SL4.0ch02_34866144
chr02	37297285	SL4.0ch02_34912732
chr02	37313499	SL4.0ch02_34928821
chr02	37329910	SL4.0ch02_34944462
chr02	37330201	SL4.0ch02_34944753
chr02	37339260	SL4.0ch02_34953830
chr02	37342214	SL4.0ch02_34956774
chr02	37344189	SL4.0ch02_34958749
chr02	37421458	SL4.0ch02_35033316
chr02	37461873	SL4.0ch02_35073559
chr02	37475110	SL4.0ch02_35086793
chr02	37492792	SL4.0ch02_35104436
chr02	37523318	SL4.0ch02_35134913
chr02	37524443	SL4.0ch02_35136054
chr02	37580637	SL4.0ch02_35192176
chr02	37589606	SL4.0ch02_35201151
chr02	37594736	SL4.0ch02_35206286
chr02	37617593	SL4.0ch02_35228525
chr02	37626230	SL4.0ch02_35237125
chr02	37642220	SL4.0ch02_35253003
chr02	37643505	SL4.0ch02_35254283
chr02	37698972	SL4.0ch02_35309402
chr02	37709704	SL4.0ch02_35319274
chr02	37740357	SL4.0ch02_35347240
chr02	37755622	SL4.0ch02_35362809
chr02	37757734	SL4.0ch02_35364921
chr02	37766088	SL4.0ch02_35373269
chr02	37798568	SL4.0ch02_35405122
chr02	37809936	SL4.0ch02_35416497
chr02	37825971	SL4.0ch02_35432441
chr02	37851781	SL4.0ch02_35458336
chr02	37870554	SL4.0ch02_35476634
chr02	37908020	SL4.0ch02_35512672
chr02	37946113	SL4.0ch02_35555044
chr02	37982954	SL4.0ch02_35591668
chr02	38009740	SL4.0ch02_35620203
chr02	38026899	SL4.0ch02_35637366
chr02	38036483	SL4.0ch02_35646094
chr02	38053027	SL4.0ch02_35664187
chr02	38103614	SL4.0ch02_35717024
chr02	38178268	SL4.0ch02_35791003
chr02	38184998	SL4.0ch02_35795501
chr02	38194081	SL4.0ch02_35804527
chr02	38210889	SL4.0ch02_35821985
chr02	38213940	SL4.0ch02_35825037
chr02	38235763	SL4.0ch02_35849308
chr02	38246662	SL4.0ch02_35860242
chr02	38260842	SL4.0ch02_35873979
chr02	38265696	SL4.0ch02_35878830
chr02	38266039	SL4.0ch02_35879173
chr02	38293556	SL4.0ch02_35894804
chr02	38312342	SL4.0ch02_35911680
chr02	38377850	SL4.0ch02_35983087
chr02	38392938	SL4.0ch02_35998334
chr02	38420967	SL4.0ch02_36025858
chr02	38440534	SL4.0ch02_36045266
chr02	38466476	SL4.0ch02_36070937
chr02	38501601	SL4.0ch02_36104946
chr02	38508923	SL4.0ch02_36112251
chr02	38520066	SL4.0ch02_36123203
chr02	38541511	SL4.0ch02_36144768
chr02	38574170	SL4.0ch02_36176914
chr02	38580300	SL4.0ch02_36183045
chr02	38586147	SL4.0ch02_36188912
chr02	38601344	SL4.0ch02_36204091
chr02	38655637	SL4.0ch02_36259291
chr02	38661025	SL4.0ch02_36264687
chr02	38678049	SL4.0ch02_36281558
chr02	38689645	SL4.0ch02_36298669
chr02	38722841	SL4.0ch02_36331740
chr02	38732203	SL4.0ch02_36340845
chr02	38750941	SL4.0ch02_36359633
chr02	38769205	SL4.0ch02_36379402
chr02	38783024	SL4.0ch02_36393219
chr02	38787199	SL4.0ch02_36397390
chr02	38823725	SL4.0ch02_36433690
chr02	38828587	SL4.0ch02_36438552
chr02	38832171	SL4.0ch02_36442136
chr02	38857746	SL4.0ch02_36467720
chr02	38899619	SL4.0ch02_36502091
chr02	38925523	SL4.0ch02_36528180
chr02	38955337	SL4.0ch02_36557947
chr02	38988586	SL4.0ch02_36605549
chr02	38989094	SL4.0ch02_36606057
chr02	39009340	SL4.0ch02_36626326
chr02	39017398	SL4.0ch02_36634373
chr02	39068523	SL4.0ch02_36683202
chr02	39079185	SL4.0ch02_36693888
chr02	39084890	SL4.0ch02_36699592
chr02	39088803	SL4.0ch02_36703506
chr02	39111573	SL4.0ch02_36744343
chr02	39114709	SL4.0ch02_36754041
chr02	39118087	SL4.0ch02_36759393
chr02	39127049	SL4.0ch02_36768362
chr02	39191884	SL4.0ch02_36831701
chr02	39196088	SL4.0ch02_36835954
chr02	39210385	SL4.0ch02_36850371
chr02	39255678	SL4.0ch02_36895928
chr02	39258424	SL4.0ch02_36898636
chr02	39361569	SL4.0ch02_36980228
chr02	39407023	SL4.0ch02_37033871
chr02	39499761	SL4.0ch02_37059382
chr02	39512903	SL4.0ch02_37072731
chr02	39549220	SL4.0ch02_37109851
chr02	39565687	SL4.0ch02_37126321
chr02	39578664	SL4.0ch02_37139106
chr02	39579737	SL4.0ch02_37140203
chr02	39591993	SL4.0ch02_37152466
chr02	39605348	SL4.0ch02_37163464
chr02	39610657	SL4.0ch02_37167454
chr02	39690643	SL4.0ch02_37238634
chr02	39693936	SL4.0ch02_37241927
chr02	39709869	SL4.0ch02_37257912
chr02	39750563	SL4.0ch02_37298616
chr02	39769022	SL4.0ch02_37317051
chr02	39773347	SL4.0ch02_37321368
chr02	39819557	SL4.0ch02_37367552
chr02	39846558	SL4.0ch02_37394597
chr02	39868887	SL4.0ch02_37416923
chr02	39886081	SL4.0ch02_37434134
chr02	39914446	SL4.0ch02_37462522
chr02	39914522	SL4.0ch02_37462598
chr02	39919568	SL4.0ch02_37467520
chr02	39919905	SL4.0ch02_37467857
chr02	39934926	SL4.0ch02_37482881
chr02	39975540	SL4.0ch02_37523478
chr02	39980985	SL4.0ch02_37528960
chr02	40018258	SL4.0ch02_37566223
chr02	40071341	SL4.0ch02_37619360
chr02	40084109	SL4.0ch02_37632139
chr02	40084171	SL4.0ch02_37632201
chr02	40106392	SL4.0ch02_37651402
chr02	40123678	SL4.0ch02_37668643
chr02	40147471	SL4.0ch02_37692385
chr02	40176957	SL4.0ch02_37721963
chr02	40185933	SL4.0ch02_37729840
chr02	40206801	SL4.0ch02_37750594
chr02	40217067	SL4.0ch02_37760772
chr02	40225744	SL4.0ch02_37769276
chr02	40229541	SL4.0ch02_37773113
chr02	40240581	SL4.0ch02_37784174
chr02	40278262	SL4.0ch02_37822509
chr02	40280952	SL4.0ch02_37825149
chr02	40306873	SL4.0ch02_37850945
chr02	40360371	SL4.0ch02_37916026
chr02	40381289	SL4.0ch02_37936945
chr02	40420920	SL4.0ch02_37976106
chr02	40442321	SL4.0ch02_37997466
chr02	40454351	SL4.0ch02_38009496
chr02	40496132	SL4.0ch02_38050004
chr02	40524026	SL4.0ch02_38073630
chr02	40532765	SL4.0ch02_38082398
chr02	40543679	SL4.0ch02_38093251
chr02	40569796	SL4.0ch02_38119370
chr02	40605355	SL4.0ch02_38154833
chr02	40605672	SL4.0ch02_38155150
chr02	40605951	SL4.0ch02_38155429
chr02	40606056	SL4.0ch02_38155534
chr02	40649829	SL4.0ch02_38199309
chr02	40667022	SL4.0ch02_38216431
chr02	40687214	SL4.0ch02_38236620
chr02	40687445	SL4.0ch02_38236851
chr02	40745423	SL4.0ch02_38293076
chr02	40755576	SL4.0ch02_38302621
chr02	40791398	SL4.0ch02_38338563
chr02	40806383	SL4.0ch02_38353483
chr02	40821916	SL4.0ch02_38369462
chr02	40825790	SL4.0ch02_38373333
chr02	40841309	SL4.0ch02_38388880
chr02	40880349	SL4.0ch02_38427702
chr02	40910333	SL4.0ch02_38457870
chr02	40947528	SL4.0ch02_38495093
chr02	40955458	SL4.0ch02_38504361
chr02	40962125	SL4.0ch02_38511034
chr02	40963941	SL4.0ch02_38512850
chr02	40992174	SL4.0ch02_38542071
chr02	41028645	SL4.0ch02_38579651
chr02	41029693	SL4.0ch02_38580699
chr02	41047557	SL4.0ch02_38598619
chr02	41054698	SL4.0ch02_38605768
chr02	41057702	SL4.0ch02_38608767
chr02	41072329	SL4.0ch02_38623349
chr02	41100750	SL4.0ch02_38651754
chr02	41152137	SL4.0ch02_38703206
chr02	41159028	SL4.0ch02_38710032
chr02	41205329	SL4.0ch02_38756271
chr02	41278180	SL4.0ch02_38831025
chr02	41304473	SL4.0ch02_38857649
chr02	41314568	SL4.0ch02_38867753
chr02	41322254	SL4.0ch02_38875431
chr02	41345717	SL4.0ch02_38893729
chr02	41369241	SL4.0ch02_38913044
chr02	41369743	SL4.0ch02_38913546
chr02	41386690	SL4.0ch02_38930480
chr02	41419125	SL4.0ch02_38969125
chr02	41421718	SL4.0ch02_38971722
chr02	41423882	SL4.0ch02_38974004
chr02	41449151	SL4.0ch02_38978384
chr02	41451750	SL4.0ch02_38981025
chr02	41452428	SL4.0ch02_38981703
chr02	41491897	SL4.0ch02_39021128
chr02	41497775	SL4.0ch02_39026980
chr02	41541863	SL4.0ch02_39070978
chr02	41552008	SL4.0ch02_39081114
chr02	41567947	SL4.0ch02_39097000
chr02	41576696	SL4.0ch02_39105018
chr02	41607698	SL4.0ch02_39135981
chr02	41611355	SL4.0ch02_39139777
chr02	41619161	SL4.0ch02_39147577
chr02	41633672	SL4.0ch02_39161986
chr02	41647386	SL4.0ch02_39175700
chr02	41691465	SL4.0ch02_39219662
chr02	41707564	SL4.0ch02_39235727
chr02	41731510	SL4.0ch02_39257471
chr02	41765755	SL4.0ch02_39291573
chr02	41787522	SL4.0ch02_39313353
chr02	41799625	SL4.0ch02_39325448
chr02	41824276	SL4.0ch02_39350134
chr02	41837828	SL4.0ch02_39357978
chr02	41865449	SL4.0ch02_39385589
chr02	41905133	SL4.0ch02_39425074
chr02	41937553	SL4.0ch02_39457399
chr02	41946866	SL4.0ch02_39466963
chr02	41985426	SL4.0ch02_39505101
chr02	42023447	SL4.0ch02_39543109
chr02	42054087	SL4.0ch02_39573697
chr02	42062648	SL4.0ch02_39582244
chr02	42131876	SL4.0ch02_39651307
chr02	42163926	SL4.0ch02_39683354
chr02	42193293	SL4.0ch02_39717633
chr02	42201877	SL4.0ch02_39726221
chr02	42229817	SL4.0ch02_39746487
chr02	42241243	SL4.0ch02_39748021
chr02	42277584	SL4.0ch02_39794245
chr02	42302204	SL4.0ch02_39818698
chr02	42308935	SL4.0ch02_39825382
chr02	42310887	SL4.0ch02_39827334
chr02	42315554	SL4.0ch02_39832015
chr02	42316567	SL4.0ch02_39833028
chr02	42320385	SL4.0ch02_39836845
chr02	42320758	SL4.0ch02_39837218
chr02	42320957	SL4.0ch02_39837417
chr02	42321223	SL4.0ch02_39837683
chr02	42337906	SL4.0ch02_39855067
chr02	42442523	SL4.0ch02_39949800
chr02	42448803	SL4.0ch02_39956078
chr02	42459578	SL4.0ch02_39966772
chr02	42523570	SL4.0ch02_40028484
chr02	42538847	SL4.0ch02_40044251
chr02	42539332	SL4.0ch02_40044734
chr02	42551678	SL4.0ch02_40057037
chr02	42551938	SL4.0ch02_40057297
chr02	42558791	SL4.0ch02_40063941
chr02	42575086	SL4.0ch02_40078407
chr02	42653014	SL4.0ch02_40097237
chr02	42658913	SL4.0ch02_40103131
chr02	42664026	SL4.0ch02_40108183
chr02	42665049	SL4.0ch02_40109206
chr02	42708413	SL4.0ch02_40152417
chr02	42727408	SL4.0ch02_40172731
chr02	42799258	SL4.0ch02_40240351
chr02	42856562	SL4.0ch02_40292685
chr02	42858364	SL4.0ch02_40294485
chr02	42876055	SL4.0ch02_40316288
chr02	42932297	SL4.0ch02_40374340
chr02	42933179	SL4.0ch02_40375222
chr02	42933299	SL4.0ch02_40375342
chr02	42956606	SL4.0ch02_40401225
chr02	42962929	SL4.0ch02_40407466
chr02	42996254	SL4.0ch02_40439979
chr02	43036678	SL4.0ch02_40480114
chr02	43084931	SL4.0ch02_40528271
chr02	43112521	SL4.0ch02_40555870
chr02	43139711	SL4.0ch02_40583013
chr02	43150989	SL4.0ch02_40594521
chr02	43171720	SL4.0ch02_40615458
chr02	43172623	SL4.0ch02_40616361
chr02	43176095	SL4.0ch02_40619833
chr02	43189881	SL4.0ch02_40630982
chr02	43210486	SL4.0ch02_40652236
chr02	43281084	SL4.0ch02_40722814
chr02	43296953	SL4.0ch02_40738684
chr02	43331518	SL4.0ch02_40773234
chr02	43342768	SL4.0ch02_40784510
chr02	43356832	SL4.0ch02_40798585
chr02	43356977	SL4.0ch02_40798730
chr02	43372508	SL4.0ch02_40814265
chr02	43408306	SL4.0ch02_40846572
chr02	43422009	SL4.0ch02_40856967
chr02	43426188	SL4.0ch02_40861171
chr02	43495309	SL4.0ch02_40920613
chr02	43498434	SL4.0ch02_40923781
chr02	43509549	SL4.0ch02_40934875
chr02	43515727	SL4.0ch02_40941041
chr02	43529603	SL4.0ch02_40954910
chr02	43546933	SL4.0ch02_40971777
chr02	43576058	SL4.0ch02_41000048
chr02	43630998	SL4.0ch02_41055474
chr02	43653966	SL4.0ch02_41078414
chr02	43670810	SL4.0ch02_41095224
chr02	43679609	SL4.0ch02_41104038
chr02	43724685	SL4.0ch02_41149926
chr02	43762230	SL4.0ch02_41187387
chr02	43766386	SL4.0ch02_41191540
chr02	43772603	SL4.0ch02_41197755
chr02	43822669	SL4.0ch02_41247617
chr02	43832504	SL4.0ch02_41257419
chr02	43839724	SL4.0ch02_41264652
chr02	43849813	SL4.0ch02_41274741
chr02	43881280	SL4.0ch02_41309122
chr02	43889302	SL4.0ch02_41317188
chr02	43894574	SL4.0ch02_41322458
chr02	43930917	SL4.0ch02_41358910
chr02	43934779	SL4.0ch02_41362777
chr02	43946107	SL4.0ch02_41374033
chr02	43970836	SL4.0ch02_41398566
chr02	43977144	SL4.0ch02_41404841
chr02	44022104	SL4.0ch02_41449762
chr02	44045837	SL4.0ch02_41473567
chr02	44046194	SL4.0ch02_41473924
chr02	44095829	SL4.0ch02_41524146
chr02	44105536	SL4.0ch02_41533839
chr02	44145307	SL4.0ch02_41573581
chr02	44195997	SL4.0ch02_41628120
chr02	44216040	SL4.0ch02_41646997
chr02	44263089	SL4.0ch02_41693707
chr02	44292604	SL4.0ch02_41715927
chr02	44292770	SL4.0ch02_41716093
chr02	44323379	SL4.0ch02_41746631
chr02	44343849	SL4.0ch02_41766904
chr02	44365473	SL4.0ch02_41788639
chr02	44381047	SL4.0ch02_41804223
chr02	44390107	SL4.0ch02_41813296
chr02	44393501	SL4.0ch02_41816692
chr02	44403476	SL4.0ch02_41826799
chr02	44428682	SL4.0ch02_41852010
chr02	44434941	SL4.0ch02_41858269
chr02	44449765	SL4.0ch02_41873047
chr02	44492002	SL4.0ch02_41915359
chr02	44515551	SL4.0ch02_41938964
chr02	44531339	SL4.0ch02_41954724
chr02	44539716	SL4.0ch02_41963075
chr02	44545577	SL4.0ch02_41968932
chr02	44577192	SL4.0ch02_42000500
chr02	44636424	SL4.0ch02_42038540
chr02	44645444	SL4.0ch02_42047524
chr02	44656316	SL4.0ch02_42058408
chr02	44674778	SL4.0ch02_42081154
chr02	44759691	SL4.0ch02_42144229
chr02	44760115	SL4.0ch02_42144653
chr02	44770361	SL4.0ch02_42154925
chr02	44773313	SL4.0ch02_42162921
chr02	44779422	SL4.0ch02_42169018
chr02	44828357	SL4.0ch02_42211402
chr02	44845603	SL4.0ch02_42228558
chr02	44849710	SL4.0ch02_42232668
chr02	44879448	SL4.0ch02_42262415
chr02	44879840	SL4.0ch02_42262807
chr02	44881230	SL4.0ch02_42264196
chr02	44913351	SL4.0ch02_42297234
chr02	44917879	SL4.0ch02_42301776
chr02	44947363	SL4.0ch02_42330660
chr02	44992202	SL4.0ch02_42375500
chr02	45043432	SL4.0ch02_42426669
chr02	45072604	SL4.0ch02_42455945
chr02	45075475	SL4.0ch02_42458816
chr02	45128176	SL4.0ch02_42515854
chr02	45130700	SL4.0ch02_42518378
chr02	45130901	SL4.0ch02_42518579
chr02	45131077	SL4.0ch02_42518755
chr02	45131278	SL4.0ch02_42518956
chr02	45131307	SL4.0ch02_42518985
chr02	45131449	SL4.0ch02_42519127
chr02	45142898	SL4.0ch02_42530612
chr02	45164785	SL4.0ch02_42552637
chr02	45166048	SL4.0ch02_42553888
chr02	45203763	SL4.0ch02_42592743
chr02	45247968	SL4.0ch02_42637049
chr02	45248145	SL4.0ch02_42637226
chr02	45270728	SL4.0ch02_42659826
chr02	45291314	SL4.0ch02_42680412
chr02	45299985	SL4.0ch02_42688531
chr02	45326294	SL4.0ch02_42714752
chr02	45388217	SL4.0ch02_42776721
chr02	45401130	SL4.0ch02_42788923
chr02	45428811	SL4.0ch02_42816708
chr02	45480810	SL4.0ch02_42848314
chr02	45504146	SL4.0ch02_42871851
chr02	45557987	SL4.0ch02_42924268
chr02	45585976	SL4.0ch02_42952082
chr02	45596878	SL4.0ch02_42962979
chr02	45620182	SL4.0ch02_42986198
chr02	45636848	SL4.0ch02_43002860
chr02	45707371	SL4.0ch02_43072384
chr02	45731623	SL4.0ch02_43096440
chr02	45732898	SL4.0ch02_43097714
chr02	45733390	SL4.0ch02_43098206
chr02	45748120	SL4.0ch02_43117349
chr02	45753309	SL4.0ch02_43122344
chr02	45820982	SL4.0ch02_43193447
chr02	45844849	SL4.0ch02_43217307
chr02	45858232	SL4.0ch02_43230689
chr02	45878853	SL4.0ch02_43251302
chr02	45894622	SL4.0ch02_43267014
chr02	45920804	SL4.0ch02_43293274
chr02	45962220	SL4.0ch02_43320821
chr02	45969164	SL4.0ch02_43327774
chr02	46007614	SL4.0ch02_43366146
chr02	46043513	SL4.0ch02_43401942
chr02	46054520	SL4.0ch02_43412928
chr02	46064359	SL4.0ch02_43422438
chr02	46083332	SL4.0ch02_43441365
chr02	46091383	SL4.0ch02_43449468
chr02	46102056	SL4.0ch02_43459102
chr02	46118175	SL4.0ch02_43475117
chr02	46132709	SL4.0ch02_43489661
chr02	46156373	SL4.0ch02_43513296
chr02	46190674	SL4.0ch02_43547567
chr02	46194182	SL4.0ch02_43551551
chr02	46196394	SL4.0ch02_43553761
chr02	46198735	SL4.0ch02_43556143
chr02	46234646	SL4.0ch02_43592002
chr02	46236310	SL4.0ch02_43593663
chr02	46247203	SL4.0ch02_43604215
chr02	46253239	SL4.0ch02_43610233
chr02	46265762	SL4.0ch02_43621573
chr02	46274245	SL4.0ch02_43629984
chr02	46292351	SL4.0ch02_43648064
chr02	46292430	SL4.0ch02_43648143
chr02	46301768	SL4.0ch02_43657563
chr02	46313196	SL4.0ch02_43669020
chr02	46345276	SL4.0ch02_43701866
chr02	46347715	SL4.0ch02_43704303
chr02	46365143	SL4.0ch02_43721716
chr02	46411021	SL4.0ch02_43772024
chr02	46441633	SL4.0ch02_43803940
chr02	46450242	SL4.0ch02_43812503
chr02	46480714	SL4.0ch02_43842913
chr02	46534389	SL4.0ch02_43896304
chr02	46567517	SL4.0ch02_43929378
chr02	46619131	SL4.0ch02_43981045
chr02	46624921	SL4.0ch02_43987287
chr02	46639620	SL4.0ch02_44001913
chr02	46643399	SL4.0ch02_44026664
chr02	46699297	SL4.0ch02_44088056
chr02	46713627	SL4.0ch02_44102390
chr02	46762381	SL4.0ch02_44147586
chr02	46772295	SL4.0ch02_44157475
chr02	46795143	SL4.0ch02_44180676
chr02	46855280	SL4.0ch02_44240053
chr02	46876759	SL4.0ch02_44266345
chr02	46902249	SL4.0ch02_44291774
chr02	46918739	SL4.0ch02_44308296
chr02	46937510	SL4.0ch02_44327052
chr02	46952829	SL4.0ch02_44342268
chr02	46978176	SL4.0ch02_44367464
chr02	46993688	SL4.0ch02_44383003
chr02	47000687	SL4.0ch02_44390031
chr02	47002629	SL4.0ch02_44391973
chr02	47003767	SL4.0ch02_44393111
chr02	47004624	SL4.0ch02_44393968
chr02	47008779	SL4.0ch02_44398123
chr02	47045416	SL4.0ch02_44435384
chr02	47060549	SL4.0ch02_44450474
chr02	47075976	SL4.0ch02_44466263
chr02	47080538	SL4.0ch02_44470824
chr02	47093019	SL4.0ch02_44480646
chr02	47128348	SL4.0ch02_44515941
chr02	47131020	SL4.0ch02_44518593
chr02	47140563	SL4.0ch02_44528130
chr02	47162773	SL4.0ch02_44550443
chr02	47174009	SL4.0ch02_44561740
chr02	47176917	SL4.0ch02_44564644
chr02	47180413	SL4.0ch02_44568128
chr02	47183824	SL4.0ch02_44571529
chr02	47264514	SL4.0ch02_44663379
chr02	47314404	SL4.0ch02_44717092
chr02	47324691	SL4.0ch02_44727403
chr02	47349828	SL4.0ch02_44752767
chr02	47371013	SL4.0ch02_44774901
chr02	47409416	SL4.0ch02_44813432
chr02	47455361	SL4.0ch02_44859457
chr02	47465332	SL4.0ch02_44869429
chr02	47470934	SL4.0ch02_44875037
chr02	47473773	SL4.0ch02_44877879
chr02	47508550	SL4.0ch02_44913884
chr02	47533283	SL4.0ch02_44938633
chr02	47544501	SL4.0ch02_44949849
chr02	47556851	SL4.0ch02_44962084
chr02	47599759	SL4.0ch02_45005164
chr02	47607448	SL4.0ch02_45012884
chr02	47633982	SL4.0ch02_45039271
chr02	47656670	SL4.0ch02_45061980
chr02	47663661	SL4.0ch02_45068911
chr02	47667115	SL4.0ch02_45072436
chr02	47697748	SL4.0ch02_45103069
chr02	47705530	SL4.0ch02_45110217
chr02	47726576	SL4.0ch02_45129309
chr02	47746693	SL4.0ch02_45149080
chr02	47769078	SL4.0ch02_45169304
chr02	47780337	SL4.0ch02_45181475
chr02	47783208	SL4.0ch02_45184346
chr02	47788236	SL4.0ch02_45189386
chr02	47791336	SL4.0ch02_45192483
chr02	47804304	SL4.0ch02_45205461
chr02	47808656	SL4.0ch02_45209566
chr02	47818329	SL4.0ch02_45219247
chr02	47864428	SL4.0ch02_45264891
chr02	47868629	SL4.0ch02_45269091
chr02	47903610	SL4.0ch02_45304058
chr02	47943985	SL4.0ch02_45344394
chr02	47967376	SL4.0ch02_45367819
chr02	48015542	SL4.0ch02_45415414
chr02	48018962	SL4.0ch02_45418834
chr02	48057600	SL4.0ch02_45457570
chr02	48071263	SL4.0ch02_45471770
chr02	48083767	SL4.0ch02_45484423
chr02	48094613	SL4.0ch02_45506786
chr02	48102682	SL4.0ch02_45514858
chr02	48128341	SL4.0ch02_45540493
chr02	48133973	SL4.0ch02_45545145
chr02	48203778	SL4.0ch02_45615517
chr02	48217791	SL4.0ch02_45629475
chr02	48232790	SL4.0ch02_45656738
chr02	48235248	SL4.0ch02_45657791
chr02	48240083	SL4.0ch02_45662215
chr02	48252254	SL4.0ch02_45674029
chr02	48277394	SL4.0ch02_45699141
chr02	48289381	SL4.0ch02_45711632
chr02	48290238	SL4.0ch02_45712489
chr02	48300711	SL4.0ch02_45723376
chr02	48309050	SL4.0ch02_45731767
chr02	48318097	SL4.0ch02_45747754
chr02	48340235	SL4.0ch02_45766442
chr02	48404681	SL4.0ch02_45830720
chr02	48428536	SL4.0ch02_45854496
chr02	48445683	SL4.0ch02_45872612
chr02	48462924	SL4.0ch02_45889849
chr02	48486026	SL4.0ch02_45918301
chr02	48496382	SL4.0ch02_45928611
chr02	48522756	SL4.0ch02_45951798
chr02	48564394	SL4.0ch02_45988101
chr02	48577317	SL4.0ch02_46000988
chr02	48624999	SL4.0ch02_46048667
chr02	48629508	SL4.0ch02_46053114
chr02	48648041	SL4.0ch02_46071587
chr02	48673081	SL4.0ch02_46096642
chr02	48710059	SL4.0ch02_46133440
chr02	48711527	SL4.0ch02_46134908
chr02	48729211	SL4.0ch02_46152571
chr02	48772530	SL4.0ch02_46198454
chr02	48791057	SL4.0ch02_46217008
chr02	48804302	SL4.0ch02_46230256
chr02	48820878	SL4.0ch02_46246823
chr02	48838183	SL4.0ch02_46264110
chr02	48864228	SL4.0ch02_46290231
chr02	48891760	SL4.0ch02_46316115
chr02	48899435	SL4.0ch02_46323816
chr02	48936832	SL4.0ch02_46358902
chr02	48959283	SL4.0ch02_46381693
chr02	48977979	SL4.0ch02_46400295
chr02	48986541	SL4.0ch02_46408813
chr02	49003305	SL4.0ch02_46425621
chr02	49004390	SL4.0ch02_46426706
chr02	49055850	SL4.0ch02_46477369
chr02	49067132	SL4.0ch02_46487927
chr02	49078265	SL4.0ch02_46498934
chr02	49083216	SL4.0ch02_46503873
chr02	49092447	SL4.0ch02_46513106
chr02	49101915	SL4.0ch02_46522575
chr02	49146323	SL4.0ch02_46567070
chr02	49151744	SL4.0ch02_46572465
chr02	49163041	SL4.0ch02_46583851
chr02	49205656	SL4.0ch02_46626419
chr02	49212098	SL4.0ch02_46632878
chr02	49219349	SL4.0ch02_46640143
chr02	49221859	SL4.0ch02_46642653
chr02	49228802	SL4.0ch02_46649615
chr02	49233822	SL4.0ch02_46654633
chr02	49243765	SL4.0ch02_46664600
chr02	49279457	SL4.0ch02_46700255
chr02	49301499	SL4.0ch02_46715953
chr02	49325605	SL4.0ch02_46748726
chr02	49370070	SL4.0ch02_46793230
chr02	49387740	SL4.0ch02_46810951
chr02	49432734	SL4.0ch02_46855924
chr02	49457806	SL4.0ch02_46880863
chr02	49487859	SL4.0ch02_46903470
chr02	49520989	SL4.0ch02_46936586
chr02	49521107	SL4.0ch02_46936704
chr02	49521522	SL4.0ch02_46937114
chr02	49521523	SL4.0ch02_46937115
chr02	49525745	SL4.0ch02_46941351
chr02	49545002	SL4.0ch02_46960285
chr02	49590473	SL4.0ch02_47005688
chr02	49594530	SL4.0ch02_47009646
chr02	49624765	SL4.0ch02_47039106
chr02	49633268	SL4.0ch02_47047542
chr02	49667115	SL4.0ch02_47075467
chr02	49736902	SL4.0ch02_47121305
chr02	49767615	SL4.0ch02_47152017
chr02	49807671	SL4.0ch02_47192134
chr02	49824282	SL4.0ch02_47210445
chr02	49826085	SL4.0ch02_47212398
chr02	49835801	SL4.0ch02_47222513
chr02	49850391	SL4.0ch02_47236544
chr02	49853797	SL4.0ch02_47239950
chr02	49853999	SL4.0ch02_47240152
chr02	49936356	SL4.0ch02_47320513
chr02	49939121	SL4.0ch02_47323279
chr02	49987888	SL4.0ch02_47360828
chr02	50008304	SL4.0ch02_47381240
chr02	50022974	SL4.0ch02_47395893
chr02	50025985	SL4.0ch02_47398914
chr02	50069158	SL4.0ch02_47431505
chr02	50077170	SL4.0ch02_47439348
chr02	50092509	SL4.0ch02_47454722
chr02	50132183	SL4.0ch02_47493735
chr02	50163865	SL4.0ch02_47525291
chr02	50213564	SL4.0ch02_47578581
chr02	50214063	SL4.0ch02_47579077
chr02	50228969	SL4.0ch02_47593537
chr02	50261443	SL4.0ch02_47626345
chr02	50263481	SL4.0ch02_47628382
chr02	50264338	SL4.0ch02_47629212
chr02	50306307	SL4.0ch02_47671151
chr02	50326098	SL4.0ch02_47690880
chr02	50353156	SL4.0ch02_47717509
chr02	50368679	SL4.0ch02_47760249
chr02	50379960	SL4.0ch02_47771555
chr02	50412519	SL4.0ch02_47803313
chr02	50420577	SL4.0ch02_47811372
chr02	50423946	SL4.0ch02_47814741
chr02	50467783	SL4.0ch02_47883140
chr02	50490908	SL4.0ch02_47906475
chr02	50506388	SL4.0ch02_47921998
chr02	50517512	SL4.0ch02_47933009
chr02	50530837	SL4.0ch02_47946306
chr02	50548002	SL4.0ch02_47963502
chr02	50554539	SL4.0ch02_47970053
chr02	50558535	SL4.0ch02_47974049
chr02	50609241	SL4.0ch02_48023673
chr02	50653698	SL4.0ch02_48067928
chr02	50668981	SL4.0ch02_48082944
chr02	50674584	SL4.0ch02_48088462
chr02	50696461	SL4.0ch02_48110282
chr02	50713870	SL4.0ch02_48127769
chr02	50736087	SL4.0ch02_48150004
chr02	50787260	SL4.0ch02_48200782
chr02	50794966	SL4.0ch02_48208567
chr02	50800064	SL4.0ch02_48213667
chr02	50806139	SL4.0ch02_48219746
chr02	50816616	SL4.0ch02_48230210
chr02	50842960	SL4.0ch02_48256575
chr02	50851192	SL4.0ch02_48264743
chr02	50880023	SL4.0ch02_48296670
chr02	50885818	SL4.0ch02_48302491
chr02	50905498	SL4.0ch02_48312084
chr02	50936299	SL4.0ch02_48342918
chr02	50959544	SL4.0ch02_48359991
chr02	50969841	SL4.0ch02_48370215
chr02	51031947	SL4.0ch02_48432939
chr02	51033637	SL4.0ch02_48434626
chr02	51044023	SL4.0ch02_48445012
chr02	51063996	SL4.0ch02_48464399
chr02	51118936	SL4.0ch02_48519435
chr02	51161276	SL4.0ch02_48589653
chr02	51168435	SL4.0ch02_48596815
chr02	51184045	SL4.0ch02_48612238
chr02	51185905	SL4.0ch02_48614098
chr02	51193958	SL4.0ch02_48622152
chr02	51229560	SL4.0ch02_48657906
chr02	51246312	SL4.0ch02_48673968
chr02	51254971	SL4.0ch02_48682611
chr02	51276622	SL4.0ch02_48704396
chr02	51330470	SL4.0ch02_48757015
chr02	51335297	SL4.0ch02_48761842
chr02	51344896	SL4.0ch02_48771441
chr02	51353986	SL4.0ch02_48780545
chr02	51356292	SL4.0ch02_48782861
chr02	51367584	SL4.0ch02_48794163
chr02	51386653	SL4.0ch02_48813244
chr02	51391368	SL4.0ch02_48817957
chr02	51424852	SL4.0ch02_48850673
chr02	51429458	SL4.0ch02_48855421
chr02	51455404	SL4.0ch02_48881401
chr02	51571468	SL4.0ch02_48975959
chr02	51580599	SL4.0ch02_48985204
chr02	51655464	SL4.0ch02_49047420
chr02	51664550	SL4.0ch02_49056524
chr02	51676020	SL4.0ch02_49069811
chr02	51681413	SL4.0ch02_49075205
chr02	51685613	SL4.0ch02_49079227
chr02	51699325	SL4.0ch02_49092950
chr02	51747086	SL4.0ch02_49140744
chr02	51752947	SL4.0ch02_49146605
chr02	51771577	SL4.0ch02_49165036
chr02	51784763	SL4.0ch02_49178165
chr02	51804495	SL4.0ch02_49197886
chr02	51810145	SL4.0ch02_49203548
chr02	51818024	SL4.0ch02_49211397
chr02	51890682	SL4.0ch02_49283616
chr02	51895107	SL4.0ch02_49291119
chr02	51913249	SL4.0ch02_49309355
chr02	51926856	SL4.0ch02_49330645
chr02	51954819	SL4.0ch02_49358604
chr02	52003030	SL4.0ch02_49402033
chr02	52012432	SL4.0ch02_49411430
chr02	52024001	SL4.0ch02_49422957
chr02	52036019	SL4.0ch02_49434992
chr02	52050371	SL4.0ch02_49449333
chr02	52087162	SL4.0ch02_49476853
chr02	52092990	SL4.0ch02_49482648
chr02	52117981	SL4.0ch02_49507613
chr02	52118870	SL4.0ch02_49508502
chr02	52132782	SL4.0ch02_49522375
chr02	52179481	SL4.0ch02_49569147
chr02	52204073	SL4.0ch02_49593420
chr02	52229368	SL4.0ch02_49618697
chr02	52235267	SL4.0ch02_49624641
chr02	52238852	SL4.0ch02_49628226
chr02	52291794	SL4.0ch02_49693563
chr02	52318329	SL4.0ch02_49719693
chr02	52343905	SL4.0ch02_49746015
chr02	52356660	SL4.0ch02_49757621
chr02	52433388	SL4.0ch02_49837645
chr02	52451450	SL4.0ch02_49855723
chr02	52467954	SL4.0ch02_49872239
chr02	52503611	SL4.0ch02_49902817
chr02	52506082	SL4.0ch02_49905288
chr02	52546153	SL4.0ch02_49921545
chr02	52551334	SL4.0ch02_49926712
chr02	52552385	SL4.0ch02_49927763
chr02	52555453	SL4.0ch02_49930843
chr02	52567194	SL4.0ch02_49942560
chr02	52580479	SL4.0ch02_49955880
chr02	52583721	SL4.0ch02_49959141
chr02	52598445	SL4.0ch02_49977687
chr02	52623143	SL4.0ch02_50007510
chr02	52634995	SL4.0ch02_50017915
chr02	52675761	SL4.0ch02_50053906
chr02	52706001	SL4.0ch02_50097095
chr02	52714093	SL4.0ch02_50105194
chr02	52728684	SL4.0ch02_50119728
chr02	52730215	SL4.0ch02_50121259
chr02	52778355	SL4.0ch02_50169100
chr02	52802263	SL4.0ch02_50193021
chr02	52817877	SL4.0ch02_50208173
chr02	52830680	SL4.0ch02_50220995
chr02	52844596	SL4.0ch02_50234918
chr02	52889010	SL4.0ch02_50279401
chr02	52914363	SL4.0ch02_50304790
chr02	52942970	SL4.0ch02_50333317
chr02	52951880	SL4.0ch02_50342204
chr02	52985058	SL4.0ch02_50375436
chr02	53008047	SL4.0ch02_50398001
chr02	53024066	SL4.0ch02_50414040
chr02	53046249	SL4.0ch02_50436271
chr02	53047220	SL4.0ch02_50437243
chr02	53052243	SL4.0ch02_50442272
chr02	53066102	SL4.0ch02_50456508
chr02	53082531	SL4.0ch02_50472843
chr02	53090666	SL4.0ch02_50481016
chr02	53096812	SL4.0ch02_50487165
chr02	53122117	SL4.0ch02_50512514
chr02	53131961	SL4.0ch02_50522370
chr02	53133748	SL4.0ch02_50524157
chr02	53137262	SL4.0ch02_50531711
chr02	53150380	SL4.0ch02_50557092
chr02	53223443	SL4.0ch02_50629866
chr02	53244215	SL4.0ch02_50650339
chr02	53258794	SL4.0ch02_50665106
chr02	53269767	SL4.0ch02_50676080
chr02	53270148	SL4.0ch02_50676462
chr02	53319592	SL4.0ch02_50725916
chr02	53333243	SL4.0ch02_50739411
chr02	53357301	SL4.0ch02_50763438
chr02	53396670	SL4.0ch02_50802535
chr02	53467937	SL4.0ch02_50870322
chr02	53490878	SL4.0ch02_50893253
chr02	53518638	SL4.0ch02_50910680
chr02	53525899	SL4.0ch02_50919298
chr02	53530553	SL4.0ch02_50923951
chr02	53536390	SL4.0ch02_50929795
chr02	53548860	SL4.0ch02_50942420
chr02	53550351	SL4.0ch02_50943911
chr02	53560830	SL4.0ch02_50955136
chr02	53589410	SL4.0ch02_50983658
chr02	53650812	SL4.0ch02_51051649
chr02	53684390	SL4.0ch02_51096316
chr02	53686723	SL4.0ch02_51098650
chr02	53697942	SL4.0ch02_51110350
chr02	53725627	SL4.0ch02_51137900
chr02	53767924	SL4.0ch02_51177053
chr02	53779703	SL4.0ch02_51188858
chr02	53788739	SL4.0ch02_51198123
chr02	53812147	SL4.0ch02_51221836
chr02	53817093	SL4.0ch02_51226827
chr02	53874595	SL4.0ch02_51274939
chr02	53924793	SL4.0ch02_51315842
chr02	53930098	SL4.0ch02_51321115
chr02	53932483	SL4.0ch02_51323468
chr02	53955542	SL4.0ch02_51346456
chr02	53985054	SL4.0ch02_51370840
chr02	54037264	SL4.0ch02_51424448
chr02	54041108	SL4.0ch02_51428307
chr02	54045454	SL4.0ch02_51432643
chr02	54053305	SL4.0ch02_51440499
chr02	54053903	SL4.0ch02_51441098
chr02	54059201	SL4.0ch02_51446397
chr02	54060185	SL4.0ch02_51447381
chr02	54077527	SL4.0ch02_51464767
chr02	54132768	SL4.0ch02_51519371
chr02	54143467	SL4.0ch02_51530355
chr02	54161500	SL4.0ch02_51548355
chr02	54191484	SL4.0ch02_51570705
chr02	54238973	SL4.0ch02_51636354
chr02	54261540	SL4.0ch02_51658957
chr02	54277031	SL4.0ch02_51674473
chr02	54282627	SL4.0ch02_51680041
chr02	54314128	SL4.0ch02_51711374
chr02	54337963	SL4.0ch02_51735147
chr02	54352670	SL4.0ch02_51749833
chr02	54364771	SL4.0ch02_51761981
chr02	54380506	SL4.0ch02_51777902
chr02	54401890	SL4.0ch02_51799287
chr02	54416081	SL4.0ch02_51813482
chr02	54432538	SL4.0ch02_51829903
chr02	54446090	SL4.0ch02_51843446
chr02	54466942	SL4.0ch02_51864293
chr02	54485268	SL4.0ch02_51882505
chr02	54488152	SL4.0ch02_51885391
chr02	54490318	SL4.0ch02_51887558
chr02	54520131	SL4.0ch02_51934277
chr02	54544992	SL4.0ch02_51958757
chr02	54548198	SL4.0ch02_51961973
chr02	54563423	SL4.0ch02_51977144
chr02	54593643	SL4.0ch02_52012248
chr02	54616350	SL4.0ch02_52034972
chr02	54641884	SL4.0ch02_52060168
chr02	54658131	SL4.0ch02_52076243
chr02	54661894	SL4.0ch02_52080017
chr02	54713325	SL4.0ch02_52128297
chr02	54749893	SL4.0ch02_52162663
chr02	54762221	SL4.0ch02_52174847
chr02	54832830	SL4.0ch02_52245542
chr02	54834409	SL4.0ch02_52247123
chr02	54858418	SL4.0ch02_52271094
chr02	54904484	SL4.0ch02_52313395
chr02	54909134	SL4.0ch02_52318012
chr02	54922873	SL4.0ch02_52331846
chr02	54928296	SL4.0ch02_52337274
chr02	54947619	SL4.0ch02_52356625
chr02	54978399	SL4.0ch02_52387483
chr02	54986694	SL4.0ch02_52395785
chr02	54994893	SL4.0ch02_52407330
chr02	55008778	SL4.0ch02_52421171
chr02	55037174	SL4.0ch02_52449569
chr02	55045823	SL4.0ch02_52458216
chr02	55051783	SL4.0ch02_52464182
chr02	55060194	SL4.0ch02_52472577
chr02	55074254	SL4.0ch02_52486614
chr02	55103918	SL4.0ch02_52556634
chr02	55113861	SL4.0ch02_52566599
chr02	55140985	SL4.0ch02_52593938
chr02	55191256	SL4.0ch02_52640985
chr02	55210461	SL4.0ch02_52660010
chr02	55212757	SL4.0ch02_52662307
chr02	55220299	SL4.0ch02_52669851
chr02	55239717	SL4.0ch02_52689238
chr02	55250591	SL4.0ch02_52700149
chr02	55272507	SL4.0ch02_52721939
chr02	55284398	SL4.0ch02_52733772
chr02	55306759	SL4.0ch02_52756136
chr02	55325907	SL4.0ch02_52775360
chr02	55348254	SL4.0ch02_52792574
chr02	55349351	SL4.0ch02_52793672
chr02	55363427	SL4.0ch02_52808027
chr02	55405350	SL4.0ch02_52849954
chr02	55421685	SL4.0ch02_52865841
chr02	55444279	SL4.0ch02_52888421
chr02	55446756	SL4.0ch02_52890908
chr02	55484552	SL4.0ch02_52928761
chr02	55494853	SL4.0ch02_52939085
chr02	55543688	SL4.0ch02_52987843
chr02	55576748	SL4.0ch02_53020897
chr02	55579061	SL4.0ch02_53023251
chr02	55581816	SL4.0ch02_53026025
chr02	55584100	SL4.0ch02_53028310
chr02	55593237	SL4.0ch02_53037444
chr02	55610126	SL4.0ch02_53054369
chr02	55635055	SL4.0ch02_53079027
chr02	55731440	SL4.0ch02_53187669
chr02	55738893	SL4.0ch02_53195444
chr02	55817855	SL4.0ch02_53265273
chr02	55944507	SL4.0ch02_53373403
chr03	733965	SL4.0ch03_86127
chr03	746574	SL4.0ch03_89884
chr03	771099	SL4.0ch03_115018
chr03	789960	SL4.0ch03_134852
chr03	790773	SL4.0ch03_135666
chr03	815024	SL4.0ch03_159854
chr03	829978	SL4.0ch03_174847
chr03	831015	SL4.0ch03_175884
chr03	833071	SL4.0ch03_178003
chr03	835715	SL4.0ch03_180658
chr03	848540	SL4.0ch03_193415
chr03	860575	SL4.0ch03_205577
chr03	861169	SL4.0ch03_206172
chr03	873520	SL4.0ch03_218295
chr03	978666	SL4.0ch03_321286
chr03	1004530	SL4.0ch03_346496
chr03	1030861	SL4.0ch03_372810
chr03	1100303	SL4.0ch03_443183
chr03	1119670	SL4.0ch03_462525
chr03	1120337	SL4.0ch03_485678
chr03	1120850	SL4.0ch03_486198
chr03	1122461	SL4.0ch03_487809
chr03	1147473	SL4.0ch03_512270
chr03	1158985	SL4.0ch03_524607
chr03	1168484	SL4.0ch03_534101
chr03	1185107	SL4.0ch03_550292
chr03	1256427	SL4.0ch03_620978
chr03	1297368	SL4.0ch03_661941
chr03	1300974	SL4.0ch03_665555
chr03	1318905	SL4.0ch03_683478
chr03	1371816	SL4.0ch03_730868
chr03	1427897	SL4.0ch03_768043
chr03	1462306	SL4.0ch03_808867
chr03	1487838	SL4.0ch03_834366
chr03	1498589	SL4.0ch03_845433
chr03	1502053	SL4.0ch03_848895
chr03	1502518	SL4.0ch03_849360
chr03	1517357	SL4.0ch03_864143
chr03	1529434	SL4.0ch03_873518
chr03	1572234	SL4.0ch03_916169
chr03	1600030	SL4.0ch03_944037
chr03	1612967	SL4.0ch03_956772
chr03	1636178	SL4.0ch03_980016
chr03	1640208	SL4.0ch03_984052
chr03	1667215	SL4.0ch03_1011063
chr03	1679942	SL4.0ch03_1023737
chr03	1702781	SL4.0ch03_1046580
chr03	1724392	SL4.0ch03_1095385
chr03	1734314	SL4.0ch03_1105546
chr03	1734570	SL4.0ch03_1105802
chr03	1735823	SL4.0ch03_1107055
chr03	1757562	SL4.0ch03_1128882
chr03	1768544	SL4.0ch03_1139874
chr03	1775155	SL4.0ch03_1146256
chr03	1796199	SL4.0ch03_1167576
chr03	1824297	SL4.0ch03_1196021
chr03	1858486	SL4.0ch03_1230085
chr03	1900848	SL4.0ch03_1272433
chr03	1923164	SL4.0ch03_1294737
chr03	1934457	SL4.0ch03_1297695
chr03	1957240	SL4.0ch03_1324276
chr03	1962519	SL4.0ch03_1329300
chr03	1964476	SL4.0ch03_1331268
chr03	1984494	SL4.0ch03_1346247
chr03	1997036	SL4.0ch03_1358793
chr03	2069358	SL4.0ch03_1430920
chr03	2085115	SL4.0ch03_1446628
chr03	2116374	SL4.0ch03_1477626
chr03	2150201	SL4.0ch03_1510486
chr03	2151133	SL4.0ch03_1511410
chr03	2164945	SL4.0ch03_1525179
chr03	2190094	SL4.0ch03_1550352
chr03	2220543	SL4.0ch03_1580781
chr03	2250784	SL4.0ch03_1611251
chr03	2265403	SL4.0ch03_1623442
chr03	2281570	SL4.0ch03_1639570
chr03	2296715	SL4.0ch03_1654740
chr03	2311816	SL4.0ch03_1668988
chr03	2357088	SL4.0ch03_1714383
chr03	2369210	SL4.0ch03_1726487
chr03	2388135	SL4.0ch03_1745254
chr03	2391664	SL4.0ch03_1748781
chr03	2402289	SL4.0ch03_1759401
chr03	2449816	SL4.0ch03_1807059
chr03	2454588	SL4.0ch03_1811748
chr03	2472565	SL4.0ch03_1833226
chr03	2507097	SL4.0ch03_1867360
chr03	2529932	SL4.0ch03_1890149
chr03	2530323	SL4.0ch03_1890540
chr03	2559743	SL4.0ch03_1919994
chr03	2571093	SL4.0ch03_1931345
chr03	2577911	SL4.0ch03_1938184
chr03	2604224	SL4.0ch03_1964535
chr03	2667180	SL4.0ch03_2027167
chr03	2677261	SL4.0ch03_2037280
chr03	2683484	SL4.0ch03_2043484
chr03	2683923	SL4.0ch03_2043914
chr03	2710425	SL4.0ch03_2072180
chr03	2728142	SL4.0ch03_2086544
chr03	2775531	SL4.0ch03_2133993
chr03	2796399	SL4.0ch03_2154479
chr03	2818353	SL4.0ch03_2176407
chr03	2867520	SL4.0ch03_2227077
chr03	2897760	SL4.0ch03_2257361
chr03	2926377	SL4.0ch03_2286943
chr03	2927766	SL4.0ch03_2288315
chr03	2946373	SL4.0ch03_2311069
chr03	2975716	SL4.0ch03_2340702
chr03	2993105	SL4.0ch03_2358009
chr03	3032197	SL4.0ch03_2397059
chr03	3040294	SL4.0ch03_2405122
chr03	3042549	SL4.0ch03_2407387
chr03	3046055	SL4.0ch03_2410426
chr03	3066013	SL4.0ch03_2430667
chr03	3078086	SL4.0ch03_2442760
chr03	3102461	SL4.0ch03_2465002
chr03	3125196	SL4.0ch03_2487721
chr03	3137761	SL4.0ch03_2500281
chr03	3172814	SL4.0ch03_2556368
chr03	3193694	SL4.0ch03_2577269
chr03	3206155	SL4.0ch03_2589941
chr03	3258278	SL4.0ch03_2641518
chr03	3258957	SL4.0ch03_2642208
chr03	3294258	SL4.0ch03_2676681
chr03	3309422	SL4.0ch03_2691996
chr03	3334487	SL4.0ch03_2717130
chr03	3338402	SL4.0ch03_2720764
chr03	3345359	SL4.0ch03_2727794
chr03	3351632	SL4.0ch03_2734065
chr03	3407119	SL4.0ch03_2780477
chr03	3428750	SL4.0ch03_2801454
chr03	3445541	SL4.0ch03_2818225
chr03	3453731	SL4.0ch03_2826371
chr03	3476746	SL4.0ch03_2849352
chr03	3485367	SL4.0ch03_2857967
chr03	3486046	SL4.0ch03_2858647
chr03	3506893	SL4.0ch03_2879514
chr03	3520760	SL4.0ch03_2893408
chr03	3540182	SL4.0ch03_2912835
chr03	3573368	SL4.0ch03_2945829
chr03	3582174	SL4.0ch03_2954331
chr03	3619551	SL4.0ch03_2993584
chr03	3660463	SL4.0ch03_3034584
chr03	3680387	SL4.0ch03_3053172
chr03	3683224	SL4.0ch03_3056012
chr03	3704832	SL4.0ch03_3077469
chr03	3727390	SL4.0ch03_3098952
chr03	3749231	SL4.0ch03_3120792
chr03	3757262	SL4.0ch03_3128835
chr03	3761358	SL4.0ch03_3132918
chr03	3772996	SL4.0ch03_3144549
chr03	3784208	SL4.0ch03_3155729
chr03	3816563	SL4.0ch03_3206754
chr03	3845932	SL4.0ch03_3236164
chr03	3853963	SL4.0ch03_3244194
chr03	3860277	SL4.0ch03_3250496
chr03	3907943	SL4.0ch03_3298084
chr03	3913830	SL4.0ch03_3303961
chr03	3915448	SL4.0ch03_3305493
chr03	3959739	SL4.0ch03_3350320
chr03	3963994	SL4.0ch03_3354574
chr03	3999538	SL4.0ch03_3385383
chr03	4003172	SL4.0ch03_3389014
chr03	4022076	SL4.0ch03_3407536
chr03	4032046	SL4.0ch03_3417499
chr03	4069460	SL4.0ch03_3450916
chr03	4080836	SL4.0ch03_3462292
chr03	4108484	SL4.0ch03_3493159
chr03	4134359	SL4.0ch03_3517426
chr03	4138520	SL4.0ch03_3521598
chr03	4140151	SL4.0ch03_3523229
chr03	4144020	SL4.0ch03_3527095
chr03	4175399	SL4.0ch03_3543755
chr03	4175460	SL4.0ch03_3543816
chr03	4175757	SL4.0ch03_3544113
chr03	4176190	SL4.0ch03_3544546
chr03	4192818	SL4.0ch03_3563450
chr03	4245299	SL4.0ch03_3616008
chr03	4254039	SL4.0ch03_3624587
chr03	4288513	SL4.0ch03_3659643
chr03	4295154	SL4.0ch03_3666285
chr03	4326769	SL4.0ch03_3700615
chr03	4326892	SL4.0ch03_3700738
chr03	4394103	SL4.0ch03_3767274
chr03	4434529	SL4.0ch03_3811246
chr03	4450209	SL4.0ch03_3825603
chr03	4463222	SL4.0ch03_3838642
chr03	4608321	SL4.0ch03_3892223
chr03	4622956	SL4.0ch03_3905974
chr03	4656654	SL4.0ch03_3940931
chr03	4669144	SL4.0ch03_3953621
chr03	4675758	SL4.0ch03_3975313
chr03	4722368	SL4.0ch03_4022072
chr03	4725127	SL4.0ch03_4024831
chr03	4756499	SL4.0ch03_4056092
chr03	4759016	SL4.0ch03_4058609
chr03	4765923	SL4.0ch03_4065469
chr03	4807819	SL4.0ch03_4107437
chr03	4825264	SL4.0ch03_4124760
chr03	4842981	SL4.0ch03_4142440
chr03	4882185	SL4.0ch03_4181583
chr03	4899939	SL4.0ch03_4199318
chr03	4925549	SL4.0ch03_4227440
chr03	4935127	SL4.0ch03_4237025
chr03	4941842	SL4.0ch03_4243757
chr03	4952124	SL4.0ch03_4255404
chr03	4971359	SL4.0ch03_4274567
chr03	4972895	SL4.0ch03_4276121
chr03	4993243	SL4.0ch03_4296421
chr03	5022839	SL4.0ch03_4325878
chr03	5029446	SL4.0ch03_4332511
chr03	5080318	SL4.0ch03_4389580
chr03	5124932	SL4.0ch03_4434257
chr03	5150085	SL4.0ch03_4450506
chr03	5159781	SL4.0ch03_4460189
chr03	5166785	SL4.0ch03_4467215
chr03	5218340	SL4.0ch03_4518342
chr03	5223908	SL4.0ch03_4523858
chr03	5227992	SL4.0ch03_4527942
chr03	5228755	SL4.0ch03_4528705
chr03	5262458	SL4.0ch03_4562461
chr03	5328709	SL4.0ch03_4614496
chr03	5374826	SL4.0ch03_4663630
chr03	5393439	SL4.0ch03_4682191
chr03	5546175	SL4.0ch03_4748457
chr03	5589716	SL4.0ch03_4789861
chr03	5589875	SL4.0ch03_4790020
chr03	5594928	SL4.0ch03_4795081
chr03	5603586	SL4.0ch03_4803752
chr03	5612659	SL4.0ch03_4812812
chr03	5648463	SL4.0ch03_4848651
chr03	5684253	SL4.0ch03_4884112
chr03	5685033	SL4.0ch03_4884886
chr03	5688444	SL4.0ch03_4888291
chr03	5698844	SL4.0ch03_4898703
chr03	5711446	SL4.0ch03_4911336
chr03	5715524	SL4.0ch03_4915427
chr03	5723107	SL4.0ch03_4922993
chr03	5778434	SL4.0ch03_4962032
chr03	5809709	SL4.0ch03_4993349
chr03	5824638	SL4.0ch03_5008327
chr03	5827047	SL4.0ch03_5010729
chr03	5829818	SL4.0ch03_5013442
chr03	5836258	SL4.0ch03_5019871
chr03	5856062	SL4.0ch03_5039348
chr03	5864357	SL4.0ch03_5047654
chr03	5873751	SL4.0ch03_5068410
chr03	5894428	SL4.0ch03_5089039
chr03	5895547	SL4.0ch03_5090158
chr03	5909714	SL4.0ch03_5104320
chr03	5943270	SL4.0ch03_5137819
chr03	5956973	SL4.0ch03_5151504
chr03	6027319	SL4.0ch03_5222808
chr03	6030810	SL4.0ch03_5226298
chr03	6037138	SL4.0ch03_5232625
chr03	6041409	SL4.0ch03_5236947
chr03	6042389	SL4.0ch03_5237927
chr03	6132531	SL4.0ch03_5323333
chr03	6369494	SL4.0ch03_5567893
chr03	6406866	SL4.0ch03_5611210
chr03	6434420	SL4.0ch03_5638229
chr03	6453381	SL4.0ch03_5656711
chr03	6523863	SL4.0ch03_5698131
chr03	6527473	SL4.0ch03_5701729
chr03	6528142	SL4.0ch03_5702400
chr03	6570946	SL4.0ch03_5745223
chr03	6638519	SL4.0ch03_5803366
chr03	6665608	SL4.0ch03_5830517
chr03	6671415	SL4.0ch03_5836320
chr03	6672396	SL4.0ch03_5837296
chr03	6685320	SL4.0ch03_5850260
chr03	6702000	SL4.0ch03_5866999
chr03	6716796	SL4.0ch03_5881809
chr03	6725299	SL4.0ch03_5890266
chr03	6751894	SL4.0ch03_5916751
chr03	6752243	SL4.0ch03_5917100
chr03	6763651	SL4.0ch03_5930139
chr03	6807805	SL4.0ch03_5965662
chr03	6826581	SL4.0ch03_5982662
chr03	6894317	SL4.0ch03_6054314
chr03	6909928	SL4.0ch03_6070006
chr03	6911858	SL4.0ch03_6071937
chr03	6913640	SL4.0ch03_6073739
chr03	6968857	SL4.0ch03_6130438
chr03	7073972	SL4.0ch03_6234035
chr03	7075558	SL4.0ch03_6235616
chr03	7075936	SL4.0ch03_6235994
chr03	7110084	SL4.0ch03_6270038
chr03	7143383	SL4.0ch03_6303293
chr03	7727245	SL4.0ch03_6379242
chr03	7731219	SL4.0ch03_6383219
chr03	7749722	SL4.0ch03_6401725
chr03	7847390	SL4.0ch03_6505746
chr03	7909203	SL4.0ch03_6567243
chr03	7935370	SL4.0ch03_6592308
chr03	7958877	SL4.0ch03_6615818
chr03	7959557	SL4.0ch03_6616498
chr03	8040876	SL4.0ch03_6702120
chr03	8064546	SL4.0ch03_6725836
chr03	8162283	SL4.0ch03_6823971
chr03	8188938	SL4.0ch03_6850561
chr03	8194274	SL4.0ch03_6856392
chr03	8202950	SL4.0ch03_6865167
chr03	8203511	SL4.0ch03_6865745
chr03	8204405	SL4.0ch03_6866639
chr03	8211830	SL4.0ch03_6871662
chr03	8218442	SL4.0ch03_6878274
chr03	8238308	SL4.0ch03_6898183
chr03	8251712	SL4.0ch03_6913590
chr03	8304539	SL4.0ch03_6966506
chr03	8324297	SL4.0ch03_6986267
chr03	8334654	SL4.0ch03_6996612
chr03	8343650	SL4.0ch03_7005582
chr03	8372391	SL4.0ch03_7038240
chr03	8382689	SL4.0ch03_7048555
chr03	8391914	SL4.0ch03_7057757
chr03	8394714	SL4.0ch03_7060319
chr03	8421716	SL4.0ch03_7085119
chr03	8518955	SL4.0ch03_7189446
chr03	8529257	SL4.0ch03_7199749
chr03	8560122	SL4.0ch03_7230923
chr03	8577092	SL4.0ch03_7247889
chr03	8589657	SL4.0ch03_7269275
chr03	8595212	SL4.0ch03_7274273
chr03	8652850	SL4.0ch03_7332015
chr03	8671935	SL4.0ch03_7376417
chr03	8696571	SL4.0ch03_7388990
chr03	8698239	SL4.0ch03_7390634
chr03	8736153	SL4.0ch03_7428635
chr03	8807387	SL4.0ch03_7515880
chr03	8807797	SL4.0ch03_7516290
chr03	8808813	SL4.0ch03_7517306
chr03	8809669	SL4.0ch03_7518162
chr03	8810984	SL4.0ch03_7519493
chr03	8811072	SL4.0ch03_7519581
chr03	8830625	SL4.0ch03_7539144
chr03	8863145	SL4.0ch03_7574898
chr03	8983334	SL4.0ch03_7704885
chr03	9023787	SL4.0ch03_7735860
chr03	9031160	SL4.0ch03_7743240
chr03	9041348	SL4.0ch03_7753428
chr03	9044926	SL4.0ch03_7757005
chr03	9134223	SL4.0ch03_7846177
chr03	9218271	SL4.0ch03_7930225
chr03	9325407	SL4.0ch03_8037427
chr03	9414492	SL4.0ch03_8126407
chr03	9474011	SL4.0ch03_8185913
chr03	9530051	SL4.0ch03_8241924
chr03	9570107	SL4.0ch03_8282249
chr03	9781755	SL4.0ch03_8498897
chr03	9791940	SL4.0ch03_8509099
chr03	9815305	SL4.0ch03_8532470
chr03	9823882	SL4.0ch03_8541040
chr03	9833789	SL4.0ch03_8550941
chr03	9835125	SL4.0ch03_8552278
chr03	9840384	SL4.0ch03_8557514
chr03	9861401	SL4.0ch03_8578566
chr03	9901387	SL4.0ch03_8618133
chr03	9935145	SL4.0ch03_8651872
chr03	9935892	SL4.0ch03_8652619
chr03	10001820	SL4.0ch03_8704412
chr03	10024484	SL4.0ch03_8726982
chr03	10093689	SL4.0ch03_8788846
chr03	10105724	SL4.0ch03_8800881
chr03	10113777	SL4.0ch03_8808569
chr03	10144553	SL4.0ch03_8840386
chr03	10163800	SL4.0ch03_8859528
chr03	10209590	SL4.0ch03_8904995
chr03	10224937	SL4.0ch03_8920338
chr03	10271982	SL4.0ch03_8967351
chr03	10283460	SL4.0ch03_8978670
chr03	10289747	SL4.0ch03_8984957
chr03	10384491	SL4.0ch03_9090142
chr03	10393097	SL4.0ch03_9098748
chr03	10421138	SL4.0ch03_9126766
chr03	10424411	SL4.0ch03_9130044
chr03	10425646	SL4.0ch03_9131260
chr03	10508355	SL4.0ch03_9217737
chr03	10543363	SL4.0ch03_9252769
chr03	10612576	SL4.0ch03_9321662
chr03	10616114	SL4.0ch03_9325202
chr03	10621569	SL4.0ch03_9330656
chr03	10654468	SL4.0ch03_9363489
chr03	10679967	SL4.0ch03_9388974
chr03	10720288	SL4.0ch03_9429300
chr03	10731817	SL4.0ch03_9440815
chr03	10821485	SL4.0ch03_9527924
chr03	10888091	SL4.0ch03_9587304
chr03	10890189	SL4.0ch03_9589402
chr03	10893293	SL4.0ch03_9592508
chr03	10900738	SL4.0ch03_9599943
chr03	10907507	SL4.0ch03_9606818
chr03	10929912	SL4.0ch03_9629244
chr03	10945287	SL4.0ch03_9644609
chr03	10978513	SL4.0ch03_9678362
chr03	10995518	SL4.0ch03_9695375
chr03	10998283	SL4.0ch03_9698123
chr03	11037119	SL4.0ch03_9736954
chr03	11048147	SL4.0ch03_9747989
chr03	11049815	SL4.0ch03_9749656
chr03	11066920	SL4.0ch03_9766939
chr03	11083138	SL4.0ch03_9783162
chr03	11144374	SL4.0ch03_9844132
chr03	11272183	SL4.0ch03_9953587
chr03	11306638	SL4.0ch03_9988373
chr03	11320572	SL4.0ch03_10002298
chr03	11374494	SL4.0ch03_10055868
chr03	11513588	SL4.0ch03_10188678
chr03	11633067	SL4.0ch03_10309613
chr03	11805337	SL4.0ch03_10479467
chr03	11835461	SL4.0ch03_10509685
chr03	11840371	SL4.0ch03_10514611
chr03	11846845	SL4.0ch03_10520970
chr03	11914507	SL4.0ch03_10587958
chr03	11915282	SL4.0ch03_10588733
chr03	11964256	SL4.0ch03_10637367
chr03	12016172	SL4.0ch03_10689360
chr03	12022876	SL4.0ch03_10696065
chr03	12057468	SL4.0ch03_10721518
chr03	12078170	SL4.0ch03_10742168
chr03	12081830	SL4.0ch03_10745832
chr03	12082897	SL4.0ch03_10746899
chr03	12084481	SL4.0ch03_10748483
chr03	12107415	SL4.0ch03_10771388
chr03	12167283	SL4.0ch03_10842820
chr03	12168760	SL4.0ch03_10844296
chr03	12234912	SL4.0ch03_10910606
chr03	12427941	SL4.0ch03_11024596
chr03	12490233	SL4.0ch03_11086806
chr03	12538621	SL4.0ch03_11135281
chr03	12620583	SL4.0ch03_11217210
chr03	12628830	SL4.0ch03_11225457
chr03	12745995	SL4.0ch03_11351480
chr03	12747580	SL4.0ch03_11353065
chr03	12796714	SL4.0ch03_11402206
chr03	12867639	SL4.0ch03_11473168
chr03	12883171	SL4.0ch03_11488703
chr03	12885238	SL4.0ch03_11490766
chr03	12907810	SL4.0ch03_11513337
chr03	12925213	SL4.0ch03_11530745
chr03	13034044	SL4.0ch03_11640111
chr03	13051564	SL4.0ch03_11669811
chr03	13096513	SL4.0ch03_11722128
chr03	13102550	SL4.0ch03_11762957
chr03	13105978	SL4.0ch03_11766385
chr03	13131013	SL4.0ch03_11796631
chr03	13139838	SL4.0ch03_11805513
chr03	13158514	SL4.0ch03_11824050
chr03	13160490	SL4.0ch03_11826026
chr03	13173421	SL4.0ch03_11838945
chr03	13190680	SL4.0ch03_11856104
chr03	13236213	SL4.0ch03_11901744
chr03	13349166	SL4.0ch03_12014505
chr03	13403026	SL4.0ch03_12068275
chr03	13431384	SL4.0ch03_12096636
chr03	13447827	SL4.0ch03_12113036
chr03	13587729	SL4.0ch03_12258862
chr03	13631346	SL4.0ch03_12302412
chr03	13699148	SL4.0ch03_12376037
chr03	13731521	SL4.0ch03_12408447
chr03	13775795	SL4.0ch03_12452706
chr03	13896305	SL4.0ch03_12557329
chr03	13931295	SL4.0ch03_12610242
chr03	14220386	SL4.0ch03_12845287
chr03	14308933	SL4.0ch03_12952187
chr03	14385229	SL4.0ch03_13028473
chr03	14446726	SL4.0ch03_13093916
chr03	14473770	SL4.0ch03_13122374
chr03	14699897	SL4.0ch03_13353519
chr03	14765186	SL4.0ch03_13416650
chr03	14826790	SL4.0ch03_13472442
chr03	14964927	SL4.0ch03_13546129
chr03	14984471	SL4.0ch03_13565714
chr03	14999448	SL4.0ch03_13579815
chr03	15008998	SL4.0ch03_13589370
chr03	15043044	SL4.0ch03_13623029
chr03	15130229	SL4.0ch03_13709381
chr03	15286474	SL4.0ch03_13877239
chr03	15412920	SL4.0ch03_13976942
chr03	15445717	SL4.0ch03_14013656
chr03	15644891	SL4.0ch03_14353298
chr03	15647163	SL4.0ch03_14355572
chr03	15861540	SL4.0ch03_14560706
chr03	15907906	SL4.0ch03_14599369
chr03	15917628	SL4.0ch03_14609092
chr03	15923019	SL4.0ch03_14614483
chr03	15932413	SL4.0ch03_14623706
chr03	16037123	SL4.0ch03_14726717
chr03	16113114	SL4.0ch03_14802769
chr03	16148568	SL4.0ch03_14837986
chr03	16163204	SL4.0ch03_14852535
chr03	16185350	SL4.0ch03_14874697
chr03	16186530	SL4.0ch03_14875877
chr03	16198898	SL4.0ch03_14888344
chr03	16213126	SL4.0ch03_14902572
chr03	16358509	SL4.0ch03_15047395
chr03	16375290	SL4.0ch03_15064193
chr03	16377086	SL4.0ch03_15065990
chr03	16424016	SL4.0ch03_15112909
chr03	16475520	SL4.0ch03_15164369
chr03	16578281	SL4.0ch03_15312746
chr03	16624618	SL4.0ch03_15357372
chr03	16646998	SL4.0ch03_15386858
chr03	16647167	SL4.0ch03_15387027
chr03	16650675	SL4.0ch03_15390528
chr03	16661386	SL4.0ch03_15401219
chr03	16679624	SL4.0ch03_15419449
chr03	16686496	SL4.0ch03_15426323
chr03	16795103	SL4.0ch03_15803652
chr03	16806628	SL4.0ch03_15792124
chr03	16829895	SL4.0ch03_15776781
chr03	16887435	SL4.0ch03_15721842
chr03	16929887	SL4.0ch03_15542617
chr03	17020528	SL4.0ch03_15893247
chr03	17022418	SL4.0ch03_15895138
chr03	17039471	SL4.0ch03_15912226
chr03	17191412	SL4.0ch03_16016133
chr03	17323025	SL4.0ch03_16155748
chr03	17374852	SL4.0ch03_16214241
chr03	17560867	SL4.0ch03_16401981
chr03	17562460	SL4.0ch03_16403556
chr03	17590357	SL4.0ch03_16431483
chr03	17683213	SL4.0ch03_16523931
chr03	17708670	SL4.0ch03_16549460
chr03	17731415	SL4.0ch03_16572075
chr03	17750470	SL4.0ch03_16590978
chr03	17753502	SL4.0ch03_16593389
chr03	17854220	SL4.0ch03_16676131
chr03	17876410	SL4.0ch03_16691256
chr03	17917979	SL4.0ch03_16733392
chr03	17928782	SL4.0ch03_16764135
chr03	17971797	SL4.0ch03_16807055
chr03	18011786	SL4.0ch03_16847065
chr03	18012505	SL4.0ch03_16847784
chr03	18016463	SL4.0ch03_16851741
chr03	18024914	SL4.0ch03_16862283
chr03	18050481	SL4.0ch03_16888011
chr03	18058323	SL4.0ch03_16895854
chr03	18062343	SL4.0ch03_16899871
chr03	18104202	SL4.0ch03_16941738
chr03	18165594	SL4.0ch03_17003230
chr03	18222655	SL4.0ch03_17060200
chr03	18292162	SL4.0ch03_17129664
chr03	18328163	SL4.0ch03_17165481
chr03	18395852	SL4.0ch03_17198302
chr03	18430687	SL4.0ch03_17232940
chr03	18638164	SL4.0ch03_17439924
chr03	18648045	SL4.0ch03_17449803
chr03	18687985	SL4.0ch03_17482669
chr03	18850301	SL4.0ch03_17644491
chr03	18979311	SL4.0ch03_17774237
chr03	19004402	SL4.0ch03_17799330
chr03	19252018	SL4.0ch03_18036872
chr03	19352185	SL4.0ch03_18135342
chr03	19411514	SL4.0ch03_18194252
chr03	19436308	SL4.0ch03_18219003
chr03	19549097	SL4.0ch03_18334684
chr03	19667359	SL4.0ch03_18518423
chr03	19928247	SL4.0ch03_18784942
chr03	19952533	SL4.0ch03_18808859
chr03	20063435	SL4.0ch03_18944213
chr03	20191867	SL4.0ch03_19053393
chr03	20298747	SL4.0ch03_19160074
chr03	20322724	SL4.0ch03_19184068
chr03	20495197	SL4.0ch03_19356362
chr03	20584293	SL4.0ch03_19447037
chr03	20597948	SL4.0ch03_19460693
chr03	20598277	SL4.0ch03_19461022
chr03	20646161	SL4.0ch03_19508979
chr03	20881018	SL4.0ch03_19742256
chr03	20910716	SL4.0ch03_19771892
chr03	20960661	SL4.0ch03_19821348
chr03	21059858	SL4.0ch03_19920212
chr03	21074582	SL4.0ch03_19935001
chr03	21074665	SL4.0ch03_19935084
chr03	21113711	SL4.0ch03_19974177
chr03	21221008	SL4.0ch03_20081226
chr03	21278834	SL4.0ch03_20138937
chr03	21381347	SL4.0ch03_20241439
chr03	21417805	SL4.0ch03_20282700
chr03	21433209	SL4.0ch03_20298145
chr03	21453313	SL4.0ch03_20318276
chr03	21558918	SL4.0ch03_20425072
chr03	21590083	SL4.0ch03_20456284
chr03	21601369	SL4.0ch03_20467386
chr03	21619042	SL4.0ch03_20485059
chr03	21757436	SL4.0ch03_20623510
chr03	21952882	SL4.0ch03_20818642
chr03	21970777	SL4.0ch03_20836540
chr03	21977286	SL4.0ch03_20843051
chr03	22111968	SL4.0ch03_20977854
chr03	22136418	SL4.0ch03_21001278
chr03	22265085	SL4.0ch03_21129954
chr03	22304738	SL4.0ch03_21156391
chr03	22307338	SL4.0ch03_21159043
chr03	22394299	SL4.0ch03_21246345
chr03	22405997	SL4.0ch03_21258038
chr03	22500524	SL4.0ch03_21352512
chr03	22533831	SL4.0ch03_21385801
chr03	22577834	SL4.0ch03_21429879
chr03	22607665	SL4.0ch03_21468018
chr03	22612910	SL4.0ch03_21473247
chr03	22616636	SL4.0ch03_21476973
chr03	22655338	SL4.0ch03_21515646
chr03	22677553	SL4.0ch03_21537891
chr03	22697310	SL4.0ch03_21556405
chr03	22716941	SL4.0ch03_21576016
chr03	22727129	SL4.0ch03_21588601
chr03	22728849	SL4.0ch03_21590322
chr03	22741283	SL4.0ch03_21602761
chr03	22741357	SL4.0ch03_21602835
chr03	22778642	SL4.0ch03_21640106
chr03	22842799	SL4.0ch03_21704352
chr03	22850479	SL4.0ch03_21712033
chr03	23054811	SL4.0ch03_21914948
chr03	23142526	SL4.0ch03_22002647
chr03	23224353	SL4.0ch03_22077602
chr03	23305864	SL4.0ch03_22159236
chr03	23380529	SL4.0ch03_22232464
chr03	23456209	SL4.0ch03_22308136
chr03	23532241	SL4.0ch03_22384048
chr03	23593623	SL4.0ch03_22445339
chr03	23682374	SL4.0ch03_22534152
chr03	23798597	SL4.0ch03_22650973
chr03	23846263	SL4.0ch03_22698616
chr03	23932790	SL4.0ch03_22785138
chr03	24070992	SL4.0ch03_22917939
chr03	24088669	SL4.0ch03_22935632
chr03	24215598	SL4.0ch03_23062403
chr03	24237873	SL4.0ch03_23084883
chr03	24265160	SL4.0ch03_23112193
chr03	24429919	SL4.0ch03_23275701
chr03	24524331	SL4.0ch03_23363341
chr03	24548826	SL4.0ch03_23387825
chr03	24553245	SL4.0ch03_23392602
chr03	24573294	SL4.0ch03_23412650
chr03	24682456	SL4.0ch03_23521881
chr03	24683114	SL4.0ch03_23522539
chr03	24686888	SL4.0ch03_23526313
chr03	24861906	SL4.0ch03_23676621
chr03	24904643	SL4.0ch03_23726282
chr03	24919439	SL4.0ch03_23741056
chr03	24953989	SL4.0ch03_23776244
chr03	24983491	SL4.0ch03_23805719
chr03	25045414	SL4.0ch03_23867693
chr03	25119009	SL4.0ch03_23950422
chr03	25136904	SL4.0ch03_23999679
chr03	25156867	SL4.0ch03_24019505
chr03	25318707	SL4.0ch03_24180795
chr03	25346429	SL4.0ch03_24208635
chr03	25466044	SL4.0ch03_24331570
chr03	25652745	SL4.0ch03_24517762
chr03	25776180	SL4.0ch03_24651374
chr03	25900774	SL4.0ch03_24815376
chr03	26008290	SL4.0ch03_24925444
chr03	26062464	SL4.0ch03_24977266
chr03	26117814	SL4.0ch03_25032679
chr03	26192404	SL4.0ch03_25107278
chr03	26333752	SL4.0ch03_25249719
chr03	26394075	SL4.0ch03_25317046
chr03	26409399	SL4.0ch03_25332368
chr03	26507845	SL4.0ch03_25430310
chr03	26646238	SL4.0ch03_25562398
chr03	26680791	SL4.0ch03_25582118
chr03	26820372	SL4.0ch03_25694579
chr03	26820603	SL4.0ch03_25694810
chr03	26829602	SL4.0ch03_25703813
chr03	26838565	SL4.0ch03_25712768
chr03	26932787	SL4.0ch03_25807310
chr03	26959321	SL4.0ch03_25833298
chr03	27073178	SL4.0ch03_25933175
chr03	27139876	SL4.0ch03_25999933
chr03	27152676	SL4.0ch03_26012644
chr03	27269458	SL4.0ch03_26129265
chr03	27362288	SL4.0ch03_26221687
chr03	27544470	SL4.0ch03_26390106
chr03	27590222	SL4.0ch03_26435950
chr03	27761360	SL4.0ch03_26607245
chr03	27892872	SL4.0ch03_26719299
chr03	28249185	SL4.0ch03_27072664
chr03	28382963	SL4.0ch03_27207694
chr03	28532333	SL4.0ch03_27368414
chr03	28541317	SL4.0ch03_27377399
chr03	28699486	SL4.0ch03_27536346
chr03	28740447	SL4.0ch03_27577295
chr03	28747434	SL4.0ch03_27584283
chr03	28881326	SL4.0ch03_27695643
chr03	28887787	SL4.0ch03_27698213
chr03	28965956	SL4.0ch03_27776347
chr03	29008814	SL4.0ch03_27819221
chr03	29040014	SL4.0ch03_27850397
chr03	29220220	SL4.0ch03_28030455
chr03	29343647	SL4.0ch03_28164094
chr03	29348757	SL4.0ch03_28169202
chr03	29354056	SL4.0ch03_28174511
chr03	29466920	SL4.0ch03_28286901
chr03	29487611	SL4.0ch03_28307477
chr03	29695345	SL4.0ch03_28507486
chr03	29781080	SL4.0ch03_28567949
chr03	29868250	SL4.0ch03_28654734
chr03	29930626	SL4.0ch03_28717196
chr03	30270386	SL4.0ch03_29008115
chr03	30356978	SL4.0ch03_29094863
chr03	30494489	SL4.0ch03_29144294
chr03	30504281	SL4.0ch03_29154066
chr03	30575881	SL4.0ch03_29218031
chr03	30661765	SL4.0ch03_29303836
chr03	30769308	SL4.0ch03_29412492
chr03	30794177	SL4.0ch03_29437395
chr03	30839005	SL4.0ch03_29456440
chr03	30914432	SL4.0ch03_29531910
chr03	30947405	SL4.0ch03_29567637
chr03	31233892	SL4.0ch03_29849162
chr03	31409870	SL4.0ch03_29981350
chr03	31488907	SL4.0ch03_30060400
chr03	31648135	SL4.0ch03_30219850
chr03	31734268	SL4.0ch03_30305922
chr03	31814960	SL4.0ch03_30386454
chr03	31847141	SL4.0ch03_30418624
chr03	31884309	SL4.0ch03_30483207
chr03	31975466	SL4.0ch03_30523042
chr03	32014179	SL4.0ch03_30566746
chr03	32112555	SL4.0ch03_30653795
chr03	32203545	SL4.0ch03_30759448
chr03	32215620	SL4.0ch03_30771510
chr03	32337772	SL4.0ch03_30893792
chr03	32452580	SL4.0ch03_31012030
chr03	32507020	SL4.0ch03_31066404
chr03	32612621	SL4.0ch03_31181452
chr03	32622600	SL4.0ch03_31191479
chr03	32772909	SL4.0ch03_31330121
chr03	32844946	SL4.0ch03_31401152
chr03	32904440	SL4.0ch03_31460523
chr03	32962216	SL4.0ch03_31518191
chr03	33017734	SL4.0ch03_31573031
chr03	33068457	SL4.0ch03_31623601
chr03	33166546	SL4.0ch03_31691307
chr03	33294233	SL4.0ch03_31820068
chr03	33312601	SL4.0ch03_31838491
chr03	33335863	SL4.0ch03_31861700
chr03	33391640	SL4.0ch03_31917501
chr03	33451014	SL4.0ch03_31970467
chr03	33513207	SL4.0ch03_32032909
chr03	33560300	SL4.0ch03_32079875
chr03	33697335	SL4.0ch03_32247507
chr03	33715523	SL4.0ch03_32261751
chr03	33718762	SL4.0ch03_32264990
chr03	33815734	SL4.0ch03_32368210
chr03	33862806	SL4.0ch03_32402988
chr03	33953065	SL4.0ch03_32491225
chr03	34022215	SL4.0ch03_32560290
chr03	34037304	SL4.0ch03_32575378
chr03	34299237	SL4.0ch03_32844481
chr03	34359521	SL4.0ch03_32904785
chr03	34535936	SL4.0ch03_33080661
chr03	34562753	SL4.0ch03_33107459
chr03	34807271	SL4.0ch03_33351354
chr03	34935775	SL4.0ch03_33528498
chr03	35045049	SL4.0ch03_33651182
chr03	35205615	SL4.0ch03_33796071
chr03	35259522	SL4.0ch03_33850052
chr03	35343472	SL4.0ch03_33926940
chr03	35381107	SL4.0ch03_33947546
chr03	35386570	SL4.0ch03_33952980
chr03	35401974	SL4.0ch03_33968391
chr03	35593677	SL4.0ch03_34156168
chr03	35608580	SL4.0ch03_34169551
chr03	35692919	SL4.0ch03_34244314
chr03	35693190	SL4.0ch03_34244585
chr03	35705884	SL4.0ch03_34255058
chr03	35709729	SL4.0ch03_34258858
chr03	35783922	SL4.0ch03_38543335
chr03	35852943	SL4.0ch03_38474630
chr03	35886021	SL4.0ch03_38441574
chr03	35979526	SL4.0ch03_38352044
chr03	36007064	SL4.0ch03_38324515
chr03	36115899	SL4.0ch03_38219682
chr03	36280029	SL4.0ch03_38061607
chr03	36440017	SL4.0ch03_36871784
chr03	36665460	SL4.0ch03_37415664
chr03	36773431	SL4.0ch03_37524334
chr03	37065843	SL4.0ch03_37804919
chr03	37122029	SL4.0ch03_37867732
chr03	37127162	SL4.0ch03_37872790
chr03	37268454	SL4.0ch03_36963967
chr03	37491001	SL4.0ch03_36826029
chr03	37550952	SL4.0ch03_36767489
chr03	37568873	SL4.0ch03_36749585
chr03	37615751	SL4.0ch03_36710024
chr03	37679982	SL4.0ch03_36645880
chr03	37714667	SL4.0ch03_36603479
chr03	37739261	SL4.0ch03_36578902
chr03	37838842	SL4.0ch03_36452747
chr03	37865750	SL4.0ch03_36426756
chr03	37910053	SL4.0ch03_36382447
chr03	37911947	SL4.0ch03_36380553
chr03	37977741	SL4.0ch03_36315251
chr03	38016739	SL4.0ch03_36277159
chr03	38043554	SL4.0ch03_36250381
chr03	38115515	SL4.0ch03_36171648
chr03	38131279	SL4.0ch03_36155593
chr03	38449336	SL4.0ch03_36002701
chr03	38558502	SL4.0ch03_35882920
chr03	38655301	SL4.0ch03_35780892
chr03	38723956	SL4.0ch03_35724283
chr03	38757427	SL4.0ch03_35690894
chr03	38792282	SL4.0ch03_35656220
chr03	38849546	SL4.0ch03_35597178
chr03	39011028	SL4.0ch03_35445279
chr03	39161490	SL4.0ch03_35325550
chr03	39301463	SL4.0ch03_35187222
chr03	39586280	SL4.0ch03_34910112
chr03	39729191	SL4.0ch03_34805601
chr03	39777097	SL4.0ch03_34744035
chr03	40028446	SL4.0ch03_38877657
chr03	40042854	SL4.0ch03_38892020
chr03	40086271	SL4.0ch03_38931089
chr03	40191839	SL4.0ch03_39027945
chr03	40265431	SL4.0ch03_39101543
chr03	40370566	SL4.0ch03_39199569
chr03	40380989	SL4.0ch03_39209991
chr03	40556969	SL4.0ch03_39385967
chr03	40576588	SL4.0ch03_39405576
chr03	40582463	SL4.0ch03_39411417
chr03	40589267	SL4.0ch03_39413405
chr03	40613850	SL4.0ch03_39432684
chr03	40619233	SL4.0ch03_39438120
chr03	40634149	SL4.0ch03_39453189
chr03	40639254	SL4.0ch03_39458244
chr03	40704399	SL4.0ch03_39526924
chr03	40725242	SL4.0ch03_39548449
chr03	40793832	SL4.0ch03_39802605
chr03	40804389	SL4.0ch03_39813186
chr03	40846042	SL4.0ch03_39856617
chr03	40879942	SL4.0ch03_39890533
chr03	40987255	SL4.0ch03_39998252
chr03	41063526	SL4.0ch03_40074160
chr03	41124558	SL4.0ch03_40135006
chr03	41126011	SL4.0ch03_40136462
chr03	41243609	SL4.0ch03_40240273
chr03	41262303	SL4.0ch03_40288745
chr03	41295772	SL4.0ch03_40317702
chr03	41405002	SL4.0ch03_40425865
chr03	41483483	SL4.0ch03_40489900
chr03	41522512	SL4.0ch03_40537843
chr03	41653711	SL4.0ch03_40652560
chr03	41924100	SL4.0ch03_40928712
chr03	41954234	SL4.0ch03_40945856
chr03	41986393	SL4.0ch03_40987630
chr03	41986835	SL4.0ch03_40988072
chr03	41987990	SL4.0ch03_40989227
chr03	42106638	SL4.0ch03_43524238
chr03	42113737	SL4.0ch03_43517141
chr03	42186360	SL4.0ch03_43444314
chr03	42236768	SL4.0ch03_43394005
chr03	42283241	SL4.0ch03_43347552
chr03	42437861	SL4.0ch03_43191777
chr03	42548114	SL4.0ch03_43071491
chr03	42577891	SL4.0ch03_43041707
chr03	42717631	SL4.0ch03_42925796
chr03	42757669	SL4.0ch03_42884301
chr03	42846608	SL4.0ch03_42790013
chr03	42883940	SL4.0ch03_42753193
chr03	43129053	SL4.0ch03_42521521
chr03	43157979	SL4.0ch03_42506836
chr03	43283585	SL4.0ch03_42381547
chr03	43425167	SL4.0ch03_42247155
chr03	43583535	SL4.0ch03_42125414
chr03	43684202	SL4.0ch03_42025193
chr03	43816916	SL4.0ch03_41626130
chr03	43894718	SL4.0ch03_41548114
chr03	43931908	SL4.0ch03_41512332
chr03	44041346	SL4.0ch03_41403197
chr03	44217279	SL4.0ch03_41230460
chr03	44316661	SL4.0ch03_41131518
chr03	44356890	SL4.0ch03_41091180
chr03	44399576	SL4.0ch03_43555368
chr03	44478919	SL4.0ch03_43634411
chr03	44503533	SL4.0ch03_43658990
chr03	44557752	SL4.0ch03_43713151
chr03	44722201	SL4.0ch03_43893217
chr03	44794632	SL4.0ch03_43972219
chr03	44802731	SL4.0ch03_43980328
chr03	44804202	SL4.0ch03_43981799
chr03	44806943	SL4.0ch03_43984532
chr03	44813559	SL4.0ch03_43991146
chr03	44814636	SL4.0ch03_43992224
chr03	44818834	SL4.0ch03_43996435
chr03	44831496	SL4.0ch03_44009290
chr03	44833535	SL4.0ch03_44011330
chr03	44856707	SL4.0ch03_44034472
chr03	44876943	SL4.0ch03_44123563
chr03	45365396	SL4.0ch03_44379012
chr03	45477281	SL4.0ch03_44482876
chr03	45480746	SL4.0ch03_44486361
chr03	45485339	SL4.0ch03_44490953
chr03	45623086	SL4.0ch03_44631872
chr03	45697652	SL4.0ch03_44706675
chr03	45755031	SL4.0ch03_44760265
chr03	45809010	SL4.0ch03_44791628
chr03	45817751	SL4.0ch03_44800356
chr03	45831291	SL4.0ch03_44814673
chr03	45871873	SL4.0ch03_44855227
chr03	45907684	SL4.0ch03_44878740
chr03	45967694	SL4.0ch03_44938609
chr03	45973829	SL4.0ch03_44944736
chr03	46005104	SL4.0ch03_44976057
chr03	46046061	SL4.0ch03_45016867
chr03	46133586	SL4.0ch03_45103196
chr03	46289360	SL4.0ch03_45259209
chr03	46314543	SL4.0ch03_45284391
chr03	46410580	SL4.0ch03_45385805
chr03	46450345	SL4.0ch03_45425545
chr03	46494205	SL4.0ch03_45469366
chr03	46524846	SL4.0ch03_45499998
chr03	46537891	SL4.0ch03_45512962
chr03	46592834	SL4.0ch03_45568034
chr03	46663489	SL4.0ch03_45638543
chr03	46680393	SL4.0ch03_45655451
chr03	46822418	SL4.0ch03_45770454
chr03	46843214	SL4.0ch03_45778762
chr03	46847068	SL4.0ch03_45782701
chr03	46848810	SL4.0ch03_45784443
chr03	46872902	SL4.0ch03_45808503
chr03	46923936	SL4.0ch03_45859344
chr03	46955656	SL4.0ch03_45891175
chr03	46965878	SL4.0ch03_45901424
chr03	46991005	SL4.0ch03_45925840
chr03	47022977	SL4.0ch03_45957955
chr03	47052288	SL4.0ch03_45987425
chr03	47053420	SL4.0ch03_45988557
chr03	47103290	SL4.0ch03_46038444
chr03	47107174	SL4.0ch03_46042329
chr03	47138366	SL4.0ch03_46073535
chr03	47175488	SL4.0ch03_46112975
chr03	47176120	SL4.0ch03_46113607
chr03	47189723	SL4.0ch03_46127209
chr03	47273397	SL4.0ch03_46210874
chr03	47294602	SL4.0ch03_46232133
chr03	47297020	SL4.0ch03_46234551
chr03	47321958	SL4.0ch03_46259477
chr03	47335616	SL4.0ch03_46273129
chr03	47338987	SL4.0ch03_46276499
chr03	47370886	SL4.0ch03_46308429
chr03	47386553	SL4.0ch03_46324127
chr03	47441838	SL4.0ch03_46413814
chr03	47447278	SL4.0ch03_46419253
chr03	47448574	SL4.0ch03_46420548
chr03	47460097	SL4.0ch03_46432382
chr03	47491396	SL4.0ch03_46463718
chr03	47504936	SL4.0ch03_46476867
chr03	47524520	SL4.0ch03_46492837
chr03	47583150	SL4.0ch03_46512771
chr03	47598754	SL4.0ch03_46528338
chr03	47622250	SL4.0ch03_46552086
chr03	47623631	SL4.0ch03_46553484
chr03	47640152	SL4.0ch03_46569617
chr03	47663168	SL4.0ch03_46592813
chr03	47663944	SL4.0ch03_46593589
chr03	47682782	SL4.0ch03_46612446
chr03	47698752	SL4.0ch03_46628444
chr03	47727769	SL4.0ch03_46657218
chr03	47777186	SL4.0ch03_46706432
chr03	47782642	SL4.0ch03_46711866
chr03	47792127	SL4.0ch03_46721342
chr03	47811243	SL4.0ch03_46746091
chr03	47823709	SL4.0ch03_46758306
chr03	47860124	SL4.0ch03_46835192
chr03	47887747	SL4.0ch03_46868155
chr03	47945761	SL4.0ch03_46927022
chr03	47960865	SL4.0ch03_46953193
chr03	47974939	SL4.0ch03_46958342
chr03	47995932	SL4.0ch03_46979394
chr03	48017931	SL4.0ch03_47001417
chr03	48055099	SL4.0ch03_47038567
chr03	48066789	SL4.0ch03_47050191
chr03	48075973	SL4.0ch03_47059373
chr03	48108334	SL4.0ch03_47091714
chr03	48122767	SL4.0ch03_47106169
chr03	48134470	SL4.0ch03_47117830
chr03	48144934	SL4.0ch03_47128335
chr03	48167218	SL4.0ch03_47150535
chr03	48215193	SL4.0ch03_47193364
chr03	48227386	SL4.0ch03_47205577
chr03	48292459	SL4.0ch03_47261765
chr03	48307068	SL4.0ch03_47276397
chr03	48355383	SL4.0ch03_47321775
chr03	48368754	SL4.0ch03_47335152
chr03	48386296	SL4.0ch03_47352728
chr03	48400435	SL4.0ch03_47366817
chr03	48428600	SL4.0ch03_47394926
chr03	48438323	SL4.0ch03_47410621
chr03	48446226	SL4.0ch03_47418528
chr03	48447883	SL4.0ch03_47420185
chr03	48461110	SL4.0ch03_47433409
chr03	48492943	SL4.0ch03_47465154
chr03	48517637	SL4.0ch03_47489866
chr03	48521867	SL4.0ch03_47494096
chr03	48530680	SL4.0ch03_47502926
chr03	48532840	SL4.0ch03_47505079
chr03	48544135	SL4.0ch03_47516325
chr03	48582994	SL4.0ch03_47553986
chr03	48594949	SL4.0ch03_47565748
chr03	48675295	SL4.0ch03_47646189
chr03	48709915	SL4.0ch03_47680694
chr03	48724691	SL4.0ch03_47695458
chr03	48743133	SL4.0ch03_47713880
chr03	48768481	SL4.0ch03_47739241
chr03	48768751	SL4.0ch03_47739513
chr03	48770746	SL4.0ch03_47741508
chr03	48795583	SL4.0ch03_47766485
chr03	48811064	SL4.0ch03_47782021
chr03	48814956	SL4.0ch03_47786216
chr03	48822833	SL4.0ch03_47798897
chr03	48835280	SL4.0ch03_47811340
chr03	48835720	SL4.0ch03_47811779
chr03	48866619	SL4.0ch03_47844551
chr03	48898385	SL4.0ch03_47876259
chr03	48912588	SL4.0ch03_47892000
chr03	48958261	SL4.0ch03_47937618
chr03	49002915	SL4.0ch03_47971462
chr03	49025970	SL4.0ch03_47994446
chr03	49039843	SL4.0ch03_48008367
chr03	49050472	SL4.0ch03_48039059
chr03	49065719	SL4.0ch03_48052788
chr03	49066301	SL4.0ch03_48053370
chr03	49077099	SL4.0ch03_48064140
chr03	49090754	SL4.0ch03_48080042
chr03	49129036	SL4.0ch03_48118273
chr03	49162848	SL4.0ch03_48152253
chr03	49163061	SL4.0ch03_48152466
chr03	49168189	SL4.0ch03_48157603
chr03	49171297	SL4.0ch03_48160722
chr03	49230289	SL4.0ch03_48218435
chr03	49240123	SL4.0ch03_48228258
chr03	49280125	SL4.0ch03_48257779
chr03	49324554	SL4.0ch03_48302133
chr03	49404921	SL4.0ch03_48374402
chr03	49413270	SL4.0ch03_48382807
chr03	49418567	SL4.0ch03_48388073
chr03	49437372	SL4.0ch03_48399946
chr03	49457222	SL4.0ch03_48419371
chr03	49464941	SL4.0ch03_48427090
chr03	49482381	SL4.0ch03_48444924
chr03	49485268	SL4.0ch03_48447815
chr03	49528608	SL4.0ch03_48466761
chr03	49553711	SL4.0ch03_48492421
chr03	49567718	SL4.0ch03_48506394
chr03	49568383	SL4.0ch03_48507070
chr03	49575488	SL4.0ch03_48514178
chr03	49685798	SL4.0ch03_48632450
chr03	49697770	SL4.0ch03_48644428
chr03	49699265	SL4.0ch03_48645923
chr03	49727102	SL4.0ch03_48673738
chr03	49790197	SL4.0ch03_48756018
chr03	49806439	SL4.0ch03_48775928
chr03	49902519	SL4.0ch03_48850893
chr03	49917449	SL4.0ch03_48865751
chr03	49930277	SL4.0ch03_48878549
chr03	49932336	SL4.0ch03_48881971
chr03	49939749	SL4.0ch03_48889464
chr03	49958008	SL4.0ch03_48906371
chr03	49962718	SL4.0ch03_48911070
chr03	49979072	SL4.0ch03_48927482
chr03	50015794	SL4.0ch03_48964230
chr03	50020910	SL4.0ch03_48969343
chr03	50041323	SL4.0ch03_48989673
chr03	50048361	SL4.0ch03_48996719
chr03	50067584	SL4.0ch03_49015986
chr03	50076211	SL4.0ch03_49032685
chr03	50109041	SL4.0ch03_49064921
chr03	50129798	SL4.0ch03_49085601
chr03	50173098	SL4.0ch03_49132678
chr03	50218634	SL4.0ch03_49177870
chr03	50220274	SL4.0ch03_49179510
chr03	50237857	SL4.0ch03_49196773
chr03	50243811	SL4.0ch03_49202790
chr03	50252168	SL4.0ch03_49211158
chr03	50252971	SL4.0ch03_49211950
chr03	50255416	SL4.0ch03_49214400
chr03	50272464	SL4.0ch03_49249852
chr03	50272813	SL4.0ch03_49250131
chr03	50275014	SL4.0ch03_49252337
chr03	50276589	SL4.0ch03_49253911
chr03	50276650	SL4.0ch03_49253972
chr03	50299649	SL4.0ch03_49277131
chr03	50318337	SL4.0ch03_49295746
chr03	50333036	SL4.0ch03_49309570
chr03	50370817	SL4.0ch03_49347369
chr03	50446373	SL4.0ch03_49422940
chr03	50481627	SL4.0ch03_49458104
chr03	50512250	SL4.0ch03_49482165
chr03	50538684	SL4.0ch03_49508574
chr03	50630840	SL4.0ch03_49583774
chr03	50636674	SL4.0ch03_49589274
chr03	50640629	SL4.0ch03_49593227
chr03	50645855	SL4.0ch03_49598456
chr03	50648898	SL4.0ch03_49601499
chr03	50650426	SL4.0ch03_49603027
chr03	50705509	SL4.0ch03_49663338
chr03	50736523	SL4.0ch03_49694897
chr03	50801801	SL4.0ch03_49760992
chr03	50820809	SL4.0ch03_49774577
chr03	50850110	SL4.0ch03_49795267
chr03	50856081	SL4.0ch03_49807274
chr03	50877327	SL4.0ch03_49828576
chr03	50949487	SL4.0ch03_49880672
chr03	51029358	SL4.0ch03_49941556
chr03	51056210	SL4.0ch03_49964916
chr03	51082345	SL4.0ch03_49990745
chr03	51096928	SL4.0ch03_50005305
chr03	51099099	SL4.0ch03_50007476
chr03	51116647	SL4.0ch03_50025129
chr03	51123827	SL4.0ch03_50032313
chr03	51159663	SL4.0ch03_50068129
chr03	51167713	SL4.0ch03_50076170
chr03	51169322	SL4.0ch03_50077784
chr03	51174568	SL4.0ch03_50083016
chr03	51177507	SL4.0ch03_50085930
chr03	51199970	SL4.0ch03_50109375
chr03	51220378	SL4.0ch03_50129710
chr03	51259226	SL4.0ch03_50168400
chr03	51271323	SL4.0ch03_50182003
chr03	51280580	SL4.0ch03_50191163
chr03	51331640	SL4.0ch03_50241824
chr03	51377320	SL4.0ch03_50294535
chr03	51380297	SL4.0ch03_50297513
chr03	51381716	SL4.0ch03_50298911
chr03	51426200	SL4.0ch03_50343478
chr03	51455101	SL4.0ch03_50372446
chr03	51459650	SL4.0ch03_50377017
chr03	51498211	SL4.0ch03_50415457
chr03	51542820	SL4.0ch03_50459986
chr03	51605740	SL4.0ch03_50539535
chr03	51617671	SL4.0ch03_50552298
chr03	51678041	SL4.0ch03_50610534
chr03	51683946	SL4.0ch03_50616433
chr03	51693969	SL4.0ch03_50627679
chr03	51699384	SL4.0ch03_50633160
chr03	51772084	SL4.0ch03_50724132
chr03	51806611	SL4.0ch03_50758802
chr03	51816594	SL4.0ch03_50768706
chr03	51853365	SL4.0ch03_50805553
chr03	51854120	SL4.0ch03_50806307
chr03	51879775	SL4.0ch03_50831995
chr03	51886887	SL4.0ch03_50839099
chr03	51917503	SL4.0ch03_50869708
chr03	51922514	SL4.0ch03_50874720
chr03	51954040	SL4.0ch03_50906187
chr03	51976660	SL4.0ch03_50928671
chr03	52099521	SL4.0ch03_51066382
chr03	52152243	SL4.0ch03_51119202
chr03	52184761	SL4.0ch03_51151656
chr03	52193233	SL4.0ch03_51160174
chr03	52211011	SL4.0ch03_51172437
chr03	52277130	SL4.0ch03_51226329
chr03	52283156	SL4.0ch03_51232349
chr03	52296845	SL4.0ch03_51246676
chr03	52333419	SL4.0ch03_51283226
chr03	52359604	SL4.0ch03_51309214
chr03	52413997	SL4.0ch03_51363191
chr03	52427623	SL4.0ch03_51376803
chr03	52457089	SL4.0ch03_51406358
chr03	52460975	SL4.0ch03_51412934
chr03	52466929	SL4.0ch03_51418884
chr03	52620110	SL4.0ch03_51583984
chr03	52623607	SL4.0ch03_51587483
chr03	52624857	SL4.0ch03_51588733
chr03	52636179	SL4.0ch03_51600018
chr03	52642576	SL4.0ch03_51606373
chr03	52762064	SL4.0ch03_51715754
chr03	52850545	SL4.0ch03_51807237
chr03	52853917	SL4.0ch03_51810608
chr03	52898542	SL4.0ch03_51846528
chr03	52936716	SL4.0ch03_51891270
chr03	53067004	SL4.0ch03_52026673
chr03	53087705	SL4.0ch03_52047469
chr03	53164580	SL4.0ch03_52113591
chr03	53256332	SL4.0ch03_52165009
chr03	53277782	SL4.0ch03_52186488
chr03	53285867	SL4.0ch03_52194533
chr03	53327503	SL4.0ch03_52235703
chr03	53385215	SL4.0ch03_52280759
chr03	53404843	SL4.0ch03_52300222
chr03	53437225	SL4.0ch03_52337848
chr03	53488592	SL4.0ch03_52390760
chr03	53498605	SL4.0ch03_52400714
chr03	53615003	SL4.0ch03_52497526
chr03	53651654	SL4.0ch03_52537640
chr03	53659650	SL4.0ch03_52545689
chr03	53673291	SL4.0ch03_52559419
chr03	53678626	SL4.0ch03_52564754
chr03	53679558	SL4.0ch03_52565686
chr03	53681776	SL4.0ch03_52567905
chr03	53683225	SL4.0ch03_52569347
chr03	53734696	SL4.0ch03_52642059
chr03	53738948	SL4.0ch03_52646310
chr03	53744348	SL4.0ch03_52651803
chr03	53747397	SL4.0ch03_52654844
chr03	53790407	SL4.0ch03_52707293
chr03	53808612	SL4.0ch03_52735440
chr03	53836545	SL4.0ch03_52763173
chr03	53837637	SL4.0ch03_52764320
chr03	53917777	SL4.0ch03_52838632
chr03	53972279	SL4.0ch03_52893346
chr03	53975858	SL4.0ch03_52896925
chr03	53978453	SL4.0ch03_52899522
chr03	53989986	SL4.0ch03_52911053
chr03	54025883	SL4.0ch03_52951642
chr03	54043379	SL4.0ch03_52969122
chr03	54047490	SL4.0ch03_52973218
chr03	54062853	SL4.0ch03_52988618
chr03	54072086	SL4.0ch03_53001289
chr03	54076708	SL4.0ch03_53005910
chr03	54082009	SL4.0ch03_53012093
chr03	54089958	SL4.0ch03_53020040
chr03	54099555	SL4.0ch03_53029636
chr03	54111461	SL4.0ch03_53041577
chr03	54113928	SL4.0ch03_53044044
chr03	54143336	SL4.0ch03_53073421
chr03	54150399	SL4.0ch03_53080436
chr03	54153841	SL4.0ch03_53083902
chr03	54216370	SL4.0ch03_53146171
chr03	54220715	SL4.0ch03_53150519
chr03	54228812	SL4.0ch03_53158670
chr03	54307071	SL4.0ch03_53236983
chr03	54339326	SL4.0ch03_53269225
chr03	54464627	SL4.0ch03_53382520
chr03	54471673	SL4.0ch03_53389547
chr03	54494631	SL4.0ch03_53412535
chr03	54501317	SL4.0ch03_53419219
chr03	54515525	SL4.0ch03_53433506
chr03	54519067	SL4.0ch03_53437049
chr03	54532100	SL4.0ch03_53450076
chr03	54603089	SL4.0ch03_53521080
chr03	54611268	SL4.0ch03_53529356
chr03	54636275	SL4.0ch03_53554590
chr03	54652671	SL4.0ch03_53561923
chr03	54661259	SL4.0ch03_53570564
chr03	54664607	SL4.0ch03_53573905
chr03	54671685	SL4.0ch03_53580982
chr03	54728023	SL4.0ch03_53643237
chr03	54738214	SL4.0ch03_53654415
chr03	54773573	SL4.0ch03_53689525
chr03	54775046	SL4.0ch03_53690996
chr03	54781833	SL4.0ch03_53697776
chr03	54806280	SL4.0ch03_53722232
chr03	54817864	SL4.0ch03_53733896
chr03	54833355	SL4.0ch03_53749283
chr03	54840542	SL4.0ch03_53756399
chr03	54872564	SL4.0ch03_53788468
chr03	54890243	SL4.0ch03_53806199
chr03	54904969	SL4.0ch03_53820596
chr03	54960108	SL4.0ch03_53875723
chr03	54997760	SL4.0ch03_53913315
chr03	55034500	SL4.0ch03_53948654
chr03	55040363	SL4.0ch03_53954507
chr03	55075168	SL4.0ch03_53986802
chr03	55093972	SL4.0ch03_54005578
chr03	55140412	SL4.0ch03_54052156
chr03	55146071	SL4.0ch03_54057795
chr03	55169309	SL4.0ch03_54081045
chr03	55174535	SL4.0ch03_54086280
chr03	55189854	SL4.0ch03_54101580
chr03	55208022	SL4.0ch03_54119830
chr03	55224568	SL4.0ch03_54136386
chr03	55250195	SL4.0ch03_54161547
chr03	55267456	SL4.0ch03_54178824
chr03	55268978	SL4.0ch03_54180562
chr03	55271400	SL4.0ch03_54182984
chr03	55371546	SL4.0ch03_54189088
chr03	55394514	SL4.0ch03_54211994
chr03	55462261	SL4.0ch03_54279798
chr03	55467352	SL4.0ch03_54284894
chr03	55493840	SL4.0ch03_54311561
chr03	55496538	SL4.0ch03_54314265
chr03	55507962	SL4.0ch03_54325723
chr03	55534549	SL4.0ch03_54352169
chr03	55537271	SL4.0ch03_54354890
chr03	55590159	SL4.0ch03_54400706
chr03	55609705	SL4.0ch03_54426239
chr03	55697503	SL4.0ch03_54490064
chr03	55699404	SL4.0ch03_54491965
chr03	55728862	SL4.0ch03_54521276
chr03	55739250	SL4.0ch03_54531674
chr03	55790585	SL4.0ch03_54583040
chr03	55797043	SL4.0ch03_54589467
chr03	55839286	SL4.0ch03_54622342
chr03	55855450	SL4.0ch03_54638131
chr03	55906269	SL4.0ch03_54689042
chr03	55924170	SL4.0ch03_54707204
chr03	55929870	SL4.0ch03_54712885
chr03	55940948	SL4.0ch03_54723969
chr03	55946169	SL4.0ch03_54729157
chr03	55956712	SL4.0ch03_54739684
chr03	55980984	SL4.0ch03_54762474
chr03	55984625	SL4.0ch03_54766093
chr03	55985371	SL4.0ch03_54766841
chr03	56065141	SL4.0ch03_54786606
chr03	56099764	SL4.0ch03_54819786
chr03	56155106	SL4.0ch03_54875077
chr03	56180211	SL4.0ch03_54899724
chr03	56218886	SL4.0ch03_54936943
chr03	56220089	SL4.0ch03_54938146
chr03	56227243	SL4.0ch03_54945321
chr03	56245164	SL4.0ch03_54961801
chr03	56254087	SL4.0ch03_54977076
chr03	56282040	SL4.0ch03_55004968
chr03	56321414	SL4.0ch03_55044628
chr03	56333059	SL4.0ch03_55056266
chr03	56347971	SL4.0ch03_55071157
chr03	56373021	SL4.0ch03_55096120
chr03	56381446	SL4.0ch03_55104546
chr03	56516314	SL4.0ch03_55167062
chr03	56528666	SL4.0ch03_55179437
chr03	56544752	SL4.0ch03_55195370
chr03	56548542	SL4.0ch03_55199032
chr03	56556788	SL4.0ch03_55212112
chr03	56620020	SL4.0ch03_55281162
chr03	56623480	SL4.0ch03_55284603
chr03	56631583	SL4.0ch03_55292597
chr03	56632841	SL4.0ch03_55293855
chr03	56651961	SL4.0ch03_55312961
chr03	56667561	SL4.0ch03_55326153
chr03	56682414	SL4.0ch03_55340988
chr03	56734113	SL4.0ch03_55392614
chr03	56746060	SL4.0ch03_55404561
chr03	56778777	SL4.0ch03_55437293
chr03	56789203	SL4.0ch03_55447737
chr03	56804007	SL4.0ch03_55462523
chr03	56822949	SL4.0ch03_55484149
chr03	56857197	SL4.0ch03_55495182
chr03	56862702	SL4.0ch03_55500675
chr03	56868873	SL4.0ch03_55506847
chr03	57005300	SL4.0ch03_55637942
chr03	57045594	SL4.0ch03_55681201
chr03	57056655	SL4.0ch03_55692272
chr03	57103946	SL4.0ch03_55727187
chr03	57128508	SL4.0ch03_55751718
chr03	57136336	SL4.0ch03_55759550
chr03	57181808	SL4.0ch03_55804753
chr03	57212752	SL4.0ch03_55835664
chr03	57220466	SL4.0ch03_55843304
chr03	57224036	SL4.0ch03_55848006
chr03	57226374	SL4.0ch03_55850344
chr03	57241720	SL4.0ch03_55865707
chr03	57262550	SL4.0ch03_55886471
chr03	57435036	SL4.0ch03_56040943
chr03	57448952	SL4.0ch03_56054886
chr03	57463675	SL4.0ch03_56069848
chr03	57483463	SL4.0ch03_56089529
chr03	57502843	SL4.0ch03_56106322
chr03	57522746	SL4.0ch03_56125961
chr03	57550657	SL4.0ch03_56153907
chr03	57595305	SL4.0ch03_56202712
chr03	57595632	SL4.0ch03_56203037
chr03	57612653	SL4.0ch03_56220016
chr03	57614572	SL4.0ch03_56221936
chr03	57619820	SL4.0ch03_56227169
chr03	57634153	SL4.0ch03_56241462
chr03	57644680	SL4.0ch03_56251996
chr03	57679389	SL4.0ch03_56286610
chr03	57737719	SL4.0ch03_56344756
chr03	57742756	SL4.0ch03_56349793
chr03	57747291	SL4.0ch03_56354335
chr03	57802842	SL4.0ch03_56409826
chr03	57804047	SL4.0ch03_56411031
chr03	57808820	SL4.0ch03_56415808
chr03	57860957	SL4.0ch03_56472637
chr03	57929977	SL4.0ch03_56485035
chr03	57963272	SL4.0ch03_56518272
chr03	57991059	SL4.0ch03_56546681
chr03	58005333	SL4.0ch03_56557976
chr03	58036276	SL4.0ch03_56587902
chr03	58077580	SL4.0ch03_56629060
chr03	58090291	SL4.0ch03_56641759
chr03	58109689	SL4.0ch03_56660735
chr03	58117266	SL4.0ch03_56668223
chr03	58122562	SL4.0ch03_56673513
chr03	58160014	SL4.0ch03_56722650
chr03	58176148	SL4.0ch03_56739343
chr03	58230853	SL4.0ch03_56797438
chr03	58253380	SL4.0ch03_56819844
chr03	58269980	SL4.0ch03_56836358
chr03	58275023	SL4.0ch03_56841400
chr03	58304004	SL4.0ch03_56870435
chr03	58324153	SL4.0ch03_56890738
chr03	58325724	SL4.0ch03_56892350
chr03	58333675	SL4.0ch03_56900260
chr03	58356832	SL4.0ch03_56923310
chr03	58378165	SL4.0ch03_56972457
chr03	58401544	SL4.0ch03_56995922
chr03	58401974	SL4.0ch03_56996352
chr03	58432239	SL4.0ch03_57026788
chr03	58477163	SL4.0ch03_57071379
chr03	58480266	SL4.0ch03_57074437
chr03	58486534	SL4.0ch03_57089200
chr03	58490755	SL4.0ch03_57093425
chr03	58492470	SL4.0ch03_57095130
chr03	58501854	SL4.0ch03_57103999
chr03	58536215	SL4.0ch03_57143461
chr03	58538269	SL4.0ch03_57145514
chr03	58545136	SL4.0ch03_57152416
chr03	58551698	SL4.0ch03_57158976
chr03	58589662	SL4.0ch03_57196856
chr03	58615824	SL4.0ch03_57222148
chr03	58632685	SL4.0ch03_57242808
chr03	58639021	SL4.0ch03_57249159
chr03	58661989	SL4.0ch03_57272188
chr03	58674380	SL4.0ch03_57284642
chr03	58713974	SL4.0ch03_57327309
chr03	58727878	SL4.0ch03_57341184
chr03	58768010	SL4.0ch03_57381200
chr03	58812403	SL4.0ch03_57425855
chr03	58835255	SL4.0ch03_57448662
chr03	58860387	SL4.0ch03_57473808
chr03	58867809	SL4.0ch03_57481226
chr03	58874247	SL4.0ch03_57487667
chr03	58883224	SL4.0ch03_57496654
chr03	58904347	SL4.0ch03_57517761
chr03	58924727	SL4.0ch03_57538498
chr03	58943571	SL4.0ch03_57557376
chr03	59003382	SL4.0ch03_57616708
chr03	59008587	SL4.0ch03_57621914
chr03	59010938	SL4.0ch03_57624266
chr03	59011461	SL4.0ch03_57624789
chr03	59037212	SL4.0ch03_57650516
chr03	59090496	SL4.0ch03_57702963
chr03	59152652	SL4.0ch03_57770181
chr03	59168942	SL4.0ch03_57786361
chr03	59179751	SL4.0ch03_57797214
chr03	59221839	SL4.0ch03_57840424
chr03	59250201	SL4.0ch03_57867267
chr03	59269392	SL4.0ch03_57886487
chr03	59277132	SL4.0ch03_57894230
chr03	59288922	SL4.0ch03_57904519
chr03	59292220	SL4.0ch03_57907801
chr03	59301181	SL4.0ch03_57916734
chr03	59321406	SL4.0ch03_57936974
chr03	59333697	SL4.0ch03_57949243
chr03	59354326	SL4.0ch03_57969837
chr03	59370963	SL4.0ch03_57986713
chr03	59379581	SL4.0ch03_57995342
chr03	59390453	SL4.0ch03_58006191
chr03	59399394	SL4.0ch03_58014157
chr03	59400602	SL4.0ch03_58015365
chr03	59414368	SL4.0ch03_58029180
chr03	59429502	SL4.0ch03_58044025
chr03	59436523	SL4.0ch03_58051028
chr03	59439692	SL4.0ch03_58054196
chr03	59457061	SL4.0ch03_58071579
chr03	59499545	SL4.0ch03_58117008
chr03	59504205	SL4.0ch03_58121659
chr03	59553685	SL4.0ch03_58171048
chr03	59586596	SL4.0ch03_58203748
chr03	59652156	SL4.0ch03_58269107
chr03	59652421	SL4.0ch03_58269372
chr03	59664567	SL4.0ch03_58281447
chr03	59669780	SL4.0ch03_58286594
chr03	59696672	SL4.0ch03_58308916
chr03	59725359	SL4.0ch03_58346172
chr03	59776292	SL4.0ch03_58398373
chr03	59816135	SL4.0ch03_58438078
chr03	59831957	SL4.0ch03_58453932
chr03	59832230	SL4.0ch03_58454205
chr03	59837983	SL4.0ch03_58459999
chr03	59853317	SL4.0ch03_58476160
chr03	59886158	SL4.0ch03_58508996
chr03	59927579	SL4.0ch03_58549824
chr03	59936508	SL4.0ch03_58558769
chr03	59968329	SL4.0ch03_58576262
chr03	59971201	SL4.0ch03_58579134
chr03	60002914	SL4.0ch03_58610758
chr03	60017204	SL4.0ch03_58628220
chr03	60036574	SL4.0ch03_58647655
chr03	60040649	SL4.0ch03_58651679
chr03	60065581	SL4.0ch03_58676595
chr03	60080910	SL4.0ch03_58697657
chr03	60095205	SL4.0ch03_58714433
chr03	60116618	SL4.0ch03_58732017
chr03	60140375	SL4.0ch03_58755703
chr03	60146631	SL4.0ch03_58761868
chr03	60163279	SL4.0ch03_58778509
chr03	60177134	SL4.0ch03_58792577
chr03	60192940	SL4.0ch03_58808390
chr03	60193245	SL4.0ch03_58808695
chr03	60215446	SL4.0ch03_58830888
chr03	60278801	SL4.0ch03_58894119
chr03	60288140	SL4.0ch03_58903749
chr03	60294549	SL4.0ch03_58910077
chr03	60346516	SL4.0ch03_58962568
chr03	60394430	SL4.0ch03_59010502
chr03	60415381	SL4.0ch03_59031424
chr03	60428903	SL4.0ch03_59044345
chr03	60432149	SL4.0ch03_59047602
chr03	60449594	SL4.0ch03_59065007
chr03	60455925	SL4.0ch03_59071307
chr03	60461198	SL4.0ch03_59076589
chr03	60467595	SL4.0ch03_59082978
chr03	60489358	SL4.0ch03_59104786
chr03	60496402	SL4.0ch03_59111805
chr03	60506264	SL4.0ch03_59121679
chr03	60539670	SL4.0ch03_59154948
chr03	60566119	SL4.0ch03_59181471
chr03	60587610	SL4.0ch03_59197755
chr03	60607448	SL4.0ch03_59217605
chr03	60610067	SL4.0ch03_59220242
chr03	60648625	SL4.0ch03_59258559
chr03	60651207	SL4.0ch03_59261141
chr03	60666013	SL4.0ch03_59275929
chr03	60678116	SL4.0ch03_59287834
chr03	60713203	SL4.0ch03_59320704
chr03	60811681	SL4.0ch03_59425193
chr03	60814007	SL4.0ch03_59427508
chr03	60822567	SL4.0ch03_59436060
chr03	60834957	SL4.0ch03_59449004
chr03	60846885	SL4.0ch03_59460623
chr03	60857999	SL4.0ch03_59471727
chr03	60858577	SL4.0ch03_59472305
chr03	60877598	SL4.0ch03_59491523
chr03	60896141	SL4.0ch03_59510138
chr03	60911280	SL4.0ch03_59525252
chr03	60956833	SL4.0ch03_59570846
chr03	60969472	SL4.0ch03_59583771
chr03	60983583	SL4.0ch03_59597942
chr03	61018656	SL4.0ch03_59633017
chr03	61040542	SL4.0ch03_59654822
chr03	61053255	SL4.0ch03_59667592
chr03	61063032	SL4.0ch03_59677395
chr03	61068004	SL4.0ch03_59682353
chr03	61130907	SL4.0ch03_59745301
chr03	61142837	SL4.0ch03_59757164
chr03	61178425	SL4.0ch03_59792596
chr03	61187179	SL4.0ch03_59801339
chr03	61202340	SL4.0ch03_59816548
chr03	61284386	SL4.0ch03_59899107
chr03	61301442	SL4.0ch03_59917387
chr03	61319583	SL4.0ch03_59935488
chr03	61326093	SL4.0ch03_59942000
chr03	61345618	SL4.0ch03_59961549
chr03	61356583	SL4.0ch03_59972724
chr03	61366062	SL4.0ch03_59982212
chr03	61373981	SL4.0ch03_59990170
chr03	61404216	SL4.0ch03_60020511
chr03	61435018	SL4.0ch03_60051240
chr03	61443852	SL4.0ch03_60060074
chr03	61454409	SL4.0ch03_60070616
chr03	61457701	SL4.0ch03_60073856
chr03	61458487	SL4.0ch03_60074650
chr03	61555241	SL4.0ch03_60120000
chr03	61607792	SL4.0ch03_60190548
chr03	61644480	SL4.0ch03_60221471
chr03	61644749	SL4.0ch03_60221740
chr03	61646350	SL4.0ch03_60223340
chr03	61648368	SL4.0ch03_60225359
chr03	61651035	SL4.0ch03_60228024
chr03	61672974	SL4.0ch03_60250810
chr03	61728582	SL4.0ch03_60306307
chr03	61764200	SL4.0ch03_60342643
chr03	61841488	SL4.0ch03_60417436
chr03	61857524	SL4.0ch03_60433613
chr03	61866781	SL4.0ch03_60443239
chr03	61898335	SL4.0ch03_60472886
chr03	61952956	SL4.0ch03_60527564
chr03	61971758	SL4.0ch03_60558654
chr03	61979008	SL4.0ch03_60565900
chr03	61980913	SL4.0ch03_60567805
chr03	62025753	SL4.0ch03_60612360
chr03	62033026	SL4.0ch03_60619740
chr03	62033822	SL4.0ch03_60620539
chr03	62045149	SL4.0ch03_60632244
chr03	62055332	SL4.0ch03_60642330
chr03	62084613	SL4.0ch03_60695523
chr03	62099429	SL4.0ch03_60713133
chr03	62128021	SL4.0ch03_60741506
chr03	62138713	SL4.0ch03_60752156
chr03	62153293	SL4.0ch03_60769961
chr03	62156743	SL4.0ch03_60773498
chr03	62180935	SL4.0ch03_60797675
chr03	62190312	SL4.0ch03_60807246
chr03	62224225	SL4.0ch03_60841121
chr03	62238689	SL4.0ch03_60855536
chr03	62244314	SL4.0ch03_60861162
chr03	62294713	SL4.0ch03_60911422
chr03	62305398	SL4.0ch03_60922162
chr03	62345325	SL4.0ch03_60961978
chr03	62449695	SL4.0ch03_61090521
chr03	62451956	SL4.0ch03_61092771
chr03	62469576	SL4.0ch03_61110380
chr03	62472094	SL4.0ch03_61112897
chr03	62508000	SL4.0ch03_61148992
chr03	62519546	SL4.0ch03_61161108
chr03	62551410	SL4.0ch03_61192969
chr03	62552276	SL4.0ch03_61193835
chr03	62586199	SL4.0ch03_61230264
chr03	62586836	SL4.0ch03_61230901
chr03	62593665	SL4.0ch03_61237763
chr03	62594994	SL4.0ch03_61239092
chr03	62603776	SL4.0ch03_61247801
chr03	62613664	SL4.0ch03_61257694
chr03	62645764	SL4.0ch03_61289927
chr03	62664611	SL4.0ch03_61308722
chr03	62683848	SL4.0ch03_61327906
chr03	62688116	SL4.0ch03_61332368
chr03	62689013	SL4.0ch03_61333265
chr03	62713119	SL4.0ch03_61357261
chr03	62715224	SL4.0ch03_61359394
chr03	62739524	SL4.0ch03_61383884
chr03	62747415	SL4.0ch03_61391616
chr03	62768682	SL4.0ch03_61416248
chr03	62780128	SL4.0ch03_61427785
chr03	62795349	SL4.0ch03_61442983
chr03	62828899	SL4.0ch03_61476331
chr03	62829489	SL4.0ch03_61476921
chr03	62841883	SL4.0ch03_61489407
chr03	62846314	SL4.0ch03_61493820
chr03	62846545	SL4.0ch03_61494051
chr03	62875881	SL4.0ch03_61523396
chr03	62884947	SL4.0ch03_61532481
chr03	62894587	SL4.0ch03_61542168
chr03	62903795	SL4.0ch03_61551406
chr03	62918593	SL4.0ch03_61566208
chr03	62948295	SL4.0ch03_61595803
chr03	62995310	SL4.0ch03_61640151
chr03	63024053	SL4.0ch03_61669642
chr03	63032521	SL4.0ch03_61678034
chr03	63038179	SL4.0ch03_61683688
chr03	63039272	SL4.0ch03_61684781
chr03	63040552	SL4.0ch03_61686061
chr03	63058742	SL4.0ch03_61703745
chr03	63071629	SL4.0ch03_61716698
chr03	63080124	SL4.0ch03_61725178
chr03	63108457	SL4.0ch03_61753532
chr03	63140405	SL4.0ch03_61785461
chr03	63142455	SL4.0ch03_61787516
chr03	63151533	SL4.0ch03_61796473
chr03	63156030	SL4.0ch03_61800986
chr03	63213444	SL4.0ch03_61858124
chr03	63225893	SL4.0ch03_61870597
chr03	63258194	SL4.0ch03_61903974
chr03	63267235	SL4.0ch03_61912953
chr03	63369549	SL4.0ch03_62014290
chr03	63386005	SL4.0ch03_62030767
chr03	63398278	SL4.0ch03_62043096
chr03	63400333	SL4.0ch03_62045161
chr03	63415071	SL4.0ch03_62060777
chr03	63456894	SL4.0ch03_62102776
chr03	63479206	SL4.0ch03_62125027
chr03	63481452	SL4.0ch03_62127317
chr03	63497121	SL4.0ch03_62142986
chr03	63503518	SL4.0ch03_62149546
chr03	63533991	SL4.0ch03_62180070
chr03	63584769	SL4.0ch03_62230576
chr03	63591594	SL4.0ch03_62237394
chr03	63600157	SL4.0ch03_62245967
chr03	63626090	SL4.0ch03_62271810
chr03	63640901	SL4.0ch03_62286640
chr03	63653572	SL4.0ch03_62299278
chr03	63660610	SL4.0ch03_62306317
chr03	63660822	SL4.0ch03_62306529
chr03	63686954	SL4.0ch03_62333042
chr03	63709955	SL4.0ch03_62356367
chr03	63784682	SL4.0ch03_62430902
chr03	63823294	SL4.0ch03_62469514
chr03	63844405	SL4.0ch03_62490544
chr03	63862430	SL4.0ch03_62508543
chr03	63881849	SL4.0ch03_62528007
chr03	63900906	SL4.0ch03_62546753
chr03	63902601	SL4.0ch03_62548452
chr03	63916085	SL4.0ch03_62561768
chr03	63925842	SL4.0ch03_62571546
chr03	63933075	SL4.0ch03_62578743
chr03	63968989	SL4.0ch03_62613206
chr03	63986786	SL4.0ch03_62630128
chr03	64036958	SL4.0ch03_62680205
chr03	64044711	SL4.0ch03_62687653
chr03	64061331	SL4.0ch03_62704382
chr03	64086777	SL4.0ch03_62729834
chr03	64148379	SL4.0ch03_62791627
chr03	64151039	SL4.0ch03_62794288
chr03	64179508	SL4.0ch03_62822820
chr03	64193130	SL4.0ch03_62836784
chr03	64205847	SL4.0ch03_62849494
chr03	64211851	SL4.0ch03_62855349
chr03	64235496	SL4.0ch03_62878900
chr03	64237201	SL4.0ch03_62879936
chr03	64282303	SL4.0ch03_62930113
chr03	64283601	SL4.0ch03_62931413
chr03	64330751	SL4.0ch03_62978676
chr03	64342533	SL4.0ch03_62990369
chr03	64358309	SL4.0ch03_63010717
chr03	64361987	SL4.0ch03_63014396
chr03	64375504	SL4.0ch03_63033946
chr03	64417761	SL4.0ch03_63084760
chr03	64453517	SL4.0ch03_63121968
chr03	64471693	SL4.0ch03_63140212
chr03	64510777	SL4.0ch03_63179654
chr03	64513112	SL4.0ch03_63181855
chr03	64521075	SL4.0ch03_63189843
chr03	64546355	SL4.0ch03_63214887
chr03	64584602	SL4.0ch03_63253519
chr03	64594355	SL4.0ch03_63265859
chr03	64601238	SL4.0ch03_63272738
chr03	64627498	SL4.0ch03_63298978
chr03	64629121	SL4.0ch03_63300601
chr03	64646345	SL4.0ch03_63317838
chr03	64657960	SL4.0ch03_63329466
chr03	64703595	SL4.0ch03_63365909
chr03	64745829	SL4.0ch03_63408164
chr03	64770339	SL4.0ch03_63432669
chr03	64787085	SL4.0ch03_63449423
chr03	64791813	SL4.0ch03_63454111
chr03	64798275	SL4.0ch03_63460564
chr03	64814816	SL4.0ch03_63477081
chr03	64858050	SL4.0ch03_63524159
chr03	64864156	SL4.0ch03_63530231
chr03	64879945	SL4.0ch03_63546045
chr03	64889363	SL4.0ch03_63555465
chr03	64953676	SL4.0ch03_63621471
chr03	64963733	SL4.0ch03_63631531
chr03	64986861	SL4.0ch03_63651180
chr03	64989700	SL4.0ch03_63654019
chr03	65018886	SL4.0ch03_63671791
chr03	65034674	SL4.0ch03_63687648
chr03	65050836	SL4.0ch03_63703868
chr03	65084975	SL4.0ch03_63737818
chr03	65090229	SL4.0ch03_63743061
chr03	65099934	SL4.0ch03_63752764
chr03	65110516	SL4.0ch03_63763424
chr03	65113825	SL4.0ch03_63768607
chr03	65131111	SL4.0ch03_63785831
chr03	65134568	SL4.0ch03_63789289
chr03	65157854	SL4.0ch03_63812615
chr03	65166178	SL4.0ch03_63820929
chr03	65182929	SL4.0ch03_63849235
chr03	65201964	SL4.0ch03_63868356
chr03	65273073	SL4.0ch03_63939592
chr03	65289560	SL4.0ch03_63956060
chr03	65321849	SL4.0ch03_63987469
chr03	65346464	SL4.0ch03_64012118
chr03	65412203	SL4.0ch03_64077969
chr03	65427877	SL4.0ch03_64093740
chr03	65443661	SL4.0ch03_64109597
chr03	65540201	SL4.0ch03_64193705
chr03	65541498	SL4.0ch03_64195003
chr03	65542740	SL4.0ch03_64196230
chr03	65585802	SL4.0ch03_64238942
chr03	65586990	SL4.0ch03_64240130
chr03	65592957	SL4.0ch03_64245991
chr03	65596001	SL4.0ch03_64249055
chr03	65614176	SL4.0ch03_64267129
chr03	65619071	SL4.0ch03_64271988
chr03	65619417	SL4.0ch03_64272335
chr03	65645605	SL4.0ch03_64299207
chr03	65657418	SL4.0ch03_64310983
chr03	65696909	SL4.0ch03_64350412
chr03	65737779	SL4.0ch03_64391436
chr03	65751464	SL4.0ch03_64405149
chr03	65766838	SL4.0ch03_64420823
chr03	65798544	SL4.0ch03_64452585
chr03	65842803	SL4.0ch03_64496743
chr03	65857135	SL4.0ch03_64511121
chr03	65859957	SL4.0ch03_64513949
chr03	65862007	SL4.0ch03_64516411
chr03	65863861	SL4.0ch03_64518271
chr03	65873170	SL4.0ch03_64527458
chr03	65874316	SL4.0ch03_64528593
chr03	65885142	SL4.0ch03_64539464
chr03	65917100	SL4.0ch03_64571343
chr03	65963623	SL4.0ch03_64617992
chr03	65989536	SL4.0ch03_64644964
chr03	65999827	SL4.0ch03_64655212
chr03	66001196	SL4.0ch03_64656627
chr03	66010541	SL4.0ch03_64665896
chr03	66029618	SL4.0ch03_64701415
chr03	66042483	SL4.0ch03_64714149
chr03	66047371	SL4.0ch03_64719073
chr03	66067095	SL4.0ch03_64739450
chr03	66166025	SL4.0ch03_64821236
chr03	66171629	SL4.0ch03_64826869
chr03	66176281	SL4.0ch03_64831612
chr03	66196792	SL4.0ch03_64856960
chr03	66245379	SL4.0ch03_64905681
chr03	66277892	SL4.0ch03_64939131
chr03	66285151	SL4.0ch03_64951385
chr03	66373759	SL4.0ch03_65025788
chr03	66423311	SL4.0ch03_65062928
chr03	66439886	SL4.0ch03_65079382
chr03	66442016	SL4.0ch03_65081503
chr03	66491091	SL4.0ch03_65133963
chr03	66534524	SL4.0ch03_65177300
chr04	1128515	SL4.0ch04_16511
chr04	1160536	SL4.0ch04_48737
chr04	1170527	SL4.0ch04_58710
chr04	1173399	SL4.0ch04_61571
chr04	1173843	SL4.0ch04_62015
chr04	1199740	SL4.0ch04_87827
chr04	1207048	SL4.0ch04_95128
chr04	1210913	SL4.0ch04_98986
chr04	1220563	SL4.0ch04_108647
chr04	1224181	SL4.0ch04_112269
chr04	1257288	SL4.0ch04_145147
chr04	1279534	SL4.0ch04_167412
chr04	1329551	SL4.0ch04_215467
chr04	1345603	SL4.0ch04_231607
chr04	1345753	SL4.0ch04_231757
chr04	1422762	SL4.0ch04_294720
chr04	1428720	SL4.0ch04_300644
chr04	1434030	SL4.0ch04_305835
chr04	1480791	SL4.0ch04_354053
chr04	1555125	SL4.0ch04_429535
chr04	1588380	SL4.0ch04_462802
chr04	1595999	SL4.0ch04_470438
chr04	1596343	SL4.0ch04_470782
chr04	1633386	SL4.0ch04_515638
chr04	1651597	SL4.0ch04_533873
chr04	1652433	SL4.0ch04_534709
chr04	1665096	SL4.0ch04_547364
chr04	1669247	SL4.0ch04_551515
chr04	1674801	SL4.0ch04_557057
chr04	1757591	SL4.0ch04_657184
chr04	1761523	SL4.0ch04_661110
chr04	1788737	SL4.0ch04_688224
chr04	1791001	SL4.0ch04_690496
chr04	1825932	SL4.0ch04_725390
chr04	1843488	SL4.0ch04_743432
chr04	1882396	SL4.0ch04_780843
chr04	1957732	SL4.0ch04_832986
chr04	1973502	SL4.0ch04_840236
chr04	1975162	SL4.0ch04_841896
chr04	1975273	SL4.0ch04_842007
chr04	1986943	SL4.0ch04_852911
chr04	2017647	SL4.0ch04_883714
chr04	2032354	SL4.0ch04_898335
chr04	2040571	SL4.0ch04_906498
chr04	2067727	SL4.0ch04_933719
chr04	2096957	SL4.0ch04_962375
chr04	2156265	SL4.0ch04_1021603
chr04	2156795	SL4.0ch04_1022133
chr04	2163727	SL4.0ch04_1029085
chr04	2164019	SL4.0ch04_1029377
chr04	2209735	SL4.0ch04_1076760
chr04	2250657	SL4.0ch04_1118992
chr04	2291223	SL4.0ch04_1159767
chr04	2300029	SL4.0ch04_1177727
chr04	2322157	SL4.0ch04_1199682
chr04	2323707	SL4.0ch04_1201232
chr04	2333449	SL4.0ch04_1210735
chr04	2343156	SL4.0ch04_1220941
chr04	2390696	SL4.0ch04_1268416
chr04	2404418	SL4.0ch04_1282122
chr04	2444690	SL4.0ch04_1322659
chr04	2474630	SL4.0ch04_1352839
chr04	2476153	SL4.0ch04_1354362
chr04	2477264	SL4.0ch04_1355473
chr04	2486680	SL4.0ch04_1364887
chr04	2555608	SL4.0ch04_1434128
chr04	2579673	SL4.0ch04_1458034
chr04	2598554	SL4.0ch04_1477051
chr04	2612078	SL4.0ch04_1490528
chr04	2620199	SL4.0ch04_1498660
chr04	2648690	SL4.0ch04_1527257
chr04	2652498	SL4.0ch04_1530702
chr04	2675743	SL4.0ch04_1554630
chr04	2686233	SL4.0ch04_1570289
chr04	2711189	SL4.0ch04_1595055
chr04	2724228	SL4.0ch04_1606815
chr04	2733154	SL4.0ch04_1615993
chr04	2764236	SL4.0ch04_1647000
chr04	2768085	SL4.0ch04_1650832
chr04	2774208	SL4.0ch04_1656955
chr04	2796180	SL4.0ch04_1678615
chr04	2801180	SL4.0ch04_1683502
chr04	2807949	SL4.0ch04_1690271
chr04	2821775	SL4.0ch04_1704095
chr04	2841966	SL4.0ch04_1724270
chr04	2914092	SL4.0ch04_1796380
chr04	2962082	SL4.0ch04_1844352
chr04	2978889	SL4.0ch04_1861085
chr04	3052482	SL4.0ch04_1888102
chr04	3068451	SL4.0ch04_1904034
chr04	3124338	SL4.0ch04_1960465
chr04	3127793	SL4.0ch04_1968776
chr04	3133668	SL4.0ch04_1974683
chr04	3142816	SL4.0ch04_1983763
chr04	3144516	SL4.0ch04_1985467
chr04	3170882	SL4.0ch04_2011829
chr04	3172832	SL4.0ch04_2013778
chr04	3188325	SL4.0ch04_2029281
chr04	3190775	SL4.0ch04_2031731
chr04	3193680	SL4.0ch04_2034634
chr04	3223581	SL4.0ch04_2064261
chr04	3224209	SL4.0ch04_2064889
chr04	3230765	SL4.0ch04_2071414
chr04	3258633	SL4.0ch04_2098913
chr04	3263601	SL4.0ch04_2103874
chr04	3269490	SL4.0ch04_2109768
chr04	3308987	SL4.0ch04_2149577
chr04	3335733	SL4.0ch04_2176354
chr04	3377284	SL4.0ch04_2208523
chr04	3410639	SL4.0ch04_2241880
chr04	3429756	SL4.0ch04_2260888
chr04	3440291	SL4.0ch04_2271304
chr04	3491518	SL4.0ch04_2322540
chr04	3501300	SL4.0ch04_2332318
chr04	3519242	SL4.0ch04_2351000
chr04	3592068	SL4.0ch04_2424254
chr04	3592467	SL4.0ch04_2424653
chr04	3610264	SL4.0ch04_2442388
chr04	3645337	SL4.0ch04_2477549
chr04	3682532	SL4.0ch04_2514754
chr04	3693217	SL4.0ch04_2525401
chr04	3733277	SL4.0ch04_2595554
chr04	3754112	SL4.0ch04_2616450
chr04	3773348	SL4.0ch04_2637049
chr04	3816838	SL4.0ch04_2678513
chr04	3838389	SL4.0ch04_2700543
chr04	3866268	SL4.0ch04_2728461
chr04	3879794	SL4.0ch04_2742193
chr04	3888179	SL4.0ch04_2750589
chr04	3901123	SL4.0ch04_2763551
chr04	3910316	SL4.0ch04_2772726
chr04	3910491	SL4.0ch04_2772901
chr04	3910631	SL4.0ch04_2773041
chr04	3921544	SL4.0ch04_2783946
chr04	3929933	SL4.0ch04_2792341
chr04	3946760	SL4.0ch04_2809127
chr04	3947637	SL4.0ch04_2810004
chr04	3956997	SL4.0ch04_2819210
chr04	3988061	SL4.0ch04_2850289
chr04	3991440	SL4.0ch04_2853650
chr04	4006858	SL4.0ch04_2868932
chr04	4015844	SL4.0ch04_2877816
chr04	4037995	SL4.0ch04_2899895
chr04	4050473	SL4.0ch04_2912404
chr04	4089807	SL4.0ch04_2951684
chr04	4100114	SL4.0ch04_2961989
chr04	4103033	SL4.0ch04_2964913
chr04	4110498	SL4.0ch04_2972377
chr04	4142101	SL4.0ch04_3003851
chr04	4146610	SL4.0ch04_3008342
chr04	4183684	SL4.0ch04_3045159
chr04	4190065	SL4.0ch04_3051530
chr04	4203486	SL4.0ch04_3064983
chr04	4220864	SL4.0ch04_3082379
chr04	4232704	SL4.0ch04_3094203
chr04	4233287	SL4.0ch04_3094750
chr04	4241156	SL4.0ch04_3102404
chr04	4250949	SL4.0ch04_3112010
chr04	4256427	SL4.0ch04_3117504
chr04	4272944	SL4.0ch04_3133974
chr04	4300504	SL4.0ch04_3161323
chr04	4308549	SL4.0ch04_3169371
chr04	4308820	SL4.0ch04_3169642
chr04	4317595	SL4.0ch04_3178406
chr04	4345318	SL4.0ch04_3207995
chr04	4353260	SL4.0ch04_3216034
chr04	4363876	SL4.0ch04_3227010
chr04	4387815	SL4.0ch04_3250946
chr04	4420973	SL4.0ch04_3283997
chr04	4444978	SL4.0ch04_3314006
chr04	4490966	SL4.0ch04_3360324
chr04	4505913	SL4.0ch04_3375570
chr04	4530753	SL4.0ch04_3401711
chr04	4552552	SL4.0ch04_3423043
chr04	4576357	SL4.0ch04_3446735
chr04	4605109	SL4.0ch04_3475483
chr04	4662427	SL4.0ch04_3519469
chr04	4676130	SL4.0ch04_3533112
chr04	4676860	SL4.0ch04_3533840
chr04	4697692	SL4.0ch04_3554864
chr04	4730689	SL4.0ch04_3584290
chr04	4760673	SL4.0ch04_3614258
chr04	4806153	SL4.0ch04_3655825
chr04	4820118	SL4.0ch04_3669749
chr04	4859834	SL4.0ch04_3699007
chr04	4867104	SL4.0ch04_3706240
chr04	5035643	SL4.0ch04_3853352
chr04	5058861	SL4.0ch04_3876583
chr04	5067054	SL4.0ch04_3884737
chr04	5085655	SL4.0ch04_3903375
chr04	5113311	SL4.0ch04_3929609
chr04	5119190	SL4.0ch04_3935469
chr04	5126314	SL4.0ch04_3942603
chr04	5140995	SL4.0ch04_3957614
chr04	5163344	SL4.0ch04_3979918
chr04	5178508	SL4.0ch04_3995005
chr04	5191078	SL4.0ch04_3997798
chr04	5220883	SL4.0ch04_4027229
chr04	5229987	SL4.0ch04_4036326
chr04	5292058	SL4.0ch04_4077658
chr04	5298540	SL4.0ch04_4084176
chr04	5311925	SL4.0ch04_4099388
chr04	5342691	SL4.0ch04_4130638
chr04	5355783	SL4.0ch04_4143736
chr04	5389613	SL4.0ch04_4184976
chr04	5393917	SL4.0ch04_4189199
chr04	5396220	SL4.0ch04_4191502
chr04	5397190	SL4.0ch04_4192473
chr04	5402291	SL4.0ch04_4197553
chr04	5418450	SL4.0ch04_4213974
chr04	5418759	SL4.0ch04_4214283
chr04	5424186	SL4.0ch04_4219698
chr04	5460701	SL4.0ch04_4253574
chr04	5526009	SL4.0ch04_4337809
chr04	5530336	SL4.0ch04_4347327
chr04	5571643	SL4.0ch04_4388642
chr04	5580363	SL4.0ch04_4397387
chr04	5593277	SL4.0ch04_4410190
chr04	5637214	SL4.0ch04_4453215
chr04	5673746	SL4.0ch04_4489787
chr04	5683315	SL4.0ch04_4499344
chr04	5854950	SL4.0ch04_4546890
chr04	5907218	SL4.0ch04_4599938
chr04	5912465	SL4.0ch04_4605200
chr04	5916782	SL4.0ch04_4609506
chr04	5971394	SL4.0ch04_4647870
chr04	5978584	SL4.0ch04_4655027
chr04	5979262	SL4.0ch04_4655705
chr04	5992593	SL4.0ch04_4669172
chr04	6003867	SL4.0ch04_4680469
chr04	6013675	SL4.0ch04_4690482
chr04	6021632	SL4.0ch04_4698682
chr04	6026732	SL4.0ch04_4703902
chr04	6038271	SL4.0ch04_4715437
chr04	6054153	SL4.0ch04_4731133
chr04	6115570	SL4.0ch04_4797432
chr04	6124840	SL4.0ch04_4806683
chr04	6126048	SL4.0ch04_4807892
chr04	6142336	SL4.0ch04_4824083
chr04	6150758	SL4.0ch04_4832506
chr04	6176594	SL4.0ch04_4858456
chr04	6270988	SL4.0ch04_4962648
chr04	6285949	SL4.0ch04_4977495
chr04	6340464	SL4.0ch04_5024762
chr04	6341510	SL4.0ch04_5025808
chr04	6350407	SL4.0ch04_5034873
chr04	6357162	SL4.0ch04_5041625
chr04	6484257	SL4.0ch04_5092132
chr04	6523649	SL4.0ch04_5126531
chr04	6557660	SL4.0ch04_5160848
chr04	6562738	SL4.0ch04_5165922
chr04	6571314	SL4.0ch04_5176549
chr04	6572318	SL4.0ch04_5177557
chr04	6736285	SL4.0ch04_5243210
chr04	6770502	SL4.0ch04_5277502
chr04	6803585	SL4.0ch04_5310038
chr04	6820600	SL4.0ch04_5327096
chr04	6827099	SL4.0ch04_5335399
chr04	6845564	SL4.0ch04_5353604
chr04	6846077	SL4.0ch04_5354117
chr04	6849587	SL4.0ch04_5357651
chr04	6864793	SL4.0ch04_5372703
chr04	6875718	SL4.0ch04_5383579
chr04	6903177	SL4.0ch04_5413597
chr04	6912362	SL4.0ch04_5422675
chr04	6914302	SL4.0ch04_5424613
chr04	7016056	SL4.0ch04_5489259
chr04	7051332	SL4.0ch04_5525893
chr04	7085761	SL4.0ch04_5560270
chr04	7092452	SL4.0ch04_5567356
chr04	7094922	SL4.0ch04_5569414
chr04	7112404	SL4.0ch04_5586889
chr04	7128292	SL4.0ch04_5602730
chr04	7155481	SL4.0ch04_5629971
chr04	7207251	SL4.0ch04_5681000
chr04	7281913	SL4.0ch04_5754696
chr04	7283741	SL4.0ch04_5756534
chr04	7287808	SL4.0ch04_5760611
chr04	7292756	SL4.0ch04_5765577
chr04	7313769	SL4.0ch04_5794573
chr04	7315480	SL4.0ch04_5796237
chr04	7319768	SL4.0ch04_5800395
chr04	7358267	SL4.0ch04_5845901
chr04	7375593	SL4.0ch04_5863218
chr04	7405665	SL4.0ch04_5893355
chr04	7446989	SL4.0ch04_5927000
chr04	7447738	SL4.0ch04_5927749
chr04	7453583	SL4.0ch04_5933573
chr04	7460516	SL4.0ch04_5940526
chr04	7483389	SL4.0ch04_5963011
chr04	7523465	SL4.0ch04_6003071
chr04	7554439	SL4.0ch04_6034042
chr04	7574684	SL4.0ch04_6054103
chr04	7575454	SL4.0ch04_6054872
chr04	7587670	SL4.0ch04_6067088
chr04	7597190	SL4.0ch04_6076599
chr04	7599269	SL4.0ch04_6078676
chr04	7621481	SL4.0ch04_6098908
chr04	7634055	SL4.0ch04_6106637
chr04	7656985	SL4.0ch04_6132817
chr04	7665018	SL4.0ch04_6143277
chr04	7668738	SL4.0ch04_6146933
chr04	7703948	SL4.0ch04_6182140
chr04	7748917	SL4.0ch04_6232138
chr04	7765213	SL4.0ch04_6248482
chr04	7767947	SL4.0ch04_6251215
chr04	7771475	SL4.0ch04_6254746
chr04	7825286	SL4.0ch04_6304221
chr04	7846478	SL4.0ch04_6325359
chr04	7939403	SL4.0ch04_6429305
chr04	7997391	SL4.0ch04_6450071
chr04	8019225	SL4.0ch04_6471909
chr04	8082624	SL4.0ch04_6522743
chr04	8090483	SL4.0ch04_6530577
chr04	8093059	SL4.0ch04_6533148
chr04	8096935	SL4.0ch04_6537432
chr04	8125876	SL4.0ch04_6565831
chr04	8148910	SL4.0ch04_6588647
chr04	8161592	SL4.0ch04_6594845
chr04	8161911	SL4.0ch04_6595164
chr04	8168036	SL4.0ch04_6601291
chr04	8168294	SL4.0ch04_6601549
chr04	8172206	SL4.0ch04_6605412
chr04	8193691	SL4.0ch04_6625139
chr04	8206621	SL4.0ch04_6638049
chr04	8256382	SL4.0ch04_6683243
chr04	8278123	SL4.0ch04_6704832
chr04	8336476	SL4.0ch04_6757837
chr04	8338862	SL4.0ch04_6760228
chr04	8375641	SL4.0ch04_6796978
chr04	8391479	SL4.0ch04_6812803
chr04	8471653	SL4.0ch04_6893336
chr04	8527686	SL4.0ch04_6948875
chr04	8539894	SL4.0ch04_6961112
chr04	8547502	SL4.0ch04_6968727
chr04	8555405	SL4.0ch04_6976668
chr04	8590165	SL4.0ch04_7011476
chr04	8593141	SL4.0ch04_7014452
chr04	8595083	SL4.0ch04_7016386
chr04	8609622	SL4.0ch04_7031592
chr04	8627983	SL4.0ch04_7049912
chr04	8630260	SL4.0ch04_7052187
chr04	8647514	SL4.0ch04_7073417
chr04	8657985	SL4.0ch04_7083905
chr04	8659245	SL4.0ch04_7085180
chr04	8677203	SL4.0ch04_7103078
chr04	8728869	SL4.0ch04_7154470
chr04	8828494	SL4.0ch04_7259246
chr04	8842335	SL4.0ch04_7273021
chr04	8891115	SL4.0ch04_7321651
chr04	8906740	SL4.0ch04_7337195
chr04	8915320	SL4.0ch04_7345789
chr04	8915931	SL4.0ch04_7346400
chr04	8918533	SL4.0ch04_7349002
chr04	8925022	SL4.0ch04_7355440
chr04	8983603	SL4.0ch04_7414027
chr04	8997824	SL4.0ch04_7428255
chr04	9020099	SL4.0ch04_7450520
chr04	9051451	SL4.0ch04_7481694
chr04	9084507	SL4.0ch04_7515057
chr04	9091926	SL4.0ch04_7522577
chr04	9099389	SL4.0ch04_7536246
chr04	9124894	SL4.0ch04_7573917
chr04	9170356	SL4.0ch04_7611028
chr04	9184285	SL4.0ch04_7624956
chr04	9230922	SL4.0ch04_7693093
chr04	9245065	SL4.0ch04_7707244
chr04	9297940	SL4.0ch04_7760146
chr04	9299741	SL4.0ch04_7761947
chr04	9350204	SL4.0ch04_7817847
chr04	9541557	SL4.0ch04_8005616
chr04	9544111	SL4.0ch04_8008170
chr04	9548307	SL4.0ch04_8012366
chr04	9561502	SL4.0ch04_8025563
chr04	9662504	SL4.0ch04_8131608
chr04	9770552	SL4.0ch04_8239623
chr04	9774408	SL4.0ch04_8243478
chr04	9791570	SL4.0ch04_8262226
chr04	9869774	SL4.0ch04_8340436
chr04	10152870	SL4.0ch04_8623061
chr04	10161769	SL4.0ch04_8632083
chr04	10266880	SL4.0ch04_8732964
chr04	10272425	SL4.0ch04_8738502
chr04	10293470	SL4.0ch04_8759532
chr04	10323787	SL4.0ch04_8789821
chr04	10381243	SL4.0ch04_8824467
chr04	10446160	SL4.0ch04_8889274
chr04	10481192	SL4.0ch04_8924329
chr04	10523740	SL4.0ch04_8967142
chr04	10566295	SL4.0ch04_9009616
chr04	10588521	SL4.0ch04_9031874
chr04	10620852	SL4.0ch04_9064162
chr04	10639834	SL4.0ch04_9083138
chr04	10687948	SL4.0ch04_9131191
chr04	10757881	SL4.0ch04_9201101
chr04	10760625	SL4.0ch04_9203846
chr04	10812554	SL4.0ch04_9256325
chr04	10816439	SL4.0ch04_9260210
chr04	10817691	SL4.0ch04_9261463
chr04	10820775	SL4.0ch04_9264545
chr04	10834760	SL4.0ch04_9278530
chr04	10869354	SL4.0ch04_9313101
chr04	10909306	SL4.0ch04_9323943
chr04	10910465	SL4.0ch04_9325134
chr04	10912606	SL4.0ch04_9327273
chr04	10915532	SL4.0ch04_9330213
chr04	10920337	SL4.0ch04_9335018
chr04	10978783	SL4.0ch04_9393388
chr04	10991084	SL4.0ch04_9405745
chr04	11018659	SL4.0ch04_9433312
chr04	11073036	SL4.0ch04_9487749
chr04	11101782	SL4.0ch04_9516486
chr04	11104915	SL4.0ch04_9519619
chr04	11110573	SL4.0ch04_9525280
chr04	11134023	SL4.0ch04_9548727
chr04	11135611	SL4.0ch04_9550315
chr04	11207921	SL4.0ch04_9622558
chr04	11241639	SL4.0ch04_9656141
chr04	11262421	SL4.0ch04_9676851
chr04	11407867	SL4.0ch04_9898333
chr04	11411524	SL4.0ch04_9901991
chr04	11424965	SL4.0ch04_9915362
chr04	11433464	SL4.0ch04_9923855
chr04	11438423	SL4.0ch04_9928851
chr04	11441602	SL4.0ch04_9932028
chr04	11442109	SL4.0ch04_9932535
chr04	11448871	SL4.0ch04_9939297
chr04	11509408	SL4.0ch04_9967280
chr04	11531830	SL4.0ch04_9991014
chr04	11639309	SL4.0ch04_10099354
chr04	11656667	SL4.0ch04_10116711
chr04	11680354	SL4.0ch04_10140364
chr04	11697493	SL4.0ch04_10157429
chr04	11708868	SL4.0ch04_10168801
chr04	11715942	SL4.0ch04_10175857
chr04	11729481	SL4.0ch04_10189394
chr04	11729956	SL4.0ch04_10189869
chr04	11733227	SL4.0ch04_10193140
chr04	11744692	SL4.0ch04_10204603
chr04	11748092	SL4.0ch04_10208003
chr04	11749135	SL4.0ch04_10209046
chr04	11768625	SL4.0ch04_10228550
chr04	11774516	SL4.0ch04_10234441
chr04	11776641	SL4.0ch04_10236566
chr04	11831740	SL4.0ch04_10296010
chr04	11845696	SL4.0ch04_10310076
chr04	11853492	SL4.0ch04_10317869
chr04	11897246	SL4.0ch04_10362039
chr04	11936451	SL4.0ch04_10401327
chr04	11952852	SL4.0ch04_10417731
chr04	12034772	SL4.0ch04_10499135
chr04	12046057	SL4.0ch04_10509001
chr04	12048951	SL4.0ch04_10511894
chr04	12059762	SL4.0ch04_10522704
chr04	12077463	SL4.0ch04_10540405
chr04	12095452	SL4.0ch04_10558387
chr04	12096497	SL4.0ch04_10559431
chr04	12115291	SL4.0ch04_10578237
chr04	12150929	SL4.0ch04_10613882
chr04	12156364	SL4.0ch04_10619265
chr04	12168676	SL4.0ch04_10631576
chr04	12221504	SL4.0ch04_10683635
chr04	12249265	SL4.0ch04_10704648
chr04	12256562	SL4.0ch04_10711902
chr04	12259180	SL4.0ch04_10714519
chr04	12265699	SL4.0ch04_10721035
chr04	12321088	SL4.0ch04_10781276
chr04	12330351	SL4.0ch04_10790520
chr04	12360903	SL4.0ch04_10821063
chr04	12399250	SL4.0ch04_10866850
chr04	12429502	SL4.0ch04_10897101
chr04	12438996	SL4.0ch04_10906590
chr04	12445385	SL4.0ch04_10912979
chr04	12452313	SL4.0ch04_10919907
chr04	12493198	SL4.0ch04_10943953
chr04	12629280	SL4.0ch04_11088948
chr04	12650245	SL4.0ch04_11109916
chr04	12655175	SL4.0ch04_11114844
chr04	12672888	SL4.0ch04_11132562
chr04	12681833	SL4.0ch04_11141508
chr04	12683705	SL4.0ch04_11143379
chr04	12703719	SL4.0ch04_11163326
chr04	12726048	SL4.0ch04_11185533
chr04	12740361	SL4.0ch04_11199833
chr04	12797133	SL4.0ch04_11260796
chr04	12863959	SL4.0ch04_11330227
chr04	12869853	SL4.0ch04_11336119
chr04	12889573	SL4.0ch04_11355835
chr04	12922153	SL4.0ch04_11388376
chr04	12923512	SL4.0ch04_11389735
chr04	12937387	SL4.0ch04_11403607
chr04	12937658	SL4.0ch04_11403878
chr04	12976455	SL4.0ch04_11442524
chr04	13014716	SL4.0ch04_11480743
chr04	13058864	SL4.0ch04_11524132
chr04	13088743	SL4.0ch04_11554126
chr04	13110772	SL4.0ch04_11576128
chr04	13114652	SL4.0ch04_11580008
chr04	13183947	SL4.0ch04_11671317
chr04	13317923	SL4.0ch04_11805179
chr04	13360369	SL4.0ch04_11847545
chr04	13500781	SL4.0ch04_11970947
chr04	13516935	SL4.0ch04_11987046
chr04	13530156	SL4.0ch04_12000269
chr04	13654430	SL4.0ch04_12128098
chr04	13730466	SL4.0ch04_12204093
chr04	13750613	SL4.0ch04_12224219
chr04	13811882	SL4.0ch04_12279961
chr04	13817935	SL4.0ch04_12286018
chr04	13910538	SL4.0ch04_12378051
chr04	13959309	SL4.0ch04_12426826
chr04	14053292	SL4.0ch04_12520753
chr04	14126725	SL4.0ch04_12594104
chr04	14144673	SL4.0ch04_12611471
chr04	14161980	SL4.0ch04_12622231
chr04	14214000	SL4.0ch04_12678804
chr04	14305723	SL4.0ch04_12768609
chr04	14350650	SL4.0ch04_12807696
chr04	14404333	SL4.0ch04_12864058
chr04	14428810	SL4.0ch04_12891479
chr04	14515321	SL4.0ch04_12978120
chr04	14553909	SL4.0ch04_13016719
chr04	14567063	SL4.0ch04_13030015
chr04	14577818	SL4.0ch04_13040770
chr04	14648680	SL4.0ch04_13112383
chr04	14675169	SL4.0ch04_13138831
chr04	14698792	SL4.0ch04_13161951
chr04	14721109	SL4.0ch04_13182669
chr04	14773067	SL4.0ch04_13234715
chr04	14827125	SL4.0ch04_13287917
chr04	15106787	SL4.0ch04_13571616
chr04	16418828	SL4.0ch04_13888213
chr04	16646770	SL4.0ch04_14135894
chr04	16690258	SL4.0ch04_14189828
chr04	16760376	SL4.0ch04_14259578
chr04	16793091	SL4.0ch04_14292287
chr04	16838887	SL4.0ch04_14338308
chr04	16908814	SL4.0ch04_14408039
chr04	17242805	SL4.0ch04_14686012
chr04	17334287	SL4.0ch04_14778224
chr04	17488773	SL4.0ch04_14932700
chr04	17587282	SL4.0ch04_15030984
chr04	17684151	SL4.0ch04_15127869
chr04	17741841	SL4.0ch04_15185513
chr04	17758815	SL4.0ch04_15202422
chr04	17883066	SL4.0ch04_15347518
chr04	17969424	SL4.0ch04_15413960
chr04	18000238	SL4.0ch04_15444692
chr04	18006434	SL4.0ch04_15451026
chr04	18022720	SL4.0ch04_15467301
chr04	18117699	SL4.0ch04_15561601
chr04	18194176	SL4.0ch04_15637343
chr04	18204169	SL4.0ch04_15647404
chr04	18318630	SL4.0ch04_15762873
chr04	18358715	SL4.0ch04_15802989
chr04	18427831	SL4.0ch04_15871976
chr04	18459880	SL4.0ch04_15903896
chr04	18487651	SL4.0ch04_15931516
chr04	18650188	SL4.0ch04_16076875
chr04	18741604	SL4.0ch04_16171438
chr04	18748630	SL4.0ch04_16178463
chr04	18910123	SL4.0ch04_16316407
chr04	18964032	SL4.0ch04_16380624
chr04	18994916	SL4.0ch04_16411492
chr04	19004891	SL4.0ch04_16421476
chr04	19017036	SL4.0ch04_16433619
chr04	19032304	SL4.0ch04_16448896
chr04	19043970	SL4.0ch04_16460545
chr04	19105183	SL4.0ch04_16521787
chr04	19152667	SL4.0ch04_16569275
chr04	19217650	SL4.0ch04_16634200
chr04	19224051	SL4.0ch04_16640602
chr04	19302533	SL4.0ch04_16741901
chr04	19308984	SL4.0ch04_16748348
chr04	19400251	SL4.0ch04_16845441
chr04	19445031	SL4.0ch04_16890197
chr04	19504242	SL4.0ch04_16949349
chr04	19512308	SL4.0ch04_16957413
chr04	19606729	SL4.0ch04_17050934
chr04	19737379	SL4.0ch04_17181518
chr04	19810367	SL4.0ch04_17267374
chr04	20103311	SL4.0ch04_17473493
chr04	20206143	SL4.0ch04_17568073
chr04	20254433	SL4.0ch04_17613809
chr04	20377968	SL4.0ch04_17737165
chr04	20381345	SL4.0ch04_17740541
chr04	20420934	SL4.0ch04_17775143
chr04	20495366	SL4.0ch04_17849302
chr04	20515850	SL4.0ch04_17875537
chr04	20520933	SL4.0ch04_17889837
chr04	20523523	SL4.0ch04_17892429
chr04	20534106	SL4.0ch04_17903007
chr04	20558166	SL4.0ch04_17926982
chr04	20609918	SL4.0ch04_17979356
chr04	20726285	SL4.0ch04_18095729
chr04	20857115	SL4.0ch04_18211235
chr04	20871562	SL4.0ch04_18225642
chr04	20908266	SL4.0ch04_18257543
chr04	21126514	SL4.0ch04_18428503
chr04	21139544	SL4.0ch04_18441541
chr04	21227811	SL4.0ch04_18536007
chr04	21473651	SL4.0ch04_18768276
chr04	21501692	SL4.0ch04_18796311
chr04	21551605	SL4.0ch04_18836194
chr04	21621155	SL4.0ch04_18908009
chr04	21705896	SL4.0ch04_19004861
chr04	21711700	SL4.0ch04_19010662
chr04	21761717	SL4.0ch04_19060809
chr04	21836089	SL4.0ch04_19137447
chr04	21890896	SL4.0ch04_19204312
chr04	21919163	SL4.0ch04_19239452
chr04	21920488	SL4.0ch04_19240777
chr04	21940859	SL4.0ch04_19265856
chr04	21944864	SL4.0ch04_19269866
chr04	21946615	SL4.0ch04_19271617
chr04	21949793	SL4.0ch04_19274793
chr04	21965222	SL4.0ch04_19290836
chr04	22014932	SL4.0ch04_19332866
chr04	22021244	SL4.0ch04_19339137
chr04	22079565	SL4.0ch04_19397420
chr04	22118021	SL4.0ch04_19435910
chr04	22147938	SL4.0ch04_19465516
chr04	22208343	SL4.0ch04_19525104
chr04	22473935	SL4.0ch04_19797187
chr04	22542139	SL4.0ch04_19864666
chr04	22586052	SL4.0ch04_19908557
chr04	22742168	SL4.0ch04_20049382
chr04	22818361	SL4.0ch04_20114153
chr04	22914298	SL4.0ch04_20202705
chr04	22983848	SL4.0ch04_20286850
chr04	23056189	SL4.0ch04_20617896
chr04	23182173	SL4.0ch04_20492517
chr04	23224131	SL4.0ch04_20438705
chr04	23311068	SL4.0ch04_20351848
chr04	23321170	SL4.0ch04_24619384
chr04	23352279	SL4.0ch04_24588190
chr04	23409192	SL4.0ch04_24530867
chr04	23474173	SL4.0ch04_24460542
chr04	23547385	SL4.0ch04_24387369
chr04	23578193	SL4.0ch04_24356597
chr04	23601190	SL4.0ch04_24333598
chr04	23713860	SL4.0ch04_24221352
chr04	23814623	SL4.0ch04_24105803
chr04	23980405	SL4.0ch04_23908545
chr04	24003539	SL4.0ch04_23885453
chr04	24006783	SL4.0ch04_23882216
chr04	24065259	SL4.0ch04_23823718
chr04	24120209	SL4.0ch04_23766965
chr04	24231525	SL4.0ch04_23654788
chr04	24263165	SL4.0ch04_23623187
chr04	24341678	SL4.0ch04_23544689
chr04	24373853	SL4.0ch04_23505661
chr04	24475905	SL4.0ch04_23403394
chr04	24565198	SL4.0ch04_23314128
chr04	24769480	SL4.0ch04_23131605
chr04	24808487	SL4.0ch04_23092566
chr04	24890346	SL4.0ch04_23008573
chr04	25018966	SL4.0ch04_22880278
chr04	25074624	SL4.0ch04_22824739
chr04	25120705	SL4.0ch04_22778632
chr04	25131020	SL4.0ch04_22768335
chr04	25136157	SL4.0ch04_22763231
chr04	25221470	SL4.0ch04_22677722
chr04	25262597	SL4.0ch04_22636796
chr04	25263482	SL4.0ch04_22635911
chr04	25311495	SL4.0ch04_22596697
chr04	25317800	SL4.0ch04_22590393
chr04	25357769	SL4.0ch04_22550432
chr04	25385395	SL4.0ch04_22522953
chr04	25518538	SL4.0ch04_22269682
chr04	25675298	SL4.0ch04_22106301
chr04	25715509	SL4.0ch04_22066103
chr04	25716904	SL4.0ch04_22064707
chr04	25792891	SL4.0ch04_21988799
chr04	26021423	SL4.0ch04_21766269
chr04	26079889	SL4.0ch04_21675646
chr04	26135867	SL4.0ch04_21619807
chr04	26167516	SL4.0ch04_21588147
chr04	26246218	SL4.0ch04_21509489
chr04	26289260	SL4.0ch04_21466307
chr04	26333596	SL4.0ch04_21421970
chr04	26370645	SL4.0ch04_21384903
chr04	26404836	SL4.0ch04_21349640
chr04	26506415	SL4.0ch04_21247969
chr04	26623854	SL4.0ch04_21148174
chr04	26736134	SL4.0ch04_21037082
chr04	26798399	SL4.0ch04_20965425
chr04	26982210	SL4.0ch04_20780756
chr04	27231054	SL4.0ch04_24708538
chr04	27382284	SL4.0ch04_24818629
chr04	27386156	SL4.0ch04_24822492
chr04	27426143	SL4.0ch04_24862465
chr04	27491315	SL4.0ch04_24927624
chr04	27601727	SL4.0ch04_24991358
chr04	27731241	SL4.0ch04_25121047
chr04	27804640	SL4.0ch04_25185919
chr04	27888311	SL4.0ch04_25269565
chr04	27979533	SL4.0ch04_25360761
chr04	28116004	SL4.0ch04_25439504
chr04	28189322	SL4.0ch04_25512794
chr04	28477971	SL4.0ch04_25803423
chr04	28533136	SL4.0ch04_25857614
chr04	28626979	SL4.0ch04_25974826
chr04	28708099	SL4.0ch04_26055768
chr04	28729305	SL4.0ch04_26076959
chr04	28835363	SL4.0ch04_26180854
chr04	28871359	SL4.0ch04_26216771
chr04	28978118	SL4.0ch04_26323034
chr04	29078715	SL4.0ch04_26418154
chr04	29268612	SL4.0ch04_26607519
chr04	29307255	SL4.0ch04_26645977
chr04	29409699	SL4.0ch04_26747322
chr04	29506976	SL4.0ch04_26851193
chr04	29534062	SL4.0ch04_26878347
chr04	29631408	SL4.0ch04_26975634
chr04	29645837	SL4.0ch04_26990065
chr04	29739010	SL4.0ch04_27083196
chr04	29787236	SL4.0ch04_27131452
chr04	29858762	SL4.0ch04_27203050
chr04	30084096	SL4.0ch04_27437876
chr04	30101196	SL4.0ch04_27456900
chr04	30127269	SL4.0ch04_27482878
chr04	30174903	SL4.0ch04_27535925
chr04	30325890	SL4.0ch04_27738790
chr04	30356343	SL4.0ch04_27769222
chr04	30513950	SL4.0ch04_27925304
chr04	30754804	SL4.0ch04_28165049
chr04	30790269	SL4.0ch04_28200521
chr04	30791973	SL4.0ch04_28202225
chr04	30925821	SL4.0ch04_28368409
chr04	30977256	SL4.0ch04_28411691
chr04	31048281	SL4.0ch04_28482627
chr04	31143934	SL4.0ch04_28578089
chr04	31214946	SL4.0ch04_28658149
chr04	31323301	SL4.0ch04_28766361
chr04	31579389	SL4.0ch04_29024496
chr04	31652773	SL4.0ch04_29103856
chr04	31749996	SL4.0ch04_29200569
chr04	31802576	SL4.0ch04_29253141
chr04	31847012	SL4.0ch04_29297584
chr04	31949952	SL4.0ch04_29400100
chr04	31954418	SL4.0ch04_29404563
chr04	32066149	SL4.0ch04_29516342
chr04	32188583	SL4.0ch04_29638751
chr04	32352779	SL4.0ch04_29802927
chr04	32430795	SL4.0ch04_29880127
chr04	32540264	SL4.0ch04_29982275
chr04	32623377	SL4.0ch04_30058058
chr04	32694286	SL4.0ch04_30143653
chr04	32826548	SL4.0ch04_30189542
chr04	32836435	SL4.0ch04_30199423
chr04	32959836	SL4.0ch04_30350437
chr04	33044921	SL4.0ch04_30428932
chr04	33102796	SL4.0ch04_30486810
chr04	33133543	SL4.0ch04_30517202
chr04	33274724	SL4.0ch04_30658470
chr04	33305634	SL4.0ch04_30689418
chr04	33532344	SL4.0ch04_30849799
chr04	33628592	SL4.0ch04_30953450
chr04	33663099	SL4.0ch04_30987958
chr04	33689532	SL4.0ch04_31014403
chr04	33941685	SL4.0ch04_31706381
chr04	33955142	SL4.0ch04_31692908
chr04	34051553	SL4.0ch04_31596729
chr04	34294240	SL4.0ch04_31362475
chr04	34318677	SL4.0ch04_31337975
chr04	34397301	SL4.0ch04_31256136
chr04	34558466	SL4.0ch04_31195051
chr04	34562992	SL4.0ch04_31190502
chr04	34883464	SL4.0ch04_31804768
chr04	35019353	SL4.0ch04_31935989
chr04	35099151	SL4.0ch04_32015701
chr04	35173207	SL4.0ch04_32110586
chr04	35204251	SL4.0ch04_32147763
chr04	35307090	SL4.0ch04_32249484
chr04	35308458	SL4.0ch04_32250812
chr04	35366534	SL4.0ch04_32308422
chr04	35435355	SL4.0ch04_32377208
chr04	35578862	SL4.0ch04_32517703
chr04	35639626	SL4.0ch04_32590378
chr04	35685468	SL4.0ch04_32636162
chr04	35869902	SL4.0ch04_32820746
chr04	35904940	SL4.0ch04_32855808
chr04	35907299	SL4.0ch04_32858159
chr04	36109177	SL4.0ch04_33059137
chr04	36254315	SL4.0ch04_33184669
chr04	36276949	SL4.0ch04_33207262
chr04	36425648	SL4.0ch04_33356900
chr04	36456697	SL4.0ch04_33387925
chr04	36533829	SL4.0ch04_33465094
chr04	36602419	SL4.0ch04_33528228
chr04	36650429	SL4.0ch04_33576166
chr04	36729255	SL4.0ch04_33654916
chr04	36808215	SL4.0ch04_33733836
chr04	36864753	SL4.0ch04_33790407
chr04	36916138	SL4.0ch04_33841788
chr04	37031559	SL4.0ch04_33957139
chr04	37063740	SL4.0ch04_33989297
chr04	37136345	SL4.0ch04_34061776
chr04	37186127	SL4.0ch04_34104661
chr04	37227913	SL4.0ch04_34146395
chr04	37491253	SL4.0ch04_34290835
chr04	37495978	SL4.0ch04_34295571
chr04	37547377	SL4.0ch04_34348641
chr04	37666674	SL4.0ch04_34406500
chr04	37739504	SL4.0ch04_34479392
chr04	37770749	SL4.0ch04_34510636
chr04	37786556	SL4.0ch04_34526441
chr04	37872961	SL4.0ch04_34612720
chr04	37873904	SL4.0ch04_34613663
chr04	38041824	SL4.0ch04_34794071
chr04	38142942	SL4.0ch04_34894255
chr04	38230631	SL4.0ch04_34981781
chr04	38329032	SL4.0ch04_35076638
chr04	38374125	SL4.0ch04_35118262
chr04	38429154	SL4.0ch04_35173293
chr04	38503740	SL4.0ch04_35247924
chr04	38541383	SL4.0ch04_35285605
chr04	38768315	SL4.0ch04_35505388
chr04	38779197	SL4.0ch04_35516263
chr04	38875930	SL4.0ch04_35625550
chr04	38998811	SL4.0ch04_35720051
chr04	39029019	SL4.0ch04_35750202
chr04	39080974	SL4.0ch04_35801678
chr04	39145819	SL4.0ch04_35863382
chr04	39330141	SL4.0ch04_36043998
chr04	39391807	SL4.0ch04_36105554
chr04	39458364	SL4.0ch04_36172108
chr04	39487287	SL4.0ch04_36201027
chr04	39575441	SL4.0ch04_36289150
chr04	39682012	SL4.0ch04_36395417
chr04	39757477	SL4.0ch04_36469554
chr04	39852829	SL4.0ch04_36573564
chr04	39886508	SL4.0ch04_36612282
chr04	39962435	SL4.0ch04_36688018
chr04	39998824	SL4.0ch04_36724832
chr04	40143444	SL4.0ch04_36869502
chr04	40186179	SL4.0ch04_36912240
chr04	40288576	SL4.0ch04_37014681
chr04	40390431	SL4.0ch04_37119091
chr04	40429845	SL4.0ch04_37163098
chr04	40493272	SL4.0ch04_37226693
chr04	40543318	SL4.0ch04_37276718
chr04	40571287	SL4.0ch04_37304692
chr04	40687255	SL4.0ch04_37392751
chr04	40770179	SL4.0ch04_37475650
chr04	40847246	SL4.0ch04_37552796
chr04	40966835	SL4.0ch04_37674382
chr04	41102687	SL4.0ch04_37800903
chr04	41158239	SL4.0ch04_37856550
chr04	41219917	SL4.0ch04_37918173
chr04	41319610	SL4.0ch04_38017329
chr04	41327212	SL4.0ch04_38024919
chr04	41350629	SL4.0ch04_38049048
chr04	41352864	SL4.0ch04_38051283
chr04	41466501	SL4.0ch04_38174322
chr04	41546301	SL4.0ch04_38259487
chr04	41711037	SL4.0ch04_38424987
chr04	41850790	SL4.0ch04_38571657
chr04	41910496	SL4.0ch04_38631365
chr04	42092085	SL4.0ch04_38792945
chr04	42135213	SL4.0ch04_38831908
chr04	42302897	SL4.0ch04_38999984
chr04	42360489	SL4.0ch04_39057631
chr04	42530244	SL4.0ch04_39211148
chr04	42537962	SL4.0ch04_39218863
chr04	42627134	SL4.0ch04_39308035
chr04	42727745	SL4.0ch04_39414650
chr04	42755166	SL4.0ch04_39442089
chr04	42836888	SL4.0ch04_39523788
chr04	42873341	SL4.0ch04_39560242
chr04	42973385	SL4.0ch04_39653194
chr04	43027979	SL4.0ch04_39707857
chr04	43028967	SL4.0ch04_39708844
chr04	43034115	SL4.0ch04_39713930
chr04	43131267	SL4.0ch04_39810701
chr04	43255021	SL4.0ch04_39876098
chr04	43354469	SL4.0ch04_39965968
chr04	43415559	SL4.0ch04_39984276
chr04	43469122	SL4.0ch04_40031823
chr04	43469994	SL4.0ch04_40032692
chr04	43484051	SL4.0ch04_40046833
chr04	43494270	SL4.0ch04_40057046
chr04	43508077	SL4.0ch04_40070819
chr04	43527525	SL4.0ch04_40090204
chr04	43532245	SL4.0ch04_40094980
chr04	43543992	SL4.0ch04_40106717
chr04	43547013	SL4.0ch04_40109737
chr04	43548366	SL4.0ch04_40111090
chr04	43552990	SL4.0ch04_40115713
chr04	43556263	SL4.0ch04_40118991
chr04	43652661	SL4.0ch04_40207101
chr04	43715600	SL4.0ch04_40270011
chr04	43768561	SL4.0ch04_40329440
chr04	43877323	SL4.0ch04_40437023
chr04	43953132	SL4.0ch04_40512729
chr04	44033734	SL4.0ch04_40593046
chr04	44068883	SL4.0ch04_40628182
chr04	44198088	SL4.0ch04_40757382
chr04	44223252	SL4.0ch04_40782534
chr04	44225257	SL4.0ch04_40784548
chr04	44237167	SL4.0ch04_40796424
chr04	44287108	SL4.0ch04_40846484
chr04	44361282	SL4.0ch04_40920727
chr04	44391661	SL4.0ch04_40951182
chr04	44477047	SL4.0ch04_41032758
chr04	44616546	SL4.0ch04_41168233
chr04	44713015	SL4.0ch04_41264645
chr04	44727755	SL4.0ch04_41279381
chr04	44757485	SL4.0ch04_41309012
chr04	44948272	SL4.0ch04_41494983
chr04	45090296	SL4.0ch04_41647952
chr04	45157172	SL4.0ch04_41708203
chr04	45157528	SL4.0ch04_41708559
chr04	45273791	SL4.0ch04_41824642
chr04	45322246	SL4.0ch04_41851380
chr04	45450621	SL4.0ch04_41979693
chr04	45488532	SL4.0ch04_42015864
chr04	45521198	SL4.0ch04_42048433
chr04	45586284	SL4.0ch04_42113246
chr04	45654000	SL4.0ch04_42180705
chr04	45792156	SL4.0ch04_42298310
chr04	46044210	SL4.0ch04_42550080
chr04	46048859	SL4.0ch04_42554733
chr04	46087221	SL4.0ch04_42592036
chr04	46155791	SL4.0ch04_42662088
chr04	46233008	SL4.0ch04_42738882
chr04	46270677	SL4.0ch04_42776662
chr04	46286034	SL4.0ch04_42791932
chr04	46434826	SL4.0ch04_42939214
chr04	46462167	SL4.0ch04_42966579
chr04	46688478	SL4.0ch04_43157768
chr04	46754739	SL4.0ch04_43216326
chr04	46866997	SL4.0ch04_43315652
chr04	46888356	SL4.0ch04_43337013
chr04	47019849	SL4.0ch04_43468358
chr04	47065670	SL4.0ch04_43514093
chr04	47224300	SL4.0ch04_43660434
chr04	47488473	SL4.0ch04_43938192
chr04	47533559	SL4.0ch04_43982713
chr04	47678774	SL4.0ch04_44106443
chr04	47681961	SL4.0ch04_44109629
chr04	47778986	SL4.0ch04_44186871
chr04	47847646	SL4.0ch04_44233159
chr04	47968934	SL4.0ch04_44363309
chr04	48019808	SL4.0ch04_44411926
chr04	48091173	SL4.0ch04_44481787
chr04	48092174	SL4.0ch04_44482788
chr04	48194135	SL4.0ch04_44584795
chr04	48199021	SL4.0ch04_44589687
chr04	48317986	SL4.0ch04_44698181
chr04	48494073	SL4.0ch04_44874333
chr04	48500393	SL4.0ch04_44880653
chr04	48557093	SL4.0ch04_44937357
chr04	48588686	SL4.0ch04_44968908
chr04	48695758	SL4.0ch04_45076053
chr04	48715587	SL4.0ch04_45096082
chr04	48848244	SL4.0ch04_45227762
chr04	48987832	SL4.0ch04_45367473
chr04	48988958	SL4.0ch04_45368599
chr04	49156384	SL4.0ch04_45543916
chr04	49260362	SL4.0ch04_45652133
chr04	49289302	SL4.0ch04_45680981
chr04	49317302	SL4.0ch04_45701959
chr04	49371483	SL4.0ch04_45756097
chr04	49425220	SL4.0ch04_45809786
chr04	49492979	SL4.0ch04_45883478
chr04	49527766	SL4.0ch04_45918170
chr04	49656602	SL4.0ch04_46045749
chr04	49687267	SL4.0ch04_46098555
chr04	49825796	SL4.0ch04_46236970
chr04	49943807	SL4.0ch04_46353637
chr04	50146250	SL4.0ch04_46498483
chr04	50177841	SL4.0ch04_46529837
chr04	50182134	SL4.0ch04_46534131
chr04	50182321	SL4.0ch04_46534318
chr04	50183537	SL4.0ch04_46535535
chr04	50268569	SL4.0ch04_46627698
chr04	50292397	SL4.0ch04_46651596
chr04	50380892	SL4.0ch04_46740027
chr04	50437175	SL4.0ch04_46796470
chr04	50503581	SL4.0ch04_46862822
chr04	50513598	SL4.0ch04_46872848
chr04	50513956	SL4.0ch04_46873203
chr04	50547337	SL4.0ch04_46905864
chr04	50604350	SL4.0ch04_46978986
chr04	50739277	SL4.0ch04_47076785
chr04	50746637	SL4.0ch04_47084052
chr04	50778668	SL4.0ch04_47106414
chr04	50813154	SL4.0ch04_47140902
chr04	50824210	SL4.0ch04_47152007
chr04	50958287	SL4.0ch04_47278172
chr04	51005749	SL4.0ch04_47325505
chr04	51155582	SL4.0ch04_47474417
chr04	51275918	SL4.0ch04_47596452
chr04	51295685	SL4.0ch04_47616214
chr04	51390544	SL4.0ch04_47714097
chr04	51437883	SL4.0ch04_47750611
chr04	51673845	SL4.0ch04_47983245
chr04	51779083	SL4.0ch04_48087956
chr04	51816735	SL4.0ch04_48123645
chr04	51864979	SL4.0ch04_48171150
chr04	51875096	SL4.0ch04_48186083
chr04	51982887	SL4.0ch04_48279974
chr04	52049590	SL4.0ch04_48339649
chr04	52122438	SL4.0ch04_48412191
chr04	52148716	SL4.0ch04_48438431
chr04	52214107	SL4.0ch04_48507561
chr04	52266552	SL4.0ch04_48559948
chr04	52322051	SL4.0ch04_48614342
chr04	52351629	SL4.0ch04_48625487
chr04	52356671	SL4.0ch04_48630312
chr04	52374968	SL4.0ch04_48647318
chr04	52380013	SL4.0ch04_48651902
chr04	52429782	SL4.0ch04_48700218
chr04	52533598	SL4.0ch04_48793571
chr04	52628314	SL4.0ch04_48858832
chr04	52723663	SL4.0ch04_48953507
chr04	52840283	SL4.0ch04_49066229
chr04	52884951	SL4.0ch04_49105003
chr04	52887600	SL4.0ch04_49107656
chr04	52948236	SL4.0ch04_49161981
chr04	52999522	SL4.0ch04_49225239
chr04	53073008	SL4.0ch04_49298356
chr04	53116857	SL4.0ch04_49348732
chr04	53133057	SL4.0ch04_49367376
chr04	53240843	SL4.0ch04_49462394
chr04	53332126	SL4.0ch04_49552496
chr04	53350971	SL4.0ch04_49571368
chr04	53433504	SL4.0ch04_49648117
chr04	53443779	SL4.0ch04_49658496
chr04	53445157	SL4.0ch04_49659874
chr04	53446576	SL4.0ch04_49661293
chr04	53556009	SL4.0ch04_49777083
chr04	53560443	SL4.0ch04_49781508
chr04	53566808	SL4.0ch04_49787776
chr04	53577392	SL4.0ch04_49798346
chr04	53586228	SL4.0ch04_49807358
chr04	53591105	SL4.0ch04_49812242
chr04	53617411	SL4.0ch04_49838431
chr04	53694725	SL4.0ch04_49915923
chr04	53697738	SL4.0ch04_49918932
chr04	53703094	SL4.0ch04_49924267
chr04	53718139	SL4.0ch04_49939545
chr04	53729473	SL4.0ch04_49950853
chr04	53742966	SL4.0ch04_49964363
chr04	53764678	SL4.0ch04_49986170
chr04	53858299	SL4.0ch04_50070458
chr04	53903663	SL4.0ch04_50115802
chr04	53905468	SL4.0ch04_50117618
chr04	53908320	SL4.0ch04_50120478
chr04	53925064	SL4.0ch04_50135259
chr04	53925365	SL4.0ch04_50135560
chr04	53928225	SL4.0ch04_50138422
chr04	53931531	SL4.0ch04_50141798
chr04	53973704	SL4.0ch04_50185226
chr04	53978400	SL4.0ch04_50189920
chr04	53992878	SL4.0ch04_50204417
chr04	54036190	SL4.0ch04_50245813
chr04	54047599	SL4.0ch04_50257231
chr04	54050369	SL4.0ch04_50259993
chr04	54058286	SL4.0ch04_50268053
chr04	54059543	SL4.0ch04_50269308
chr04	54108248	SL4.0ch04_50315560
chr04	54130235	SL4.0ch04_50337609
chr04	54144423	SL4.0ch04_50351777
chr04	54194979	SL4.0ch04_50402363
chr04	54197452	SL4.0ch04_50404834
chr04	54206110	SL4.0ch04_50413484
chr04	54259906	SL4.0ch04_50467321
chr04	54313830	SL4.0ch04_50514642
chr04	54362586	SL4.0ch04_50593990
chr04	54383848	SL4.0ch04_50615232
chr04	54385901	SL4.0ch04_50617306
chr04	54393310	SL4.0ch04_50624707
chr04	54441121	SL4.0ch04_50673141
chr04	54457674	SL4.0ch04_50689575
chr04	54471824	SL4.0ch04_50703677
chr04	54474884	SL4.0ch04_50706717
chr04	54477425	SL4.0ch04_50709247
chr04	54479627	SL4.0ch04_50711412
chr04	54490176	SL4.0ch04_50720608
chr04	54744669	SL4.0ch04_50993563
chr04	54747126	SL4.0ch04_50996020
chr04	54747731	SL4.0ch04_50996625
chr04	54752811	SL4.0ch04_51001761
chr04	54756149	SL4.0ch04_51005099
chr04	54763032	SL4.0ch04_51011975
chr04	54776073	SL4.0ch04_51024994
chr04	54788348	SL4.0ch04_51037241
chr04	54812832	SL4.0ch04_51062136
chr04	54832699	SL4.0ch04_51083794
chr04	54891796	SL4.0ch04_51142871
chr04	54903044	SL4.0ch04_51154121
chr04	54950163	SL4.0ch04_51201235
chr04	54977488	SL4.0ch04_51228484
chr04	54986921	SL4.0ch04_51237897
chr04	55001291	SL4.0ch04_51252408
chr04	55104493	SL4.0ch04_51375142
chr04	55144540	SL4.0ch04_51415309
chr04	55156045	SL4.0ch04_51426778
chr04	55176098	SL4.0ch04_51446649
chr04	55183483	SL4.0ch04_51456242
chr04	55224292	SL4.0ch04_51488152
chr04	55238128	SL4.0ch04_51501804
chr04	55249090	SL4.0ch04_51512268
chr04	55252042	SL4.0ch04_51515220
chr04	55323185	SL4.0ch04_51568840
chr04	55324947	SL4.0ch04_51570614
chr04	55328135	SL4.0ch04_51573802
chr04	55345195	SL4.0ch04_51590863
chr04	55364848	SL4.0ch04_51609551
chr04	55371947	SL4.0ch04_51616538
chr04	55385677	SL4.0ch04_51630291
chr04	55405527	SL4.0ch04_51650168
chr04	55409552	SL4.0ch04_51655962
chr04	55518334	SL4.0ch04_51722883
chr04	55561340	SL4.0ch04_51765806
chr04	55607275	SL4.0ch04_51814773
chr04	55627769	SL4.0ch04_51832786
chr04	55638157	SL4.0ch04_51842573
chr04	55653838	SL4.0ch04_51858704
chr04	55715035	SL4.0ch04_51900765
chr04	55723954	SL4.0ch04_51909637
chr04	55744155	SL4.0ch04_51929903
chr04	55770602	SL4.0ch04_51956222
chr04	55863814	SL4.0ch04_52055725
chr04	56031039	SL4.0ch04_52226745
chr04	56062416	SL4.0ch04_52261291
chr04	56093375	SL4.0ch04_52292275
chr04	56165905	SL4.0ch04_52360438
chr04	56179619	SL4.0ch04_52374154
chr04	56191981	SL4.0ch04_52386511
chr04	56199361	SL4.0ch04_52393890
chr04	56204640	SL4.0ch04_52399168
chr04	56224298	SL4.0ch04_52418868
chr04	56224736	SL4.0ch04_52419306
chr04	56228608	SL4.0ch04_52423117
chr04	56240377	SL4.0ch04_52434638
chr04	56246006	SL4.0ch04_52440270
chr04	56247483	SL4.0ch04_52441740
chr04	56340253	SL4.0ch04_52507133
chr04	56352681	SL4.0ch04_52519550
chr04	56353200	SL4.0ch04_52520070
chr04	56358609	SL4.0ch04_52525469
chr04	56360097	SL4.0ch04_52526957
chr04	56383974	SL4.0ch04_52550150
chr04	56395240	SL4.0ch04_52554326
chr04	56396493	SL4.0ch04_52555580
chr04	56445486	SL4.0ch04_52601917
chr04	56534438	SL4.0ch04_52684891
chr04	56552961	SL4.0ch04_52705331
chr04	56557269	SL4.0ch04_52709699
chr04	56603044	SL4.0ch04_52755022
chr04	56608502	SL4.0ch04_52760490
chr04	56662744	SL4.0ch04_52814640
chr04	56666745	SL4.0ch04_52818637
chr04	56677377	SL4.0ch04_52829999
chr04	56694640	SL4.0ch04_52846918
chr04	56721742	SL4.0ch04_52880311
chr04	56735262	SL4.0ch04_52903310
chr04	56738677	SL4.0ch04_52906735
chr04	56742657	SL4.0ch04_52910710
chr04	56828016	SL4.0ch04_52991812
chr04	56870574	SL4.0ch04_53028259
chr04	56894593	SL4.0ch04_53052282
chr04	56911423	SL4.0ch04_53068741
chr04	56921662	SL4.0ch04_53078966
chr04	56946850	SL4.0ch04_53103998
chr04	57059196	SL4.0ch04_53233975
chr04	57079664	SL4.0ch04_53254442
chr04	57082528	SL4.0ch04_53257343
chr04	57097053	SL4.0ch04_53271753
chr04	57129443	SL4.0ch04_53304142
chr04	57176412	SL4.0ch04_53351072
chr04	57181668	SL4.0ch04_53356281
chr04	57201502	SL4.0ch04_53377837
chr04	57203509	SL4.0ch04_53379849
chr04	57253265	SL4.0ch04_53409072
chr04	57284420	SL4.0ch04_53440158
chr04	57296162	SL4.0ch04_53452086
chr04	57296895	SL4.0ch04_53452819
chr04	57297748	SL4.0ch04_53453672
chr04	57317155	SL4.0ch04_53472944
chr04	57324440	SL4.0ch04_53480219
chr04	57347460	SL4.0ch04_53503478
chr04	57356664	SL4.0ch04_53512676
chr04	57373490	SL4.0ch04_53529401
chr04	57378407	SL4.0ch04_53534306
chr04	57380081	SL4.0ch04_53535980
chr04	57380234	SL4.0ch04_53536133
chr04	57414648	SL4.0ch04_53575323
chr04	57436000	SL4.0ch04_53601322
chr04	57436573	SL4.0ch04_53601898
chr04	57464892	SL4.0ch04_53630195
chr04	57524758	SL4.0ch04_53689812
chr04	57547271	SL4.0ch04_53712023
chr04	57579447	SL4.0ch04_53743966
chr04	57596190	SL4.0ch04_53759631
chr04	57644559	SL4.0ch04_53808258
chr04	57683787	SL4.0ch04_53855407
chr04	57683979	SL4.0ch04_53855599
chr04	57686889	SL4.0ch04_53858509
chr04	57695587	SL4.0ch04_53867205
chr04	57735366	SL4.0ch04_53907179
chr04	57744103	SL4.0ch04_53916234
chr04	57744858	SL4.0ch04_53916989
chr04	57746048	SL4.0ch04_53918182
chr04	57774562	SL4.0ch04_53946058
chr04	57824610	SL4.0ch04_53996129
chr04	58082112	SL4.0ch04_54238766
chr04	58095693	SL4.0ch04_54252376
chr04	58096069	SL4.0ch04_54252752
chr04	58108668	SL4.0ch04_54262871
chr04	58113662	SL4.0ch04_54267865
chr04	58136621	SL4.0ch04_54280667
chr04	58136712	SL4.0ch04_54280758
chr04	58164651	SL4.0ch04_54308834
chr04	58195349	SL4.0ch04_54339510
chr04	58198673	SL4.0ch04_54342910
chr04	58221579	SL4.0ch04_54365878
chr04	58222535	SL4.0ch04_54366834
chr04	58223089	SL4.0ch04_54367388
chr04	58223629	SL4.0ch04_54367928
chr04	58258450	SL4.0ch04_54400652
chr04	58262323	SL4.0ch04_54404526
chr04	58264134	SL4.0ch04_54406339
chr04	58336718	SL4.0ch04_54478626
chr04	58368666	SL4.0ch04_54510421
chr04	58379913	SL4.0ch04_54521644
chr04	58389728	SL4.0ch04_54531459
chr04	58397534	SL4.0ch04_54554676
chr04	58400647	SL4.0ch04_54557789
chr04	58400940	SL4.0ch04_54558082
chr04	58401019	SL4.0ch04_54558161
chr04	58401442	SL4.0ch04_54558584
chr04	58422206	SL4.0ch04_54579277
chr04	58423053	SL4.0ch04_54580124
chr04	58444606	SL4.0ch04_54601375
chr04	58454628	SL4.0ch04_54611800
chr04	58489722	SL4.0ch04_54693984
chr04	58489937	SL4.0ch04_54694199
chr04	58520127	SL4.0ch04_54719050
chr04	58547671	SL4.0ch04_54746361
chr04	58571859	SL4.0ch04_54770527
chr04	58608055	SL4.0ch04_54805373
chr04	58614379	SL4.0ch04_54810999
chr04	58614570	SL4.0ch04_54811190
chr04	58664869	SL4.0ch04_54862578
chr04	58760406	SL4.0ch04_54909240
chr04	58823950	SL4.0ch04_54932004
chr04	58871620	SL4.0ch04_54980815
chr04	58922878	SL4.0ch04_55032276
chr04	58938553	SL4.0ch04_55048419
chr04	58964056	SL4.0ch04_55073938
chr04	58974342	SL4.0ch04_55084227
chr04	58982818	SL4.0ch04_55092766
chr04	58984136	SL4.0ch04_55094084
chr04	58990298	SL4.0ch04_55100248
chr04	58991209	SL4.0ch04_55101159
chr04	59001095	SL4.0ch04_55110888
chr04	59037767	SL4.0ch04_55147830
chr04	59046648	SL4.0ch04_55156609
chr04	59096626	SL4.0ch04_55206600
chr04	59101336	SL4.0ch04_55211309
chr04	59124118	SL4.0ch04_55232427
chr04	59138410	SL4.0ch04_55247010
chr04	59143900	SL4.0ch04_55252501
chr04	59214362	SL4.0ch04_55307660
chr04	59237000	SL4.0ch04_55330310
chr04	59339499	SL4.0ch04_55432772
chr04	59348683	SL4.0ch04_55441957
chr04	59348787	SL4.0ch04_55442061
chr04	59360382	SL4.0ch04_55453918
chr04	62417876	SL4.0ch04_55518741
chr04	62454632	SL4.0ch04_55555477
chr04	62483734	SL4.0ch04_55584359
chr04	62484060	SL4.0ch04_55584685
chr04	62566256	SL4.0ch04_55666603
chr04	62584455	SL4.0ch04_55684782
chr04	62584746	SL4.0ch04_55685073
chr04	62585186	SL4.0ch04_55685513
chr04	62618840	SL4.0ch04_55719795
chr04	62618969	SL4.0ch04_55719924
chr04	62633574	SL4.0ch04_55734395
chr04	62646614	SL4.0ch04_55747440
chr04	62677214	SL4.0ch04_55777839
chr04	62723579	SL4.0ch04_55822998
chr04	62736027	SL4.0ch04_55835442
chr04	62752116	SL4.0ch04_55851463
chr04	62795152	SL4.0ch04_55894490
chr04	62823838	SL4.0ch04_55912406
chr04	62845961	SL4.0ch04_55934510
chr04	62859579	SL4.0ch04_55952681
chr04	62866128	SL4.0ch04_55954613
chr04	62898725	SL4.0ch04_55987268
chr04	62903665	SL4.0ch04_55992254
chr04	62906561	SL4.0ch04_55995150
chr04	62967457	SL4.0ch04_56056143
chr04	62974310	SL4.0ch04_56062984
chr04	62974411	SL4.0ch04_56063085
chr04	62987850	SL4.0ch04_56076493
chr04	63012437	SL4.0ch04_56082324
chr04	63012733	SL4.0ch04_56082623
chr04	63035565	SL4.0ch04_56106025
chr04	63042914	SL4.0ch04_56129177
chr04	63044087	SL4.0ch04_56130351
chr04	63063930	SL4.0ch04_56150239
chr04	63107233	SL4.0ch04_56195560
chr04	63135165	SL4.0ch04_56223515
chr04	63145228	SL4.0ch04_56233312
chr04	63149654	SL4.0ch04_56237714
chr04	63164444	SL4.0ch04_56252728
chr04	63228441	SL4.0ch04_56315210
chr04	63258448	SL4.0ch04_56345197
chr04	63299795	SL4.0ch04_56385221
chr04	63340420	SL4.0ch04_56404163
chr04	63392927	SL4.0ch04_56456630
chr04	63405440	SL4.0ch04_56475104
chr04	63409753	SL4.0ch04_56479429
chr04	63432991	SL4.0ch04_56498817
chr04	63470486	SL4.0ch04_56530162
chr04	63487370	SL4.0ch04_56547006
chr04	63535229	SL4.0ch04_56598440
chr04	63548320	SL4.0ch04_56614746
chr04	63573728	SL4.0ch04_56643458
chr04	63637521	SL4.0ch04_56708017
chr04	63647502	SL4.0ch04_56717949
chr04	63647582	SL4.0ch04_56718029
chr04	63670811	SL4.0ch04_56740728
chr04	63678945	SL4.0ch04_56748946
chr04	63690448	SL4.0ch04_56760103
chr04	63693660	SL4.0ch04_56763325
chr04	63719324	SL4.0ch04_56787123
chr04	63730384	SL4.0ch04_56798208
chr04	63735025	SL4.0ch04_56802829
chr04	63736447	SL4.0ch04_56804251
chr04	63802309	SL4.0ch04_56870566
chr04	63810684	SL4.0ch04_56878611
chr04	63921185	SL4.0ch04_56957545
chr04	63922731	SL4.0ch04_56959089
chr04	63944887	SL4.0ch04_56981386
chr04	63952822	SL4.0ch04_56989259
chr04	63970672	SL4.0ch04_57007159
chr04	63985245	SL4.0ch04_57023968
chr04	64056611	SL4.0ch04_57098659
chr04	64068677	SL4.0ch04_57109992
chr04	64076637	SL4.0ch04_57117928
chr04	64139615	SL4.0ch04_57180721
chr04	64151906	SL4.0ch04_57192983
chr04	64199860	SL4.0ch04_57241769
chr04	64209958	SL4.0ch04_57251906
chr04	64217669	SL4.0ch04_57259839
chr04	64231404	SL4.0ch04_57273568
chr04	64239124	SL4.0ch04_57281247
chr04	64247665	SL4.0ch04_57290688
chr04	64259016	SL4.0ch04_57307263
chr04	64280163	SL4.0ch04_57324023
chr04	64315915	SL4.0ch04_57336260
chr04	64319857	SL4.0ch04_57340188
chr04	64345549	SL4.0ch04_57365921
chr04	64379368	SL4.0ch04_57401315
chr04	64400256	SL4.0ch04_57419000
chr04	64416431	SL4.0ch04_57435244
chr04	64420724	SL4.0ch04_57439626
chr04	64424588	SL4.0ch04_57443496
chr04	64430254	SL4.0ch04_57449482
chr04	64440088	SL4.0ch04_57459297
chr04	64460567	SL4.0ch04_57479303
chr04	64504304	SL4.0ch04_57523230
chr04	64527238	SL4.0ch04_57546118
chr04	64595138	SL4.0ch04_57613571
chr04	64634757	SL4.0ch04_57652697
chr04	64654562	SL4.0ch04_57672178
chr04	64656980	SL4.0ch04_57674596
chr04	64691469	SL4.0ch04_57709066
chr04	64727722	SL4.0ch04_57735681
chr04	64728369	SL4.0ch04_57736328
chr04	64743400	SL4.0ch04_57750566
chr04	64751721	SL4.0ch04_57758929
chr04	64757183	SL4.0ch04_57764403
chr04	64758605	SL4.0ch04_57765825
chr04	64761856	SL4.0ch04_57769061
chr04	64783998	SL4.0ch04_57791217
chr04	64806340	SL4.0ch04_57813614
chr04	64814800	SL4.0ch04_57822009
chr04	64825267	SL4.0ch04_57832496
chr04	64883976	SL4.0ch04_57912082
chr04	64930036	SL4.0ch04_57963106
chr04	64933173	SL4.0ch04_57966243
chr04	65008419	SL4.0ch04_58041654
chr04	65009793	SL4.0ch04_58043028
chr04	65027579	SL4.0ch04_58060847
chr04	65044202	SL4.0ch04_58077469
chr04	65074449	SL4.0ch04_58107714
chr04	65074524	SL4.0ch04_58107789
chr04	65076198	SL4.0ch04_58109463
chr04	65091387	SL4.0ch04_58124553
chr04	65091478	SL4.0ch04_58124644
chr04	65150315	SL4.0ch04_58179712
chr04	65174889	SL4.0ch04_58204234
chr04	65179721	SL4.0ch04_58209145
chr04	65193618	SL4.0ch04_58227032
chr04	65197149	SL4.0ch04_58230585
chr04	65198400	SL4.0ch04_58231836
chr04	65199142	SL4.0ch04_58232578
chr04	65207460	SL4.0ch04_58240901
chr04	65224749	SL4.0ch04_58258193
chr04	65268334	SL4.0ch04_58302016
chr04	65271179	SL4.0ch04_58304860
chr04	65310634	SL4.0ch04_58367403
chr04	65339137	SL4.0ch04_58397368
chr04	65355166	SL4.0ch04_58413319
chr04	65387334	SL4.0ch04_58445865
chr04	65423139	SL4.0ch04_58481541
chr04	65428057	SL4.0ch04_58486464
chr04	65433951	SL4.0ch04_58492358
chr04	65450601	SL4.0ch04_58509193
chr04	65520586	SL4.0ch04_58579556
chr04	65527856	SL4.0ch04_58587015
chr04	65533090	SL4.0ch04_58592226
chr04	65565978	SL4.0ch04_58625043
chr04	65596847	SL4.0ch04_58656001
chr04	65605720	SL4.0ch04_58664928
chr04	65611315	SL4.0ch04_58670534
chr04	65618555	SL4.0ch04_58677841
chr04	65636969	SL4.0ch04_58696304
chr04	65644269	SL4.0ch04_58703642
chr04	65651275	SL4.0ch04_58710640
chr04	65653032	SL4.0ch04_58712397
chr04	65666578	SL4.0ch04_58729522
chr04	65677658	SL4.0ch04_58740594
chr04	65716437	SL4.0ch04_58779583
chr04	65725241	SL4.0ch04_58788422
chr04	65739330	SL4.0ch04_58802544
chr04	65877677	SL4.0ch04_58942135
chr04	65891476	SL4.0ch04_58955941
chr04	65923937	SL4.0ch04_58985085
chr04	65951931	SL4.0ch04_59013230
chr04	65977315	SL4.0ch04_59038790
chr04	66031373	SL4.0ch04_59092922
chr04	66081588	SL4.0ch04_59143164
chr04	66096397	SL4.0ch04_59158899
chr04	66115421	SL4.0ch04_59177896
chr04	66135630	SL4.0ch04_59198239
chr04	66145034	SL4.0ch04_59207670
chr04	66145879	SL4.0ch04_59208515
chr04	66165352	SL4.0ch04_59227783
chr04	66170099	SL4.0ch04_59232562
chr04	66170163	SL4.0ch04_59232626
chr04	66171348	SL4.0ch04_59233808
chr04	66201751	SL4.0ch04_59264231
chr04	66213976	SL4.0ch04_59276454
chr04	66247020	SL4.0ch04_59309490
chr04	66260997	SL4.0ch04_59323491
chr04	66266792	SL4.0ch04_59329279
chr04	66284911	SL4.0ch04_59347377
chr04	66304239	SL4.0ch04_59368812
chr04	66332196	SL4.0ch04_59396843
chr04	66418374	SL4.0ch04_59482876
chr04	66426567	SL4.0ch04_59490933
chr04	66458672	SL4.0ch04_59523047
chr04	66481993	SL4.0ch04_59546370
chr04	66511311	SL4.0ch04_59574896
chr04	66548525	SL4.0ch04_59612440
chr04	66551428	SL4.0ch04_59615240
chr04	66619450	SL4.0ch04_59684021
chr04	66660339	SL4.0ch04_59731460
chr04	66665451	SL4.0ch04_59736569
chr04	66672519	SL4.0ch04_59743665
chr04	66716235	SL4.0ch04_59787415
chr04	66718307	SL4.0ch04_59789541
chr04	66724138	SL4.0ch04_59795411
chr04	66737920	SL4.0ch04_59809234
chr04	66740831	SL4.0ch04_59812144
chr04	66744913	SL4.0ch04_59816239
chr04	66811845	SL4.0ch04_59877159
chr04	66848506	SL4.0ch04_59913994
chr04	66851736	SL4.0ch04_59917226
chr04	66870429	SL4.0ch04_59935597
chr04	66891818	SL4.0ch04_59961605
chr04	66901985	SL4.0ch04_59970298
chr04	66907622	SL4.0ch04_59976056
chr04	66913012	SL4.0ch04_59981424
chr04	66918990	SL4.0ch04_59986468
chr04	66936198	SL4.0ch04_60003681
chr04	67025285	SL4.0ch04_60092607
chr04	67058878	SL4.0ch04_60126275
chr04	67079708	SL4.0ch04_60147066
chr04	67095583	SL4.0ch04_60162965
chr04	67147493	SL4.0ch04_60213016
chr04	67152895	SL4.0ch04_60218172
chr04	67154528	SL4.0ch04_60219799
chr04	67159911	SL4.0ch04_60225823
chr04	67167824	SL4.0ch04_60233932
chr04	67181239	SL4.0ch04_60246450
chr04	67190560	SL4.0ch04_60255064
chr04	67195343	SL4.0ch04_60259905
chr04	67203902	SL4.0ch04_60268122
chr04	67206414	SL4.0ch04_60270634
chr04	67211600	SL4.0ch04_60275832
chr04	67277821	SL4.0ch04_60342044
chr04	67278447	SL4.0ch04_60342668
chr04	67298797	SL4.0ch04_60362903
chr04	67356656	SL4.0ch04_60419582
chr04	67358226	SL4.0ch04_60421152
chr04	67404906	SL4.0ch04_60465911
chr04	67486532	SL4.0ch04_60546794
chr04	67521100	SL4.0ch04_60580705
chr04	67535350	SL4.0ch04_60595169
chr04	67538964	SL4.0ch04_60598768
chr04	67541952	SL4.0ch04_60601758
chr04	67576942	SL4.0ch04_60636633
chr04	67597809	SL4.0ch04_60657573
chr04	67634481	SL4.0ch04_60693921
chr04	67640024	SL4.0ch04_60699464
chr04	67647428	SL4.0ch04_60708127
chr04	67655019	SL4.0ch04_60715662
chr04	67661053	SL4.0ch04_60721666
chr04	67685056	SL4.0ch04_60745883
chr04	67696348	SL4.0ch04_60757176
chr04	67700657	SL4.0ch04_60761482
chr04	67731666	SL4.0ch04_60792644
chr04	67745246	SL4.0ch04_60806174
chr04	67757976	SL4.0ch04_60822054
chr04	67769477	SL4.0ch04_60833600
chr04	67771051	SL4.0ch04_60835128
chr04	67780013	SL4.0ch04_60844098
chr04	67812552	SL4.0ch04_60876680
chr04	67867178	SL4.0ch04_60932026
chr04	67904101	SL4.0ch04_60968824
chr04	67906234	SL4.0ch04_60970959
chr04	67930468	SL4.0ch04_60995238
chr04	67940392	SL4.0ch04_61004963
chr04	67951772	SL4.0ch04_61016376
chr04	67966220	SL4.0ch04_61029942
chr04	67979049	SL4.0ch04_61042774
chr04	68039886	SL4.0ch04_61094740
chr04	68059026	SL4.0ch04_61113907
chr04	68084850	SL4.0ch04_61137474
chr04	68092640	SL4.0ch04_61145225
chr04	68108947	SL4.0ch04_61161510
chr04	68113145	SL4.0ch04_61165709
chr04	68124448	SL4.0ch04_61176849
chr04	68132208	SL4.0ch04_61184588
chr04	68143349	SL4.0ch04_61195660
chr04	68156071	SL4.0ch04_61208427
chr04	68191600	SL4.0ch04_61244198
chr04	68206017	SL4.0ch04_61258981
chr04	68208641	SL4.0ch04_61261590
chr04	68222206	SL4.0ch04_61275158
chr04	68223738	SL4.0ch04_61276693
chr04	68253146	SL4.0ch04_61306494
chr04	68309105	SL4.0ch04_61365476
chr04	68335465	SL4.0ch04_61391746
chr04	68340971	SL4.0ch04_61397338
chr04	68375524	SL4.0ch04_61431927
chr04	68401393	SL4.0ch04_61456755
chr04	68416591	SL4.0ch04_61471827
chr04	68423624	SL4.0ch04_61478888
chr04	68438580	SL4.0ch04_61493838
chr04	68467257	SL4.0ch04_61522525
chr04	68470492	SL4.0ch04_61525759
chr04	68527540	SL4.0ch04_61583068
chr04	68553565	SL4.0ch04_61608381
chr04	68553856	SL4.0ch04_61608683
chr04	68613158	SL4.0ch04_61667447
chr04	68632276	SL4.0ch04_61686442
chr04	68683483	SL4.0ch04_61737562
chr04	68692254	SL4.0ch04_61746286
chr04	68698323	SL4.0ch04_61752356
chr04	68711709	SL4.0ch04_61765764
chr04	68786259	SL4.0ch04_61840225
chr04	68812509	SL4.0ch04_61866509
chr04	68817448	SL4.0ch04_61871523
chr04	68818389	SL4.0ch04_61872438
chr04	68818958	SL4.0ch04_61873006
chr04	68824834	SL4.0ch04_61880698
chr04	68826288	SL4.0ch04_61882153
chr04	68832475	SL4.0ch04_61888312
chr04	68851730	SL4.0ch04_61907421
chr04	68867234	SL4.0ch04_61922821
chr04	68880973	SL4.0ch04_61936562
chr04	68881234	SL4.0ch04_61936823
chr04	68884559	SL4.0ch04_61940143
chr04	68919683	SL4.0ch04_61974303
chr04	68960978	SL4.0ch04_62015402
chr04	68965348	SL4.0ch04_62028627
chr04	68965667	SL4.0ch04_62028945
chr04	68972365	SL4.0ch04_62035643
chr04	69011618	SL4.0ch04_62072682
chr04	69016934	SL4.0ch04_62078009
chr04	69017481	SL4.0ch04_62078556
chr04	69028923	SL4.0ch04_62089998
chr04	69049616	SL4.0ch04_62110693
chr04	69053107	SL4.0ch04_62114185
chr04	69083260	SL4.0ch04_62144339
chr04	69085117	SL4.0ch04_62146196
chr04	69124931	SL4.0ch04_62186087
chr04	69143810	SL4.0ch04_62204044
chr04	69166535	SL4.0ch04_62226815
chr04	69175684	SL4.0ch04_62236012
chr04	69176992	SL4.0ch04_62237320
chr04	69212707	SL4.0ch04_62272751
chr04	69236820	SL4.0ch04_62300170
chr04	69276028	SL4.0ch04_62335675
chr04	69290932	SL4.0ch04_62350540
chr04	69295357	SL4.0ch04_62355826
chr04	69373226	SL4.0ch04_62413650
chr04	69416000	SL4.0ch04_62457117
chr04	69416229	SL4.0ch04_62457342
chr04	69448640	SL4.0ch04_62489017
chr04	69467608	SL4.0ch04_62507421
chr04	69469365	SL4.0ch04_62509174
chr04	69491973	SL4.0ch04_62530858
chr04	69507360	SL4.0ch04_62546182
chr04	69526145	SL4.0ch04_62564875
chr04	69529504	SL4.0ch04_62568234
chr04	69567376	SL4.0ch04_62606555
chr04	69585248	SL4.0ch04_62624248
chr04	69607292	SL4.0ch04_62644171
chr04	69624971	SL4.0ch04_62661788
chr04	69638911	SL4.0ch04_62675729
chr04	69645091	SL4.0ch04_62681904
chr04	69658353	SL4.0ch04_62695162
chr04	69676015	SL4.0ch04_62712871
chr04	69750980	SL4.0ch04_62757781
chr04	69757374	SL4.0ch04_62764160
chr04	69798222	SL4.0ch04_62806920
chr04	69823555	SL4.0ch04_62831484
chr04	69845521	SL4.0ch04_62853427
chr04	69881629	SL4.0ch04_62890251
chr04	69894486	SL4.0ch04_62903110
chr04	69896941	SL4.0ch04_62905481
chr04	69902278	SL4.0ch04_62910808
chr04	69982945	SL4.0ch04_62991369
chr04	70033867	SL4.0ch04_63042359
chr04	70058897	SL4.0ch04_63067184
chr04	70064199	SL4.0ch04_63072482
chr04	70065584	SL4.0ch04_63073867
chr04	70069975	SL4.0ch04_63083503
chr04	70074361	SL4.0ch04_63087903
chr04	70076812	SL4.0ch04_63090354
chr04	70090818	SL4.0ch04_63106545
chr04	70102149	SL4.0ch04_63117854
chr04	70110329	SL4.0ch04_63126039
chr04	70110724	SL4.0ch04_63126437
chr04	70118795	SL4.0ch04_63134464
chr04	70127765	SL4.0ch04_63143541
chr04	70129885	SL4.0ch04_63145662
chr04	70143985	SL4.0ch04_63159783
chr04	70148633	SL4.0ch04_63164444
chr04	70192041	SL4.0ch04_63207873
chr04	70209368	SL4.0ch04_63225215
chr04	70241004	SL4.0ch04_63256853
chr04	70292531	SL4.0ch04_63308363
chr04	70305842	SL4.0ch04_63321681
chr04	70316402	SL4.0ch04_63332264
chr04	70335268	SL4.0ch04_63351312
chr04	70412359	SL4.0ch04_63422852
chr04	70428263	SL4.0ch04_63438739
chr04	70433037	SL4.0ch04_63443514
chr04	70457480	SL4.0ch04_63467904
chr04	70518453	SL4.0ch04_63529637
chr04	70520876	SL4.0ch04_63532059
chr04	70550992	SL4.0ch04_63569294
chr04	70764517	SL4.0ch04_63601123
chr04	70851017	SL4.0ch04_63686661
chr04	70861784	SL4.0ch04_63697423
chr04	70866794	SL4.0ch04_63702428
chr04	70927388	SL4.0ch04_63762661
chr04	70933661	SL4.0ch04_63768932
chr04	70941231	SL4.0ch04_63776531
chr04	70951741	SL4.0ch04_63786631
chr04	70955259	SL4.0ch04_63790163
chr04	70971725	SL4.0ch04_63806642
chr04	70990911	SL4.0ch04_63825912
chr04	71020899	SL4.0ch04_63853223
chr04	71046688	SL4.0ch04_63879180
chr04	71060640	SL4.0ch04_63893155
chr04	71067067	SL4.0ch04_63900554
chr04	71089065	SL4.0ch04_63922548
chr04	71093022	SL4.0ch04_63926647
chr04	71139084	SL4.0ch04_63972548
chr04	71147180	SL4.0ch04_63980562
chr04	71152827	SL4.0ch04_63986206
chr04	71164885	SL4.0ch04_63998266
chr04	71199897	SL4.0ch04_64033003
chr04	71236674	SL4.0ch04_64069752
chr04	71245148	SL4.0ch04_64078464
chr04	71257871	SL4.0ch04_64091176
chr04	71290589	SL4.0ch04_64123498
chr04	71302499	SL4.0ch04_64135317
chr04	71310804	SL4.0ch04_64143607
chr04	71312089	SL4.0ch04_64144859
chr04	71325569	SL4.0ch04_64158284
chr04	71342460	SL4.0ch04_64175168
chr04	71343933	SL4.0ch04_64176640
chr04	71389190	SL4.0ch04_64221096
chr04	71405445	SL4.0ch04_64237332
chr04	71410250	SL4.0ch04_64242105
chr04	71416560	SL4.0ch04_64248444
chr04	71423272	SL4.0ch04_64255147
chr04	71428292	SL4.0ch04_64260184
chr04	71436522	SL4.0ch04_64268384
chr04	71453861	SL4.0ch04_64285742
chr04	71464220	SL4.0ch04_64296227
chr04	71470477	SL4.0ch04_64302512
chr04	71529593	SL4.0ch04_64348940
chr04	71582223	SL4.0ch04_64401546
chr05	382191	SL4.0ch05_47310
chr05	445576	SL4.0ch05_110736
chr05	489034	SL4.0ch05_154127
chr05	491206	SL4.0ch05_156300
chr05	508237	SL4.0ch05_172717
chr05	511613	SL4.0ch05_176112
chr05	524065	SL4.0ch05_188783
chr05	528283	SL4.0ch05_193061
chr05	529795	SL4.0ch05_194555
chr05	571069	SL4.0ch05_235692
chr05	588402	SL4.0ch05_253036
chr05	599867	SL4.0ch05_264381
chr05	608818	SL4.0ch05_273682
chr05	613700	SL4.0ch05_278621
chr05	623856	SL4.0ch05_286975
chr05	669379	SL4.0ch05_332245
chr05	786508	SL4.0ch05_444742
chr05	787072	SL4.0ch05_445308
chr05	798409	SL4.0ch05_456572
chr05	807146	SL4.0ch05_465122
chr05	857869	SL4.0ch05_515557
chr05	895803	SL4.0ch05_553594
chr05	905201	SL4.0ch05_563015
chr05	948741	SL4.0ch05_603930
chr05	962749	SL4.0ch05_618139
chr05	963066	SL4.0ch05_618459
chr05	977778	SL4.0ch05_633092
chr05	1005173	SL4.0ch05_660368
chr05	1021037	SL4.0ch05_676169
chr05	1040888	SL4.0ch05_695469
chr05	1067416	SL4.0ch05_721881
chr05	1092825	SL4.0ch05_752179
chr05	1094435	SL4.0ch05_753671
chr05	1094436	SL4.0ch05_753672
chr05	1098262	SL4.0ch05_757498
chr05	1100171	SL4.0ch05_759472
chr05	1105899	SL4.0ch05_765193
chr05	1108300	SL4.0ch05_767590
chr05	1112231	SL4.0ch05_771514
chr05	1114003	SL4.0ch05_773287
chr05	1115261	SL4.0ch05_774540
chr05	1119850	SL4.0ch05_779128
chr05	1121882	SL4.0ch05_781161
chr05	1123110	SL4.0ch05_782384
chr05	1174356	SL4.0ch05_833569
chr05	1209146	SL4.0ch05_868378
chr05	1243302	SL4.0ch05_899153
chr05	1275630	SL4.0ch05_931331
chr05	1276071	SL4.0ch05_931770
chr05	1291201	SL4.0ch05_946963
chr05	1421502	SL4.0ch05_1035023
chr05	1430604	SL4.0ch05_1043522
chr05	1436122	SL4.0ch05_1049004
chr05	1460277	SL4.0ch05_1077951
chr05	1463158	SL4.0ch05_1080819
chr05	1514789	SL4.0ch05_1132681
chr05	1517802	SL4.0ch05_1135692
chr05	1553578	SL4.0ch05_1166481
chr05	1561775	SL4.0ch05_1174676
chr05	1570884	SL4.0ch05_1183866
chr05	1579990	SL4.0ch05_1192959
chr05	1586713	SL4.0ch05_1199679
chr05	1621201	SL4.0ch05_1230897
chr05	1629669	SL4.0ch05_1239354
chr05	1633887	SL4.0ch05_1243572
chr05	1638190	SL4.0ch05_1247843
chr05	1713400	SL4.0ch05_1309937
chr05	1769212	SL4.0ch05_1365658
chr05	1797621	SL4.0ch05_1393744
chr05	1877728	SL4.0ch05_1471639
chr05	1883492	SL4.0ch05_1477391
chr05	1885405	SL4.0ch05_1479132
chr05	1891469	SL4.0ch05_1485112
chr05	1946346	SL4.0ch05_1539307
chr05	1990253	SL4.0ch05_1583015
chr05	1993837	SL4.0ch05_1586594
chr05	2050463	SL4.0ch05_1643094
chr05	2055125	SL4.0ch05_1647753
chr05	2067238	SL4.0ch05_1660037
chr05	2081356	SL4.0ch05_1674167
chr05	2120295	SL4.0ch05_1713612
chr05	2138874	SL4.0ch05_1731744
chr05	2143263	SL4.0ch05_1736126
chr05	2145933	SL4.0ch05_1738822
chr05	2159842	SL4.0ch05_1752712
chr05	2200940	SL4.0ch05_1780596
chr05	2205934	SL4.0ch05_1785822
chr05	2223603	SL4.0ch05_1803453
chr05	2252803	SL4.0ch05_1833771
chr05	2279626	SL4.0ch05_1860544
chr05	2284297	SL4.0ch05_1865219
chr05	2305973	SL4.0ch05_1886927
chr05	2328255	SL4.0ch05_1909199
chr05	2329217	SL4.0ch05_1910161
chr05	2371527	SL4.0ch05_1952325
chr05	2375666	SL4.0ch05_1956485
chr05	2389014	SL4.0ch05_1969763
chr05	2443833	SL4.0ch05_2040089
chr05	2444064	SL4.0ch05_2040326
chr05	2501079	SL4.0ch05_2093707
chr05	2522207	SL4.0ch05_2114779
chr05	2540084	SL4.0ch05_2132602
chr05	2565958	SL4.0ch05_2158377
chr05	2566345	SL4.0ch05_2158764
chr05	2594914	SL4.0ch05_2187287
chr05	2598350	SL4.0ch05_2190720
chr05	2601923	SL4.0ch05_2194283
chr05	2603418	SL4.0ch05_2195778
chr05	2604703	SL4.0ch05_2197063
chr05	2609996	SL4.0ch05_2202076
chr05	2610468	SL4.0ch05_2202548
chr05	2625696	SL4.0ch05_2217702
chr05	2630425	SL4.0ch05_2222468
chr05	2652273	SL4.0ch05_2244326
chr05	2712036	SL4.0ch05_2299039
chr05	2756803	SL4.0ch05_2343603
chr05	2769114	SL4.0ch05_2356063
chr05	2796322	SL4.0ch05_2383263
chr05	2818141	SL4.0ch05_2403869
chr05	2871075	SL4.0ch05_2455007
chr05	2888439	SL4.0ch05_2472298
chr05	2938347	SL4.0ch05_2522211
chr05	2949280	SL4.0ch05_2533163
chr05	2967548	SL4.0ch05_2551383
chr05	2980505	SL4.0ch05_2563963
chr05	2983449	SL4.0ch05_2566907
chr05	2986596	SL4.0ch05_2570086
chr05	2997061	SL4.0ch05_2580679
chr05	3023404	SL4.0ch05_2610527
chr05	3096820	SL4.0ch05_2684462
chr05	3112316	SL4.0ch05_2699955
chr05	3119893	SL4.0ch05_2707541
chr05	3122814	SL4.0ch05_2710371
chr05	3132169	SL4.0ch05_2721707
chr05	3177710	SL4.0ch05_2767179
chr05	3215626	SL4.0ch05_2804806
chr05	3230178	SL4.0ch05_2819439
chr05	3236858	SL4.0ch05_2826104
chr05	3238299	SL4.0ch05_2827536
chr05	3240502	SL4.0ch05_2829762
chr05	3265230	SL4.0ch05_2854337
chr05	3305844	SL4.0ch05_2893586
chr05	3312068	SL4.0ch05_2899804
chr05	3349213	SL4.0ch05_2937116
chr05	3365285	SL4.0ch05_2953287
chr05	3383543	SL4.0ch05_2971500
chr05	3413556	SL4.0ch05_3001425
chr05	3477994	SL4.0ch05_3060328
chr05	3494432	SL4.0ch05_3076839
chr05	3497473	SL4.0ch05_3079771
chr05	3500723	SL4.0ch05_3082987
chr05	3509991	SL4.0ch05_3092260
chr05	3519749	SL4.0ch05_3101928
chr05	3521439	SL4.0ch05_3103611
chr05	3572426	SL4.0ch05_3150930
chr05	3634845	SL4.0ch05_3213052
chr05	3639347	SL4.0ch05_3217605
chr05	3640110	SL4.0ch05_3218368
chr05	3648401	SL4.0ch05_3226650
chr05	3683492	SL4.0ch05_3261710
chr05	3699594	SL4.0ch05_3277793
chr05	3702276	SL4.0ch05_3280476
chr05	3706479	SL4.0ch05_3285711
chr05	3709537	SL4.0ch05_3288766
chr05	3711718	SL4.0ch05_3290947
chr05	3730696	SL4.0ch05_3307976
chr05	3763921	SL4.0ch05_3341215
chr05	3788638	SL4.0ch05_3362201
chr05	3856159	SL4.0ch05_3429871
chr05	3888892	SL4.0ch05_3463060
chr05	3916850	SL4.0ch05_3490866
chr05	3950251	SL4.0ch05_3524087
chr05	3958307	SL4.0ch05_3532148
chr05	3965170	SL4.0ch05_3538818
chr05	3966705	SL4.0ch05_3540352
chr05	3968634	SL4.0ch05_3542309
chr05	3995271	SL4.0ch05_3568904
chr05	4037903	SL4.0ch05_3611646
chr05	4057257	SL4.0ch05_3630875
chr05	4097958	SL4.0ch05_3671383
chr05	4144707	SL4.0ch05_3717129
chr05	4157107	SL4.0ch05_3729586
chr05	4268988	SL4.0ch05_3797115
chr05	4269054	SL4.0ch05_3797181
chr05	4269297	SL4.0ch05_3797424
chr05	4269434	SL4.0ch05_3797561
chr05	4284519	SL4.0ch05_3812622
chr05	4297296	SL4.0ch05_3825421
chr05	4335038	SL4.0ch05_3874004
chr05	4357710	SL4.0ch05_3903213
chr05	4358193	SL4.0ch05_3903696
chr05	4373970	SL4.0ch05_3919540
chr05	4381458	SL4.0ch05_3927134
chr05	4402302	SL4.0ch05_3948021
chr05	4432814	SL4.0ch05_3978389
chr05	4456096	SL4.0ch05_4001924
chr05	4456593	SL4.0ch05_4002421
chr05	4456683	SL4.0ch05_4002511
chr05	4456764	SL4.0ch05_4002592
chr05	4491188	SL4.0ch05_4037181
chr05	4520482	SL4.0ch05_4066112
chr05	4527183	SL4.0ch05_4072811
chr05	4562994	SL4.0ch05_4108685
chr05	4571550	SL4.0ch05_4117225
chr05	4631387	SL4.0ch05_4172156
chr05	4637980	SL4.0ch05_4178727
chr05	4654443	SL4.0ch05_4194824
chr05	4654546	SL4.0ch05_4194927
chr05	4658090	SL4.0ch05_4198472
chr05	4658812	SL4.0ch05_4199194
chr05	4660585	SL4.0ch05_4200967
chr05	4671252	SL4.0ch05_4211623
chr05	4674319	SL4.0ch05_4214683
chr05	4723164	SL4.0ch05_4263412
chr05	4763686	SL4.0ch05_4304328
chr05	4774340	SL4.0ch05_4314619
chr05	4830849	SL4.0ch05_4371060
chr05	4889713	SL4.0ch05_4424966
chr05	4907289	SL4.0ch05_4440888
chr05	4913810	SL4.0ch05_4448118
chr05	4919285	SL4.0ch05_4453369
chr05	4979125	SL4.0ch05_4513136
chr05	5004991	SL4.0ch05_4538877
chr05	5012321	SL4.0ch05_4546217
chr05	5019351	SL4.0ch05_4553216
chr05	5026021	SL4.0ch05_4559267
chr05	5147138	SL4.0ch05_4681402
chr05	5159506	SL4.0ch05_4693837
chr05	5165920	SL4.0ch05_4700221
chr05	5177214	SL4.0ch05_4711534
chr05	5212345	SL4.0ch05_4746431
chr05	5249434	SL4.0ch05_4783018
chr05	5262831	SL4.0ch05_4796421
chr05	5270730	SL4.0ch05_4806302
chr05	5304007	SL4.0ch05_4839591
chr05	5334116	SL4.0ch05_4869461
chr05	5343316	SL4.0ch05_4878617
chr05	5345190	SL4.0ch05_4880494
chr05	5357038	SL4.0ch05_4892332
chr05	5365194	SL4.0ch05_4900538
chr05	5373991	SL4.0ch05_4909331
chr05	5378152	SL4.0ch05_4913492
chr05	5401537	SL4.0ch05_4936906
chr05	5425976	SL4.0ch05_4961360
chr05	5491229	SL4.0ch05_5003432
chr05	5497550	SL4.0ch05_5009784
chr05	5505819	SL4.0ch05_5018025
chr05	5509502	SL4.0ch05_5021722
chr05	5520543	SL4.0ch05_5032888
chr05	5521696	SL4.0ch05_5033846
chr05	5527900	SL4.0ch05_5040085
chr05	5656881	SL4.0ch05_5122088
chr05	5664736	SL4.0ch05_5129916
chr05	5700183	SL4.0ch05_5165784
chr05	5741604	SL4.0ch05_5211834
chr05	5777828	SL4.0ch05_5247954
chr05	5779382	SL4.0ch05_5249508
chr05	5786264	SL4.0ch05_5256418
chr05	5788196	SL4.0ch05_5258350
chr05	5826950	SL4.0ch05_5296966
chr05	5850308	SL4.0ch05_5320344
chr05	5856335	SL4.0ch05_5326349
chr05	5913923	SL4.0ch05_5391031
chr05	5930231	SL4.0ch05_5407372
chr05	5963368	SL4.0ch05_5440411
chr05	5968804	SL4.0ch05_5455520
chr05	6003030	SL4.0ch05_5489453
chr05	6018732	SL4.0ch05_5505559
chr05	6044594	SL4.0ch05_5526710
chr05	6060838	SL4.0ch05_5542953
chr05	6094715	SL4.0ch05_5576763
chr05	6157132	SL4.0ch05_5641515
chr05	6170651	SL4.0ch05_5655052
chr05	6178486	SL4.0ch05_5662935
chr05	6190035	SL4.0ch05_5674471
chr05	6213389	SL4.0ch05_5697641
chr05	6220664	SL4.0ch05_5704912
chr05	6252692	SL4.0ch05_5736790
chr05	6266349	SL4.0ch05_5750434
chr05	6334578	SL4.0ch05_5812618
chr05	6345504	SL4.0ch05_5823576
chr05	6365034	SL4.0ch05_5843083
chr05	6366732	SL4.0ch05_5844781
chr05	6391066	SL4.0ch05_5869050
chr05	6420055	SL4.0ch05_5888869
chr05	6440160	SL4.0ch05_5908951
chr05	6507786	SL4.0ch05_5974124
chr05	6517453	SL4.0ch05_5983841
chr05	6519961	SL4.0ch05_5986337
chr05	6526176	SL4.0ch05_5992562
chr05	6531442	SL4.0ch05_5997826
chr05	6533116	SL4.0ch05_5999500
chr05	6563620	SL4.0ch05_6021793
chr05	6570283	SL4.0ch05_6028424
chr05	6585304	SL4.0ch05_6043347
chr05	6595467	SL4.0ch05_6053517
chr05	6596231	SL4.0ch05_6054282
chr05	6631894	SL4.0ch05_6117559
chr05	6638798	SL4.0ch05_6118111
chr05	6650950	SL4.0ch05_6130264
chr05	6659616	SL4.0ch05_6138905
chr05	6687516	SL4.0ch05_6166761
chr05	6711307	SL4.0ch05_6188259
chr05	6716902	SL4.0ch05_6193261
chr05	6722942	SL4.0ch05_6199303
chr05	6889172	SL4.0ch05_6224055
chr05	6894440	SL4.0ch05_6229316
chr05	6904732	SL4.0ch05_6239612
chr05	6929222	SL4.0ch05_6264065
chr05	6932089	SL4.0ch05_6266925
chr05	6932103	SL4.0ch05_6266939
chr05	6935800	SL4.0ch05_6270612
chr05	6965841	SL4.0ch05_6298576
chr05	6966598	SL4.0ch05_6299333
chr05	6967981	SL4.0ch05_6300716
chr05	6986131	SL4.0ch05_6323560
chr05	7040388	SL4.0ch05_6377854
chr05	7083264	SL4.0ch05_6420717
chr05	7086025	SL4.0ch05_6423517
chr05	7119700	SL4.0ch05_6457168
chr05	7183450	SL4.0ch05_6501475
chr05	7188914	SL4.0ch05_6506986
chr05	7200490	SL4.0ch05_6518580
chr05	7248603	SL4.0ch05_6566736
chr05	7257772	SL4.0ch05_6576022
chr05	7262783	SL4.0ch05_6581046
chr05	7264700	SL4.0ch05_6582967
chr05	7285922	SL4.0ch05_6604278
chr05	7306722	SL4.0ch05_6624100
chr05	7331102	SL4.0ch05_6648448
chr05	7386065	SL4.0ch05_6724056
chr05	7399028	SL4.0ch05_6737195
chr05	7416918	SL4.0ch05_6754988
chr05	7422437	SL4.0ch05_6760504
chr05	7426479	SL4.0ch05_6764548
chr05	7454399	SL4.0ch05_6792377
chr05	7513288	SL4.0ch05_6832789
chr05	7527657	SL4.0ch05_6847144
chr05	7540200	SL4.0ch05_6859801
chr05	7616562	SL4.0ch05_6920536
chr05	7670265	SL4.0ch05_6988206
chr05	7674192	SL4.0ch05_6992047
chr05	7680661	SL4.0ch05_6998500
chr05	7686806	SL4.0ch05_7004667
chr05	7701816	SL4.0ch05_7019701
chr05	7712554	SL4.0ch05_7030466
chr05	7721566	SL4.0ch05_7039486
chr05	7731543	SL4.0ch05_7049493
chr05	7733742	SL4.0ch05_7051691
chr05	7744506	SL4.0ch05_7062479
chr05	7747720	SL4.0ch05_7065694
chr05	7797955	SL4.0ch05_7116174
chr05	7849888	SL4.0ch05_7169090
chr05	7853695	SL4.0ch05_7172888
chr05	7873406	SL4.0ch05_7195008
chr05	7886024	SL4.0ch05_7207583
chr05	7905788	SL4.0ch05_7227346
chr05	7948565	SL4.0ch05_7270057
chr05	7992539	SL4.0ch05_7314086
chr05	8043498	SL4.0ch05_7377470
chr05	8047046	SL4.0ch05_7381080
chr05	8086803	SL4.0ch05_7419279
chr05	8106981	SL4.0ch05_7439299
chr05	8118887	SL4.0ch05_7451159
chr05	8135331	SL4.0ch05_7467608
chr05	8158795	SL4.0ch05_7491991
chr05	8200308	SL4.0ch05_7544500
chr05	8222099	SL4.0ch05_7566385
chr05	8222240	SL4.0ch05_7566526
chr05	8222489	SL4.0ch05_7566775
chr05	8252531	SL4.0ch05_7596496
chr05	8252980	SL4.0ch05_7596945
chr05	8253410	SL4.0ch05_7597375
chr05	8336254	SL4.0ch05_7679812
chr05	8340004	SL4.0ch05_7683562
chr05	8386904	SL4.0ch05_7730478
chr05	8417729	SL4.0ch05_7843938
chr05	8468261	SL4.0ch05_7889670
chr05	8469233	SL4.0ch05_7890642
chr05	8469739	SL4.0ch05_7891148
chr05	8470118	SL4.0ch05_7891527
chr05	8470348	SL4.0ch05_7891757
chr05	8470668	SL4.0ch05_7892077
chr05	8476876	SL4.0ch05_7904331
chr05	8518996	SL4.0ch05_7948693
chr05	8534093	SL4.0ch05_7965551
chr05	8594120	SL4.0ch05_8032871
chr05	8598528	SL4.0ch05_8037281
chr05	8599440	SL4.0ch05_8038193
chr05	8640675	SL4.0ch05_8079406
chr05	8674445	SL4.0ch05_8110228
chr05	8677201	SL4.0ch05_8112975
chr05	8678585	SL4.0ch05_8114374
chr05	8680288	SL4.0ch05_8116067
chr05	8681195	SL4.0ch05_8116987
chr05	8682907	SL4.0ch05_8118702
chr05	8719572	SL4.0ch05_8154649
chr05	8723544	SL4.0ch05_8158779
chr05	8787852	SL4.0ch05_8219473
chr05	8828229	SL4.0ch05_8267794
chr05	8831344	SL4.0ch05_8270913
chr05	8854489	SL4.0ch05_8294037
chr05	8865711	SL4.0ch05_8305117
chr05	8866163	SL4.0ch05_8305569
chr05	8912970	SL4.0ch05_8352200
chr05	8976957	SL4.0ch05_8408309
chr05	8983003	SL4.0ch05_8414363
chr05	8994630	SL4.0ch05_8425954
chr05	8997594	SL4.0ch05_8428917
chr05	9024874	SL4.0ch05_8450690
chr05	9034871	SL4.0ch05_8460688
chr05	9061968	SL4.0ch05_8487796
chr05	9104714	SL4.0ch05_8529488
chr05	9134374	SL4.0ch05_8566581
chr05	9208243	SL4.0ch05_8640285
chr05	9221955	SL4.0ch05_8654017
chr05	9266970	SL4.0ch05_8699013
chr05	9272027	SL4.0ch05_8704075
chr05	9281420	SL4.0ch05_8713462
chr05	9410637	SL4.0ch05_8841916
chr05	9445077	SL4.0ch05_8876290
chr05	9452041	SL4.0ch05_8883254
chr05	9453795	SL4.0ch05_8885007
chr05	9455435	SL4.0ch05_8886643
chr05	9504478	SL4.0ch05_8935748
chr05	9506704	SL4.0ch05_8937973
chr05	9522597	SL4.0ch05_8953868
chr05	9549433	SL4.0ch05_8974065
chr05	9553598	SL4.0ch05_8978231
chr05	9593113	SL4.0ch05_9017737
chr05	9605405	SL4.0ch05_9030028
chr05	9721818	SL4.0ch05_9145119
chr05	9749678	SL4.0ch05_9172977
chr05	9795668	SL4.0ch05_9219015
chr05	9796319	SL4.0ch05_9219666
chr05	9796679	SL4.0ch05_9220026
chr05	9797053	SL4.0ch05_9220400
chr05	9797514	SL4.0ch05_9220861
chr05	9915862	SL4.0ch05_9339806
chr05	9917732	SL4.0ch05_9341675
chr05	9917882	SL4.0ch05_9341825
chr05	9918187	SL4.0ch05_9342130
chr05	9999352	SL4.0ch05_9423263
chr05	10228181	SL4.0ch05_9659841
chr05	10241521	SL4.0ch05_9673078
chr05	10272005	SL4.0ch05_9703425
chr05	10365107	SL4.0ch05_9785578
chr05	10369074	SL4.0ch05_9789551
chr05	10375210	SL4.0ch05_9795687
chr05	10400456	SL4.0ch05_9820930
chr05	10404589	SL4.0ch05_9825055
chr05	10430083	SL4.0ch05_9850522
chr05	10436259	SL4.0ch05_9856773
chr05	10438802	SL4.0ch05_9859316
chr05	10454878	SL4.0ch05_9875382
chr05	10463086	SL4.0ch05_9883586
chr05	10463155	SL4.0ch05_9883655
chr05	10620335	SL4.0ch05_10039971
chr05	10667477	SL4.0ch05_10087278
chr05	10685142	SL4.0ch05_10104939
chr05	10688639	SL4.0ch05_10108437
chr05	10736720	SL4.0ch05_10156526
chr05	10737267	SL4.0ch05_10157073
chr05	10742360	SL4.0ch05_10162167
chr05	10781177	SL4.0ch05_10200976
chr05	10782027	SL4.0ch05_10201823
chr05	10895078	SL4.0ch05_10313488
chr05	10931183	SL4.0ch05_10349557
chr05	11060166	SL4.0ch05_10478580
chr05	11074611	SL4.0ch05_10493880
chr05	11086353	SL4.0ch05_10505625
chr05	11093912	SL4.0ch05_10513189
chr05	11094614	SL4.0ch05_10513891
chr05	11112245	SL4.0ch05_10531523
chr05	11119305	SL4.0ch05_10538595
chr05	11119614	SL4.0ch05_10538903
chr05	11156005	SL4.0ch05_10575318
chr05	11197550	SL4.0ch05_10617200
chr05	11326397	SL4.0ch05_10745949
chr05	11330883	SL4.0ch05_10751058
chr05	11528041	SL4.0ch05_10778650
chr05	11577594	SL4.0ch05_10819460
chr05	11579841	SL4.0ch05_10821706
chr05	11646737	SL4.0ch05_10878973
chr05	11680882	SL4.0ch05_10913152
chr05	11691456	SL4.0ch05_10923727
chr05	11790035	SL4.0ch05_11022306
chr05	11853287	SL4.0ch05_11081864
chr05	11968877	SL4.0ch05_11192996
chr05	12034546	SL4.0ch05_11255542
chr05	12113417	SL4.0ch05_11336196
chr05	12163926	SL4.0ch05_11380328
chr05	12201879	SL4.0ch05_11409879
chr05	12250209	SL4.0ch05_11458950
chr05	12258525	SL4.0ch05_11467266
chr05	12276777	SL4.0ch05_11485526
chr05	12277151	SL4.0ch05_11485900
chr05	12287870	SL4.0ch05_11496613
chr05	12334100	SL4.0ch05_11542806
chr05	12361710	SL4.0ch05_11570434
chr05	12363116	SL4.0ch05_11571840
chr05	12395259	SL4.0ch05_11603964
chr05	12443828	SL4.0ch05_11652646
chr05	12447304	SL4.0ch05_11656124
chr05	12448166	SL4.0ch05_11656986
chr05	12505886	SL4.0ch05_11714700
chr05	12507402	SL4.0ch05_11716213
chr05	12579452	SL4.0ch05_11795361
chr05	12583077	SL4.0ch05_11798985
chr05	12587331	SL4.0ch05_11803240
chr05	12691926	SL4.0ch05_11907654
chr05	12727396	SL4.0ch05_11943154
chr05	12862071	SL4.0ch05_12070482
chr05	12899574	SL4.0ch05_12107946
chr05	12989024	SL4.0ch05_12196797
chr05	12993612	SL4.0ch05_12201386
chr05	13070269	SL4.0ch05_12271318
chr05	13091340	SL4.0ch05_12292390
chr05	13121798	SL4.0ch05_12322791
chr05	13397727	SL4.0ch05_12585397
chr05	13431898	SL4.0ch05_12619562
chr05	13489430	SL4.0ch05_12677057
chr05	13503695	SL4.0ch05_12691302
chr05	13541565	SL4.0ch05_12729179
chr05	13605223	SL4.0ch05_12793039
chr05	13644054	SL4.0ch05_12834244
chr05	13710234	SL4.0ch05_12900716
chr05	13843530	SL4.0ch05_13034013
chr05	13844679	SL4.0ch05_13035162
chr05	13845615	SL4.0ch05_13036098
chr05	13846000	SL4.0ch05_13036483
chr05	13915177	SL4.0ch05_13105694
chr05	13995202	SL4.0ch05_13190201
chr05	14114759	SL4.0ch05_13309652
chr05	14129739	SL4.0ch05_13324620
chr05	14135029	SL4.0ch05_13329917
chr05	14160970	SL4.0ch05_13355844
chr05	14307460	SL4.0ch05_13510718
chr05	14430654	SL4.0ch05_13633903
chr05	14468092	SL4.0ch05_13671453
chr05	14517527	SL4.0ch05_13720803
chr05	14633586	SL4.0ch05_13836836
chr05	14672243	SL4.0ch05_13875487
chr05	14714914	SL4.0ch05_13910991
chr05	14732318	SL4.0ch05_13928397
chr05	14785960	SL4.0ch05_13982021
chr05	14860662	SL4.0ch05_14056624
chr05	14940899	SL4.0ch05_14136709
chr05	14981939	SL4.0ch05_14177528
chr05	14988150	SL4.0ch05_14183737
chr05	15002698	SL4.0ch05_14198235
chr05	15006750	SL4.0ch05_14202282
chr05	15008108	SL4.0ch05_14203603
chr05	15026819	SL4.0ch05_14222263
chr05	15116832	SL4.0ch05_14312184
chr05	15254377	SL4.0ch05_14442702
chr05	15254717	SL4.0ch05_14443042
chr05	15307404	SL4.0ch05_14487122
chr05	15307957	SL4.0ch05_14487674
chr05	15309047	SL4.0ch05_14488764
chr05	15309643	SL4.0ch05_14489361
chr05	15312545	SL4.0ch05_14492256
chr05	15419541	SL4.0ch05_14591882
chr05	15520739	SL4.0ch05_14693056
chr05	15536158	SL4.0ch05_14708452
chr05	15543658	SL4.0ch05_14715953
chr05	15548218	SL4.0ch05_14720515
chr05	15677736	SL4.0ch05_14850336
chr05	15760001	SL4.0ch05_14932574
chr05	15789645	SL4.0ch05_14962101
chr05	15831803	SL4.0ch05_15004279
chr05	15865479	SL4.0ch05_15037702
chr05	16007087	SL4.0ch05_15179659
chr05	16127081	SL4.0ch05_15299814
chr05	16146026	SL4.0ch05_15318758
chr05	16301077	SL4.0ch05_15473520
chr05	16306491	SL4.0ch05_15478930
chr05	16356577	SL4.0ch05_15528855
chr05	16357406	SL4.0ch05_15529659
chr05	16391658	SL4.0ch05_15563834
chr05	16530878	SL4.0ch05_15703051
chr05	16617433	SL4.0ch05_15788926
chr05	16817385	SL4.0ch05_15988855
chr05	16920269	SL4.0ch05_16091937
chr05	16920345	SL4.0ch05_16092013
chr05	17031307	SL4.0ch05_16202809
chr05	17040448	SL4.0ch05_16211948
chr05	17047238	SL4.0ch05_16218738
chr05	17056593	SL4.0ch05_16228090
chr05	17111843	SL4.0ch05_16283335
chr05	17111983	SL4.0ch05_16283475
chr05	17177565	SL4.0ch05_16349082
chr05	17203125	SL4.0ch05_16374560
chr05	17279438	SL4.0ch05_16448547
chr05	17295483	SL4.0ch05_16464581
chr05	17366510	SL4.0ch05_16535423
chr05	17385179	SL4.0ch05_16554108
chr05	17412122	SL4.0ch05_16581089
chr05	17422026	SL4.0ch05_16591738
chr05	17433400	SL4.0ch05_16603035
chr05	17443581	SL4.0ch05_16613212
chr05	17453329	SL4.0ch05_16622959
chr05	17615203	SL4.0ch05_16782855
chr05	17652848	SL4.0ch05_16820436
chr05	17714228	SL4.0ch05_16881818
chr05	17718891	SL4.0ch05_16886481
chr05	17719412	SL4.0ch05_16887002
chr05	17719878	SL4.0ch05_16887468
chr05	17760664	SL4.0ch05_16928192
chr05	17818153	SL4.0ch05_16984494
chr05	17867358	SL4.0ch05_17033697
chr05	17889171	SL4.0ch05_17055335
chr05	17891422	SL4.0ch05_17057586
chr05	17905408	SL4.0ch05_17071581
chr05	17917871	SL4.0ch05_17084003
chr05	17966377	SL4.0ch05_17132454
chr05	18045496	SL4.0ch05_17211389
chr05	18093761	SL4.0ch05_17258615
chr05	18103995	SL4.0ch05_17268846
chr05	18108024	SL4.0ch05_17272874
chr05	18123971	SL4.0ch05_17288820
chr05	18152414	SL4.0ch05_17316778
chr05	18155485	SL4.0ch05_17319849
chr05	18247163	SL4.0ch05_17411443
chr05	18341428	SL4.0ch05_17542157
chr05	18341684	SL4.0ch05_17542413
chr05	18365962	SL4.0ch05_17566683
chr05	18369430	SL4.0ch05_17570149
chr05	18413498	SL4.0ch05_17614193
chr05	18465567	SL4.0ch05_17666344
chr05	18475405	SL4.0ch05_17676184
chr05	18499108	SL4.0ch05_17699941
chr05	18537635	SL4.0ch05_17738444
chr05	18570768	SL4.0ch05_17768713
chr05	18607156	SL4.0ch05_17805089
chr05	18695679	SL4.0ch05_17893598
chr05	18752209	SL4.0ch05_17957026
chr05	18764277	SL4.0ch05_17969065
chr05	18765051	SL4.0ch05_17969839
chr05	18844042	SL4.0ch05_18047101
chr05	18854336	SL4.0ch05_18057365
chr05	18956516	SL4.0ch05_18152328
chr05	18958613	SL4.0ch05_18154425
chr05	19044545	SL4.0ch05_18240355
chr05	19071814	SL4.0ch05_18267587
chr05	19072586	SL4.0ch05_18268359
chr05	19133603	SL4.0ch05_18329995
chr05	19192095	SL4.0ch05_18388471
chr05	19192311	SL4.0ch05_18388687
chr05	19208765	SL4.0ch05_18405145
chr05	19217733	SL4.0ch05_18414118
chr05	19335496	SL4.0ch05_18531470
chr05	19360218	SL4.0ch05_18556118
chr05	19382706	SL4.0ch05_18578411
chr05	19512158	SL4.0ch05_18708290
chr05	19527618	SL4.0ch05_18723767
chr05	19717591	SL4.0ch05_18913827
chr05	19806354	SL4.0ch05_19003309
chr05	19900590	SL4.0ch05_19097552
chr05	19949269	SL4.0ch05_19146180
chr05	19949351	SL4.0ch05_19146262
chr05	19953543	SL4.0ch05_19150454
chr05	19958471	SL4.0ch05_19155385
chr05	20006923	SL4.0ch05_19203815
chr05	20109129	SL4.0ch05_19302462
chr05	20127756	SL4.0ch05_19321123
chr05	20127978	SL4.0ch05_19321345
chr05	20207467	SL4.0ch05_19400825
chr05	20234219	SL4.0ch05_19427572
chr05	20262930	SL4.0ch05_19455620
chr05	20329704	SL4.0ch05_19522420
chr05	20340175	SL4.0ch05_19532890
chr05	20344163	SL4.0ch05_19536878
chr05	20477325	SL4.0ch05_19670040
chr05	20488434	SL4.0ch05_19681145
chr05	20521924	SL4.0ch05_19714657
chr05	21049265	SL4.0ch05_19929742
chr05	21049373	SL4.0ch05_19929850
chr05	21050883	SL4.0ch05_19931360
chr05	21174822	SL4.0ch05_20050510
chr05	21204102	SL4.0ch05_20079766
chr05	21354751	SL4.0ch05_20163102
chr05	21380657	SL4.0ch05_20184476
chr05	21446752	SL4.0ch05_20243891
chr05	21449263	SL4.0ch05_20246402
chr05	21508339	SL4.0ch05_20305477
chr05	21527928	SL4.0ch05_20325063
chr05	21536714	SL4.0ch05_20333818
chr05	21537074	SL4.0ch05_20334178
chr05	21545474	SL4.0ch05_20342590
chr05	21581902	SL4.0ch05_20378989
chr05	21596484	SL4.0ch05_20393575
chr05	21598884	SL4.0ch05_20395974
chr05	21637908	SL4.0ch05_20434979
chr05	21705744	SL4.0ch05_20502736
chr05	21747789	SL4.0ch05_20540887
chr05	21780908	SL4.0ch05_20573942
chr05	21853339	SL4.0ch05_20639969
chr05	21874132	SL4.0ch05_20660745
chr05	21951342	SL4.0ch05_20738066
chr05	21951417	SL4.0ch05_20738141
chr05	22179354	SL4.0ch05_20965732
chr05	22182971	SL4.0ch05_20969349
chr05	22290698	SL4.0ch05_21077125
chr05	22319304	SL4.0ch05_21105733
chr05	22363434	SL4.0ch05_21130537
chr05	22451370	SL4.0ch05_21218423
chr05	22452562	SL4.0ch05_21219615
chr05	22471138	SL4.0ch05_21238117
chr05	22528238	SL4.0ch05_21288710
chr05	22541977	SL4.0ch05_21302384
chr05	22558904	SL4.0ch05_21319328
chr05	22562403	SL4.0ch05_21322841
chr05	22645406	SL4.0ch05_21405782
chr05	22707174	SL4.0ch05_21467439
chr05	22716503	SL4.0ch05_21476783
chr05	22788528	SL4.0ch05_21542578
chr05	22861049	SL4.0ch05_21615012
chr05	22871522	SL4.0ch05_21625496
chr05	22954622	SL4.0ch05_21654971
chr05	22954783	SL4.0ch05_21655132
chr05	22957815	SL4.0ch05_21658163
chr05	22962864	SL4.0ch05_21663215
chr05	23015347	SL4.0ch05_21715730
chr05	23077123	SL4.0ch05_21812177
chr05	23077893	SL4.0ch05_21812947
chr05	23190652	SL4.0ch05_21925761
chr05	23275342	SL4.0ch05_22024846
chr05	23275769	SL4.0ch05_22025273
chr05	23334516	SL4.0ch05_22081061
chr05	23383073	SL4.0ch05_22127866
chr05	23395010	SL4.0ch05_22139823
chr05	23396958	SL4.0ch05_22141773
chr05	23398897	SL4.0ch05_22143712
chr05	23423297	SL4.0ch05_22168095
chr05	23423386	SL4.0ch05_22168184
chr05	23427028	SL4.0ch05_22171799
chr05	23462389	SL4.0ch05_22206975
chr05	23503308	SL4.0ch05_22247859
chr05	23509699	SL4.0ch05_22254178
chr05	23547765	SL4.0ch05_22292233
chr05	23551234	SL4.0ch05_22295704
chr05	23551366	SL4.0ch05_22295836
chr05	23665690	SL4.0ch05_22409200
chr05	23721330	SL4.0ch05_22472424
chr05	23780833	SL4.0ch05_22531970
chr05	23820720	SL4.0ch05_22571940
chr05	23898458	SL4.0ch05_22650024
chr05	24017524	SL4.0ch05_22769583
chr05	24062483	SL4.0ch05_22814543
chr05	24161722	SL4.0ch05_22913641
chr05	24161812	SL4.0ch05_22913731
chr05	24162257	SL4.0ch05_22914176
chr05	24183425	SL4.0ch05_22935340
chr05	24326975	SL4.0ch05_23078943
chr05	24365861	SL4.0ch05_23117939
chr05	24370274	SL4.0ch05_23122360
chr05	24374048	SL4.0ch05_23126141
chr05	24434562	SL4.0ch05_23186613
chr05	24445543	SL4.0ch05_23197590
chr05	24454289	SL4.0ch05_23204280
chr05	24460662	SL4.0ch05_23210699
chr05	24462704	SL4.0ch05_23212735
chr05	24473841	SL4.0ch05_23223854
chr05	24483722	SL4.0ch05_23233695
chr05	24487352	SL4.0ch05_23237325
chr05	24518328	SL4.0ch05_23268251
chr05	24575867	SL4.0ch05_23325639
chr05	24581634	SL4.0ch05_23331404
chr05	24695706	SL4.0ch05_23438320
chr05	24727708	SL4.0ch05_23470317
chr05	24864201	SL4.0ch05_23598677
chr05	24865523	SL4.0ch05_23599999
chr05	24866056	SL4.0ch05_23600532
chr05	24872341	SL4.0ch05_23606817
chr05	24874310	SL4.0ch05_23608785
chr05	24880586	SL4.0ch05_23615061
chr05	24890431	SL4.0ch05_23624900
chr05	24957230	SL4.0ch05_23691729
chr05	25024388	SL4.0ch05_23846295
chr05	25025809	SL4.0ch05_23847716
chr05	25125634	SL4.0ch05_23946481
chr05	25239980	SL4.0ch05_24060840
chr05	25271373	SL4.0ch05_24092357
chr05	25330377	SL4.0ch05_24151361
chr05	25412923	SL4.0ch05_24233840
chr05	25413517	SL4.0ch05_24234434
chr05	25480173	SL4.0ch05_24301073
chr05	25578374	SL4.0ch05_24396815
chr05	25679219	SL4.0ch05_24497947
chr05	25681536	SL4.0ch05_24500263
chr05	25683472	SL4.0ch05_24502198
chr05	25709139	SL4.0ch05_24527859
chr05	25722617	SL4.0ch05_24541357
chr05	25770887	SL4.0ch05_24589550
chr05	25832942	SL4.0ch05_24651440
chr05	25841066	SL4.0ch05_24659564
chr05	25995298	SL4.0ch05_24818226
chr05	26096275	SL4.0ch05_24919217
chr05	26109654	SL4.0ch05_24932606
chr05	26256710	SL4.0ch05_25079906
chr05	26321818	SL4.0ch05_25144620
chr05	26346269	SL4.0ch05_25169029
chr05	26482788	SL4.0ch05_25305546
chr05	26567616	SL4.0ch05_25390243
chr05	26571932	SL4.0ch05_25394559
chr05	26663022	SL4.0ch05_25477645
chr05	26757890	SL4.0ch05_25572514
chr05	26963554	SL4.0ch05_25742820
chr05	26969802	SL4.0ch05_25749067
chr05	26983659	SL4.0ch05_25762924
chr05	26988508	SL4.0ch05_25767774
chr05	26989894	SL4.0ch05_25769160
chr05	27032530	SL4.0ch05_25808604
chr05	27052600	SL4.0ch05_25828673
chr05	27053151	SL4.0ch05_25829224
chr05	27101107	SL4.0ch05_25877219
chr05	27161943	SL4.0ch05_25938073
chr05	27201851	SL4.0ch05_25977845
chr05	27210325	SL4.0ch05_25986319
chr05	27318471	SL4.0ch05_26086288
chr05	27362871	SL4.0ch05_26129518
chr05	27476498	SL4.0ch05_26243134
chr05	27515479	SL4.0ch05_26281972
chr05	27661568	SL4.0ch05_26428103
chr05	27734630	SL4.0ch05_26501161
chr05	27779214	SL4.0ch05_26545773
chr05	27858564	SL4.0ch05_26625275
chr05	27860624	SL4.0ch05_26627335
chr05	27866732	SL4.0ch05_26633442
chr05	27918109	SL4.0ch05_26684860
chr05	27936896	SL4.0ch05_26703670
chr05	28057934	SL4.0ch05_26823343
chr05	28195330	SL4.0ch05_26925498
chr05	28220814	SL4.0ch05_26951045
chr05	28229439	SL4.0ch05_26959672
chr05	28281607	SL4.0ch05_27011888
chr05	28338042	SL4.0ch05_27068323
chr05	28348232	SL4.0ch05_27078249
chr05	28393804	SL4.0ch05_27123360
chr05	28505052	SL4.0ch05_27234693
chr05	28505376	SL4.0ch05_27235017
chr05	28506307	SL4.0ch05_27235948
chr05	28536124	SL4.0ch05_27265754
chr05	28629513	SL4.0ch05_27358265
chr05	28807849	SL4.0ch05_27536615
chr05	28820882	SL4.0ch05_27549653
chr05	28849160	SL4.0ch05_27577908
chr05	28910838	SL4.0ch05_27639435
chr05	28912771	SL4.0ch05_27641369
chr05	28971734	SL4.0ch05_27709220
chr05	29038273	SL4.0ch05_27775785
chr05	29085026	SL4.0ch05_27822449
chr05	29111017	SL4.0ch05_27848465
chr05	29239408	SL4.0ch05_27977663
chr05	29241505	SL4.0ch05_27979759
chr05	29243946	SL4.0ch05_27982199
chr05	29351788	SL4.0ch05_28089966
chr05	29563217	SL4.0ch05_28286418
chr05	29615233	SL4.0ch05_28338245
chr05	29822509	SL4.0ch05_28545524
chr05	29823925	SL4.0ch05_28546939
chr05	29827771	SL4.0ch05_28550782
chr05	29834777	SL4.0ch05_28557786
chr05	29868440	SL4.0ch05_28591443
chr05	29995703	SL4.0ch05_28711336
chr05	30089091	SL4.0ch05_28804710
chr05	30089447	SL4.0ch05_28805066
chr05	30160895	SL4.0ch05_28879427
chr05	30272413	SL4.0ch05_28991091
chr05	30277454	SL4.0ch05_28996132
chr05	30345295	SL4.0ch05_29072074
chr05	30359290	SL4.0ch05_29086005
chr05	30419785	SL4.0ch05_29146605
chr05	30420022	SL4.0ch05_29146842
chr05	30421213	SL4.0ch05_29148033
chr05	30427762	SL4.0ch05_29154579
chr05	30427900	SL4.0ch05_29154717
chr05	30428637	SL4.0ch05_29155454
chr05	30535117	SL4.0ch05_29261531
chr05	30546376	SL4.0ch05_29272785
chr05	30571028	SL4.0ch05_29297379
chr05	30572168	SL4.0ch05_29298519
chr05	30573046	SL4.0ch05_29299397
chr05	30638118	SL4.0ch05_29364466
chr05	30642925	SL4.0ch05_29369288
chr05	30644163	SL4.0ch05_29370526
chr05	30645659	SL4.0ch05_29372023
chr05	30700091	SL4.0ch05_29426438
chr05	30709390	SL4.0ch05_29435734
chr05	30740732	SL4.0ch05_29467085
chr05	30850216	SL4.0ch05_29540544
chr05	30857955	SL4.0ch05_29548266
chr05	30942695	SL4.0ch05_29633185
chr05	31001932	SL4.0ch05_29675396
chr05	31053282	SL4.0ch05_29726935
chr05	31053974	SL4.0ch05_29727627
chr05	31110605	SL4.0ch05_29784253
chr05	31192540	SL4.0ch05_29866241
chr05	31226311	SL4.0ch05_29900008
chr05	31270937	SL4.0ch05_29944631
chr05	31330926	SL4.0ch05_30004508
chr05	31399734	SL4.0ch05_30073119
chr05	31449160	SL4.0ch05_30122522
chr05	31486335	SL4.0ch05_30159652
chr05	31505188	SL4.0ch05_30178416
chr05	31509903	SL4.0ch05_30183132
chr05	31564191	SL4.0ch05_30241448
chr05	31567610	SL4.0ch05_30244867
chr05	31689196	SL4.0ch05_30366014
chr05	31763925	SL4.0ch05_30430546
chr05	31764054	SL4.0ch05_30430675
chr05	31802136	SL4.0ch05_30468938
chr05	31805382	SL4.0ch05_30472184
chr05	31805457	SL4.0ch05_30472259
chr05	31885659	SL4.0ch05_30552442
chr05	31940446	SL4.0ch05_30607248
chr05	31945136	SL4.0ch05_30611918
chr05	31967381	SL4.0ch05_30634177
chr05	31970163	SL4.0ch05_30636959
chr05	31970637	SL4.0ch05_30637433
chr05	31993156	SL4.0ch05_30659974
chr05	32067345	SL4.0ch05_30734188
chr05	32113409	SL4.0ch05_30775992
chr05	32174512	SL4.0ch05_30824761
chr05	32195006	SL4.0ch05_30845235
chr05	32312140	SL4.0ch05_30964896
chr05	32427455	SL4.0ch05_31085099
chr05	32475530	SL4.0ch05_31133169
chr05	32525952	SL4.0ch05_31183510
chr05	32527681	SL4.0ch05_31185139
chr05	32622614	SL4.0ch05_31280066
chr05	32645719	SL4.0ch05_31303195
chr05	32678482	SL4.0ch05_31335854
chr05	32708938	SL4.0ch05_31361435
chr05	32751016	SL4.0ch05_31403478
chr05	32755772	SL4.0ch05_31408228
chr05	32800865	SL4.0ch05_31452549
chr05	32839571	SL4.0ch05_31491160
chr05	32839819	SL4.0ch05_31491408
chr05	32946460	SL4.0ch05_31597711
chr05	33080573	SL4.0ch05_31730528
chr05	33127790	SL4.0ch05_31777988
chr05	33174950	SL4.0ch05_31834866
chr05	33189007	SL4.0ch05_31848921
chr05	33199769	SL4.0ch05_31859676
chr05	33348049	SL4.0ch05_32007955
chr05	33363305	SL4.0ch05_32023290
chr05	33428326	SL4.0ch05_32088125
chr05	33478224	SL4.0ch05_32137995
chr05	33570503	SL4.0ch05_32229918
chr05	33669783	SL4.0ch05_32329261
chr05	33695458	SL4.0ch05_32354928
chr05	33707668	SL4.0ch05_32367160
chr05	33710595	SL4.0ch05_32370088
chr05	33765361	SL4.0ch05_32424868
chr05	33817205	SL4.0ch05_32476721
chr05	33819663	SL4.0ch05_32479195
chr05	33831841	SL4.0ch05_32491318
chr05	33948324	SL4.0ch05_32607737
chr05	33971156	SL4.0ch05_32630564
chr05	34076828	SL4.0ch05_32739754
chr05	34115275	SL4.0ch05_32778258
chr05	34154573	SL4.0ch05_32817550
chr05	34202611	SL4.0ch05_32865574
chr05	34226227	SL4.0ch05_32889237
chr05	34320735	SL4.0ch05_32982627
chr05	34350482	SL4.0ch05_33012501
chr05	34356381	SL4.0ch05_33018399
chr05	34356951	SL4.0ch05_33018969
chr05	34371701	SL4.0ch05_33033676
chr05	34387167	SL4.0ch05_33049136
chr05	34424495	SL4.0ch05_33085864
chr05	34425508	SL4.0ch05_33086877
chr05	34428338	SL4.0ch05_33089707
chr05	34433437	SL4.0ch05_33094784
chr05	34433747	SL4.0ch05_33095094
chr05	34551751	SL4.0ch05_33213287
chr05	34562633	SL4.0ch05_33224169
chr05	34635672	SL4.0ch05_33297203
chr05	34679555	SL4.0ch05_33341094
chr05	34764227	SL4.0ch05_33418528
chr05	34797422	SL4.0ch05_33451719
chr05	34800518	SL4.0ch05_33454814
chr05	34834194	SL4.0ch05_33488478
chr05	34953196	SL4.0ch05_33607461
chr05	34974486	SL4.0ch05_33628754
chr05	34980707	SL4.0ch05_33634973
chr05	34985790	SL4.0ch05_33640055
chr05	35005032	SL4.0ch05_33659224
chr05	35011954	SL4.0ch05_33666151
chr05	35032121	SL4.0ch05_33686345
chr05	35045348	SL4.0ch05_33699573
chr05	35224622	SL4.0ch05_33922377
chr05	35264279	SL4.0ch05_33961851
chr05	35358474	SL4.0ch05_34055451
chr05	35483777	SL4.0ch05_34149890
chr05	35492971	SL4.0ch05_34159080
chr05	35543111	SL4.0ch05_34209200
chr05	35574692	SL4.0ch05_34240548
chr05	35592944	SL4.0ch05_34258795
chr05	35601708	SL4.0ch05_34267539
chr05	35732464	SL4.0ch05_34398342
chr05	35748773	SL4.0ch05_34414619
chr05	35773624	SL4.0ch05_34438710
chr05	35795438	SL4.0ch05_34460514
chr05	35892427	SL4.0ch05_34557592
chr05	35892489	SL4.0ch05_34557654
chr05	35893581	SL4.0ch05_34558745
chr05	35893658	SL4.0ch05_34558822
chr05	35926257	SL4.0ch05_34591415
chr05	36004102	SL4.0ch05_34669241
chr05	36059345	SL4.0ch05_34724381
chr05	36076922	SL4.0ch05_34741957
chr05	36192094	SL4.0ch05_34849554
chr05	36252291	SL4.0ch05_34909735
chr05	36386651	SL4.0ch05_35030719
chr05	36415568	SL4.0ch05_35059634
chr05	36630158	SL4.0ch05_35274181
chr05	36679830	SL4.0ch05_35323425
chr05	36784162	SL4.0ch05_35427924
chr05	36813710	SL4.0ch05_35457497
chr05	36863472	SL4.0ch05_35507300
chr05	36895666	SL4.0ch05_35539498
chr05	37008907	SL4.0ch05_35652759
chr05	37106600	SL4.0ch05_35750421
chr05	37133500	SL4.0ch05_35777302
chr05	37223435	SL4.0ch05_35867257
chr05	37367167	SL4.0ch05_36010927
chr05	37420093	SL4.0ch05_36063858
chr05	37420156	SL4.0ch05_36063921
chr05	37476402	SL4.0ch05_36120118
chr05	37542625	SL4.0ch05_36186379
chr05	37596291	SL4.0ch05_36240002
chr05	37711422	SL4.0ch05_36354466
chr05	37719102	SL4.0ch05_36362146
chr05	37722150	SL4.0ch05_36365196
chr05	37768976	SL4.0ch05_36416015
chr05	37834971	SL4.0ch05_36482017
chr05	37835295	SL4.0ch05_36482341
chr05	37872608	SL4.0ch05_36519469
chr05	38015033	SL4.0ch05_36661805
chr05	38101803	SL4.0ch05_36741411
chr05	38219800	SL4.0ch05_36859489
chr05	38306991	SL4.0ch05_36938886
chr05	38344064	SL4.0ch05_36975151
chr05	38404634	SL4.0ch05_37035744
chr05	38468752	SL4.0ch05_37099825
chr05	38593944	SL4.0ch05_37224332
chr05	38629197	SL4.0ch05_37259584
chr05	38754067	SL4.0ch05_37384447
chr05	38754254	SL4.0ch05_37384634
chr05	38754460	SL4.0ch05_37384840
chr05	38782825	SL4.0ch05_37413235
chr05	38878274	SL4.0ch05_37507317
chr05	38892936	SL4.0ch05_37521959
chr05	39001106	SL4.0ch05_37637134
chr05	39066279	SL4.0ch05_37702197
chr05	39101334	SL4.0ch05_37737327
chr05	39106781	SL4.0ch05_37742774
chr05	39176154	SL4.0ch05_37812063
chr05	39247763	SL4.0ch05_37883631
chr05	39295796	SL4.0ch05_37931679
chr05	39405307	SL4.0ch05_38040181
chr05	39408782	SL4.0ch05_38043653
chr05	39599460	SL4.0ch05_38182797
chr05	39606133	SL4.0ch05_38189466
chr05	39756713	SL4.0ch05_38340781
chr05	39771378	SL4.0ch05_38355448
chr05	39794140	SL4.0ch05_38378217
chr05	39799406	SL4.0ch05_38383444
chr05	39841620	SL4.0ch05_38425735
chr05	39854849	SL4.0ch05_38438972
chr05	39864573	SL4.0ch05_38448696
chr05	39894508	SL4.0ch05_38478594
chr05	39906761	SL4.0ch05_38490849
chr05	39922046	SL4.0ch05_38506199
chr05	39938047	SL4.0ch05_38522150
chr05	40016319	SL4.0ch05_38598882
chr05	40084168	SL4.0ch05_38666679
chr05	40164413	SL4.0ch05_38724034
chr05	40237190	SL4.0ch05_38796567
chr05	40352431	SL4.0ch05_38915940
chr05	40618046	SL4.0ch05_39182217
chr05	40696711	SL4.0ch05_39260573
chr05	40749260	SL4.0ch05_39313129
chr05	40859487	SL4.0ch05_39423363
chr05	40938335	SL4.0ch05_39502270
chr05	40952942	SL4.0ch05_39516893
chr05	40963211	SL4.0ch05_39527158
chr05	40970230	SL4.0ch05_39534178
chr05	40978932	SL4.0ch05_39542857
chr05	41000922	SL4.0ch05_39564863
chr05	41001011	SL4.0ch05_39564952
chr05	41021863	SL4.0ch05_39585817
chr05	41146834	SL4.0ch05_39710768
chr05	41205913	SL4.0ch05_39769866
chr05	41225716	SL4.0ch05_39789740
chr05	41227461	SL4.0ch05_39791485
chr05	41228494	SL4.0ch05_39792518
chr05	41292214	SL4.0ch05_39856227
chr05	41316904	SL4.0ch05_39880956
chr05	41318682	SL4.0ch05_39882734
chr05	41419425	SL4.0ch05_39983185
chr05	41497116	SL4.0ch05_40060850
chr05	41508378	SL4.0ch05_40072121
chr05	41576074	SL4.0ch05_40139804
chr05	41576567	SL4.0ch05_40140297
chr05	41725526	SL4.0ch05_40291262
chr05	41754939	SL4.0ch05_40320666
chr05	41829286	SL4.0ch05_40391947
chr05	41829722	SL4.0ch05_40392383
chr05	41829996	SL4.0ch05_40392657
chr05	41853125	SL4.0ch05_40415803
chr05	41868721	SL4.0ch05_40432146
chr05	41912670	SL4.0ch05_40476116
chr05	41918768	SL4.0ch05_40482218
chr05	41975315	SL4.0ch05_40538764
chr05	42149377	SL4.0ch05_40712503
chr05	42181927	SL4.0ch05_40745046
chr05	42209364	SL4.0ch05_40768282
chr05	42268906	SL4.0ch05_40827800
chr05	42319041	SL4.0ch05_40877963
chr05	42475254	SL4.0ch05_41001235
chr05	42547791	SL4.0ch05_41073758
chr05	42547946	SL4.0ch05_41073913
chr05	42661038	SL4.0ch05_41187048
chr05	42702926	SL4.0ch05_41227181
chr05	42710814	SL4.0ch05_41235092
chr05	42711951	SL4.0ch05_41236229
chr05	42715105	SL4.0ch05_41239401
chr05	42814269	SL4.0ch05_41338590
chr05	42892044	SL4.0ch05_41416364
chr05	43505134	SL4.0ch05_41464354
chr05	43645498	SL4.0ch05_41604387
chr05	43651841	SL4.0ch05_41610730
chr05	43679702	SL4.0ch05_41638456
chr05	43680310	SL4.0ch05_41639064
chr05	43686536	SL4.0ch05_41645324
chr05	43863184	SL4.0ch05_41814401
chr05	43869158	SL4.0ch05_41820368
chr05	43872385	SL4.0ch05_41823594
chr05	43874731	SL4.0ch05_41825940
chr05	43891319	SL4.0ch05_41842533
chr05	43904804	SL4.0ch05_41856019
chr05	43917409	SL4.0ch05_41868619
chr05	43921161	SL4.0ch05_41872383
chr05	43922754	SL4.0ch05_41873974
chr05	44086231	SL4.0ch05_42018108
chr05	44238851	SL4.0ch05_42170106
chr05	44268365	SL4.0ch05_42199685
chr05	44284476	SL4.0ch05_42217688
chr05	44297305	SL4.0ch05_42230570
chr05	44302541	SL4.0ch05_42235810
chr05	44571061	SL4.0ch05_42290130
chr05	44582711	SL4.0ch05_42301789
chr05	44680059	SL4.0ch05_42790049
chr05	44699302	SL4.0ch05_42809309
chr05	44799823	SL4.0ch05_42909762
chr05	44901598	SL4.0ch05_43011565
chr05	44924719	SL4.0ch05_43034641
chr05	44934060	SL4.0ch05_43044015
chr05	44965511	SL4.0ch05_43074802
chr05	45044528	SL4.0ch05_43153808
chr05	45133652	SL4.0ch05_43250013
chr05	45152011	SL4.0ch05_43268409
chr05	45155184	SL4.0ch05_43271583
chr05	45270953	SL4.0ch05_43387385
chr05	45310008	SL4.0ch05_43426459
chr05	45383365	SL4.0ch05_43498682
chr05	45394484	SL4.0ch05_43509800
chr05	45458264	SL4.0ch05_43573559
chr05	45485016	SL4.0ch05_43600273
chr05	45543420	SL4.0ch05_43658741
chr05	45564897	SL4.0ch05_43680195
chr05	45585594	SL4.0ch05_43700884
chr05	45616102	SL4.0ch05_43727195
chr05	45763769	SL4.0ch05_43872317
chr05	45874109	SL4.0ch05_43949645
chr05	45953369	SL4.0ch05_44028819
chr05	45960078	SL4.0ch05_44035526
chr05	45989533	SL4.0ch05_44064979
chr05	45999524	SL4.0ch05_44074972
chr05	46021543	SL4.0ch05_44089858
chr05	46091974	SL4.0ch05_44159927
chr05	46162601	SL4.0ch05_44231394
chr05	46214266	SL4.0ch05_44281877
chr05	46220128	SL4.0ch05_44287739
chr05	46236921	SL4.0ch05_44304537
chr05	46256058	SL4.0ch05_44323727
chr05	46258078	SL4.0ch05_44325747
chr05	46258350	SL4.0ch05_44326019
chr05	46260660	SL4.0ch05_44328325
chr05	46378133	SL4.0ch05_44445720
chr05	46403155	SL4.0ch05_44470865
chr05	46403688	SL4.0ch05_44471398
chr05	46417705	SL4.0ch05_44485414
chr05	46526747	SL4.0ch05_44579221
chr05	46562663	SL4.0ch05_44616631
chr05	46594327	SL4.0ch05_44648301
chr05	46745704	SL4.0ch05_44789535
chr05	46903382	SL4.0ch05_44943126
chr05	46904820	SL4.0ch05_44944563
chr05	47009238	SL4.0ch05_45046643
chr05	47028608	SL4.0ch05_45065999
chr05	47047250	SL4.0ch05_45077655
chr05	47157067	SL4.0ch05_45193074
chr05	47162609	SL4.0ch05_45198581
chr05	47171458	SL4.0ch05_45207430
chr05	47183952	SL4.0ch05_45219881
chr05	47305095	SL4.0ch05_45343667
chr05	47364035	SL4.0ch05_45402683
chr05	47381451	SL4.0ch05_45421037
chr05	47382218	SL4.0ch05_45421804
chr05	47383446	SL4.0ch05_45423033
chr05	47430660	SL4.0ch05_45470192
chr05	47438067	SL4.0ch05_45477597
chr05	47563251	SL4.0ch05_45602579
chr05	47596062	SL4.0ch05_45635281
chr05	47640223	SL4.0ch05_45679374
chr05	47658251	SL4.0ch05_45697428
chr05	47658758	SL4.0ch05_45697935
chr05	47709398	SL4.0ch05_45748556
chr05	47716159	SL4.0ch05_45755324
chr05	47736719	SL4.0ch05_45775879
chr05	47740290	SL4.0ch05_45779450
chr05	47777722	SL4.0ch05_45989884
chr05	47875698	SL4.0ch05_46087741
chr05	47918067	SL4.0ch05_46130174
chr05	47972985	SL4.0ch05_46199024
chr05	48019001	SL4.0ch05_46245121
chr05	48025419	SL4.0ch05_46252503
chr05	48026038	SL4.0ch05_46253122
chr05	48046902	SL4.0ch05_46302207
chr05	48048803	SL4.0ch05_46304110
chr05	48695339	SL4.0ch05_46615189
chr05	48786074	SL4.0ch05_46705868
chr05	48843400	SL4.0ch05_46763024
chr05	48914974	SL4.0ch05_46828932
chr05	48990669	SL4.0ch05_46901997
chr05	49137784	SL4.0ch05_47049091
chr05	49144697	SL4.0ch05_47056005
chr05	49275220	SL4.0ch05_47186476
chr05	49340329	SL4.0ch05_47252062
chr05	49453382	SL4.0ch05_47360816
chr05	49524323	SL4.0ch05_47431950
chr05	49561468	SL4.0ch05_47469101
chr05	49569298	SL4.0ch05_47476976
chr05	49597389	SL4.0ch05_47505081
chr05	49605472	SL4.0ch05_47521991
chr05	49682344	SL4.0ch05_47598916
chr05	49682704	SL4.0ch05_47599276
chr05	49725122	SL4.0ch05_47635629
chr05	49799904	SL4.0ch05_47699111
chr05	49893676	SL4.0ch05_47792801
chr05	49919356	SL4.0ch05_47818482
chr05	49960598	SL4.0ch05_47859702
chr05	50047238	SL4.0ch05_47946215
chr05	50135498	SL4.0ch05_48040186
chr05	50211545	SL4.0ch05_48143245
chr05	50327544	SL4.0ch05_48257753
chr05	50345474	SL4.0ch05_48269833
chr05	50417206	SL4.0ch05_48341367
chr05	50418270	SL4.0ch05_48342430
chr05	50440885	SL4.0ch05_48381905
chr05	50447916	SL4.0ch05_48388936
chr05	50577306	SL4.0ch05_48525309
chr05	50633547	SL4.0ch05_48538806
chr05	50764818	SL4.0ch05_48697473
chr05	50770030	SL4.0ch05_48702678
chr05	50950782	SL4.0ch05_48867160
chr05	50977472	SL4.0ch05_48893678
chr05	51053906	SL4.0ch05_48969797
chr05	51080355	SL4.0ch05_48981643
chr05	51086555	SL4.0ch05_48987838
chr05	51102041	SL4.0ch05_49003338
chr05	51103434	SL4.0ch05_49004731
chr05	51104415	SL4.0ch05_49005707
chr05	51106374	SL4.0ch05_49007657
chr05	51182735	SL4.0ch05_49083923
chr05	51262354	SL4.0ch05_49163717
chr05	51274803	SL4.0ch05_49176186
chr05	51283034	SL4.0ch05_49184407
chr05	51318673	SL4.0ch05_49220623
chr05	51400333	SL4.0ch05_49301603
chr05	51486219	SL4.0ch05_49385948
chr05	51511646	SL4.0ch05_49411363
chr05	51531010	SL4.0ch05_49430765
chr05	51586667	SL4.0ch05_49486472
chr05	51641052	SL4.0ch05_49558240
chr05	51713208	SL4.0ch05_49633982
chr05	51808434	SL4.0ch05_49729093
chr05	51926063	SL4.0ch05_49846755
chr05	52040838	SL4.0ch05_49961629
chr05	52139332	SL4.0ch05_50055605
chr05	52146208	SL4.0ch05_50062483
chr05	52162330	SL4.0ch05_50167911
chr05	52163696	SL4.0ch05_50169276
chr05	52216786	SL4.0ch05_50222394
chr05	52546546	SL4.0ch05_50564099
chr05	52593889	SL4.0ch05_50611939
chr05	52595625	SL4.0ch05_50613675
chr05	52602686	SL4.0ch05_50620649
chr05	52750160	SL4.0ch05_50762661
chr05	52809968	SL4.0ch05_50822241
chr05	52814537	SL4.0ch05_50826864
chr05	52903217	SL4.0ch05_50915389
chr05	52956695	SL4.0ch05_50968862
chr05	53036329	SL4.0ch05_51048098
chr05	53079889	SL4.0ch05_51092227
chr05	53080924	SL4.0ch05_51093262
chr05	53089554	SL4.0ch05_51098652
chr05	53089902	SL4.0ch05_51099000
chr05	53139615	SL4.0ch05_51148749
chr05	53242150	SL4.0ch05_51251093
chr05	53297503	SL4.0ch05_51306414
chr05	53380739	SL4.0ch05_51389741
chr05	53382767	SL4.0ch05_51391767
chr05	53386154	SL4.0ch05_51395154
chr05	53386482	SL4.0ch05_51395483
chr05	53426706	SL4.0ch05_51431011
chr05	53518158	SL4.0ch05_51522945
chr05	53520162	SL4.0ch05_51524946
chr05	53520437	SL4.0ch05_51525221
chr05	53520706	SL4.0ch05_51525490
chr05	53557622	SL4.0ch05_51562211
chr05	53985849	SL4.0ch05_51988197
chr05	54211714	SL4.0ch05_52213530
chr05	54281502	SL4.0ch05_52279823
chr05	54317797	SL4.0ch05_52316049
chr05	54376425	SL4.0ch05_52374588
chr05	54381055	SL4.0ch05_52379183
chr05	54388506	SL4.0ch05_52386614
chr05	54447914	SL4.0ch05_52446100
chr05	54569398	SL4.0ch05_52652871
chr05	54700880	SL4.0ch05_52762955
chr05	54726501	SL4.0ch05_52788532
chr05	54815175	SL4.0ch05_52876891
chr05	54823617	SL4.0ch05_52885264
chr05	54880772	SL4.0ch05_52942356
chr05	55116405	SL4.0ch05_53171002
chr05	55162023	SL4.0ch05_53215369
chr05	55271916	SL4.0ch05_53319488
chr05	55350650	SL4.0ch05_53398408
chr05	55396652	SL4.0ch05_53444394
chr05	55461905	SL4.0ch05_53508772
chr05	55480663	SL4.0ch05_53527563
chr05	55483946	SL4.0ch05_53530844
chr05	55619045	SL4.0ch05_53662238
chr05	55619761	SL4.0ch05_53662997
chr05	55735060	SL4.0ch05_53778187
chr05	55763646	SL4.0ch05_53806733
chr05	55860326	SL4.0ch05_53903321
chr05	55931598	SL4.0ch05_53957517
chr05	56015267	SL4.0ch05_54042578
chr05	56056571	SL4.0ch05_54083874
chr05	56141324	SL4.0ch05_54168799
chr05	56141604	SL4.0ch05_54169079
chr05	56144329	SL4.0ch05_54171805
chr05	56230414	SL4.0ch05_54257628
chr05	56231999	SL4.0ch05_54259213
chr05	56314495	SL4.0ch05_54339821
chr05	56379114	SL4.0ch05_54404312
chr05	56428557	SL4.0ch05_54460672
chr05	56484960	SL4.0ch05_54509961
chr05	56487170	SL4.0ch05_54512170
chr05	56489273	SL4.0ch05_54514273
chr05	56599085	SL4.0ch05_54625539
chr05	56689179	SL4.0ch05_54683546
chr05	56732569	SL4.0ch05_54726565
chr05	56742527	SL4.0ch05_54736506
chr05	56805301	SL4.0ch05_54805874
chr05	56863326	SL4.0ch05_54863918
chr05	57013448	SL4.0ch05_55013297
chr05	57115915	SL4.0ch05_55114921
chr05	57224270	SL4.0ch05_55222865
chr05	57273651	SL4.0ch05_55277484
chr05	57303735	SL4.0ch05_55307581
chr05	57365269	SL4.0ch05_55368987
chr05	57366586	SL4.0ch05_55370304
chr05	57366920	SL4.0ch05_55370638
chr05	57415604	SL4.0ch05_55419372
chr05	57491015	SL4.0ch05_55494596
chr05	57492009	SL4.0ch05_55495590
chr05	57556328	SL4.0ch05_55559781
chr05	57599432	SL4.0ch05_55581253
chr05	57690356	SL4.0ch05_55671874
chr05	57752761	SL4.0ch05_55750864
chr05	57753247	SL4.0ch05_55751350
chr05	57753567	SL4.0ch05_55751670
chr05	57767908	SL4.0ch05_55754067
chr05	57768181	SL4.0ch05_55754340
chr05	57868102	SL4.0ch05_55871399
chr05	57876405	SL4.0ch05_55879652
chr05	57929159	SL4.0ch05_55932370
chr05	57930205	SL4.0ch05_55933416
chr05	57930396	SL4.0ch05_55933607
chr05	57930555	SL4.0ch05_55933766
chr05	58011172	SL4.0ch05_56011308
chr05	58011618	SL4.0ch05_56011754
chr05	58012691	SL4.0ch05_56012827
chr05	58160949	SL4.0ch05_56160682
chr05	58319112	SL4.0ch05_56323351
chr05	58354235	SL4.0ch05_56358507
chr05	58421032	SL4.0ch05_56425379
chr05	58493343	SL4.0ch05_56493830
chr05	58495898	SL4.0ch05_56496386
chr05	58497596	SL4.0ch05_56498084
chr05	58497817	SL4.0ch05_56498305
chr05	58498662	SL4.0ch05_56499150
chr05	58569513	SL4.0ch05_56570540
chr05	58632249	SL4.0ch05_56640068
chr05	58681635	SL4.0ch05_56689518
chr05	58701800	SL4.0ch05_56709709
chr05	58788963	SL4.0ch05_56814527
chr05	58877601	SL4.0ch05_56903195
chr05	58904133	SL4.0ch05_56929614
chr05	58913748	SL4.0ch05_56939231
chr05	58919013	SL4.0ch05_56944495
chr05	58994163	SL4.0ch05_57019666
chr05	59003781	SL4.0ch05_57029268
chr05	59017188	SL4.0ch05_57042302
chr05	59215245	SL4.0ch05_57188451
chr05	59257918	SL4.0ch05_57231140
chr05	59365167	SL4.0ch05_57344958
chr05	59379187	SL4.0ch05_57358565
chr05	59379730	SL4.0ch05_57359108
chr05	59446878	SL4.0ch05_57426283
chr05	59500903	SL4.0ch05_57477003
chr05	59546812	SL4.0ch05_57522840
chr05	59548106	SL4.0ch05_57524134
chr05	59549736	SL4.0ch05_57525765
chr05	59604720	SL4.0ch05_57580880
chr05	59604881	SL4.0ch05_57581041
chr05	59605611	SL4.0ch05_57581771
chr05	59630275	SL4.0ch05_57606452
chr05	59708199	SL4.0ch05_57684202
chr05	59838446	SL4.0ch05_57815667
chr05	59849443	SL4.0ch05_57819729
chr05	59878947	SL4.0ch05_57847932
chr05	59903796	SL4.0ch05_57872745
chr05	59904440	SL4.0ch05_57873384
chr05	59919540	SL4.0ch05_57888478
chr05	59974344	SL4.0ch05_57953103
chr05	59974478	SL4.0ch05_57953237
chr05	60120186	SL4.0ch05_58098363
chr05	60137658	SL4.0ch05_58115876
chr05	60161753	SL4.0ch05_58140010
chr05	60166545	SL4.0ch05_58144804
chr05	60207550	SL4.0ch05_58176411
chr05	60243446	SL4.0ch05_58212147
chr05	60245064	SL4.0ch05_58213765
chr05	60249399	SL4.0ch05_58218101
chr05	60249461	SL4.0ch05_58218163
chr05	60273439	SL4.0ch05_58242174
chr05	60280911	SL4.0ch05_58249647
chr05	60328885	SL4.0ch05_58297528
chr05	60333307	SL4.0ch05_58301951
chr05	60371441	SL4.0ch05_58340084
chr05	60379700	SL4.0ch05_58348426
chr05	60380697	SL4.0ch05_58349421
chr05	60381914	SL4.0ch05_58350638
chr05	60407001	SL4.0ch05_58375704
chr05	60465327	SL4.0ch05_58425923
chr05	60475327	SL4.0ch05_58435952
chr05	60491221	SL4.0ch05_58447373
chr05	60526821	SL4.0ch05_58482934
chr05	60548759	SL4.0ch05_58504829
chr05	60556276	SL4.0ch05_58512281
chr05	60564170	SL4.0ch05_58520176
chr05	60570419	SL4.0ch05_58526449
chr05	60577489	SL4.0ch05_58535371
chr05	60580762	SL4.0ch05_58538685
chr05	60686507	SL4.0ch05_58665281
chr05	60686714	SL4.0ch05_58665488
chr05	60720404	SL4.0ch05_58699174
chr05	60783939	SL4.0ch05_58767130
chr05	60821467	SL4.0ch05_58805438
chr05	60821725	SL4.0ch05_58805696
chr05	60834696	SL4.0ch05_58818701
chr05	60885468	SL4.0ch05_58859597
chr05	60906142	SL4.0ch05_58880368
chr05	60907581	SL4.0ch05_58881815
chr05	60953334	SL4.0ch05_58942835
chr05	60955494	SL4.0ch05_58944969
chr05	60970633	SL4.0ch05_58960455
chr05	60985234	SL4.0ch05_58986254
chr05	61005708	SL4.0ch05_59007674
chr05	61037150	SL4.0ch05_59039051
chr05	61137298	SL4.0ch05_59102960
chr05	61174274	SL4.0ch05_59139954
chr05	61194583	SL4.0ch05_59160363
chr05	61212340	SL4.0ch05_59178175
chr05	61215272	SL4.0ch05_59181111
chr05	61215637	SL4.0ch05_59181473
chr05	61238762	SL4.0ch05_59204675
chr05	61261374	SL4.0ch05_59227286
chr05	61265624	SL4.0ch05_59231541
chr05	61306412	SL4.0ch05_59267791
chr05	61308260	SL4.0ch05_59269644
chr05	61341554	SL4.0ch05_59302915
chr05	61344701	SL4.0ch05_59306066
chr05	61381814	SL4.0ch05_59329598
chr05	61412237	SL4.0ch05_59360016
chr05	61513675	SL4.0ch05_59460332
chr05	61513851	SL4.0ch05_59460508
chr05	61515296	SL4.0ch05_59461953
chr05	61515473	SL4.0ch05_59462130
chr05	61523701	SL4.0ch05_59470313
chr05	61530844	SL4.0ch05_59477513
chr05	61606064	SL4.0ch05_59503175
chr05	61640864	SL4.0ch05_59537994
chr05	61653959	SL4.0ch05_59551095
chr05	61685355	SL4.0ch05_59582853
chr05	61707321	SL4.0ch05_59602282
chr05	61718178	SL4.0ch05_59613055
chr05	61732027	SL4.0ch05_59626953
chr05	61777964	SL4.0ch05_59653996
chr05	61788119	SL4.0ch05_59664139
chr05	61791929	SL4.0ch05_59667929
chr05	61801460	SL4.0ch05_59683338
chr05	61807519	SL4.0ch05_59689396
chr05	61813188	SL4.0ch05_59695313
chr05	61838751	SL4.0ch05_59720970
chr05	61870075	SL4.0ch05_59745934
chr05	61881807	SL4.0ch05_59757671
chr05	61965022	SL4.0ch05_59834726
chr05	62007009	SL4.0ch05_59872062
chr05	62017874	SL4.0ch05_59882878
chr05	62048789	SL4.0ch05_59913865
chr05	62115470	SL4.0ch05_59984814
chr05	62116746	SL4.0ch05_59986099
chr05	62121713	SL4.0ch05_59991062
chr05	62123758	SL4.0ch05_59993107
chr05	62152952	SL4.0ch05_60010037
chr05	62158366	SL4.0ch05_60014891
chr05	62163583	SL4.0ch05_60020110
chr05	62169659	SL4.0ch05_60026189
chr05	62193022	SL4.0ch05_60049539
chr05	62200476	SL4.0ch05_60056903
chr05	62205368	SL4.0ch05_60061766
chr05	62229048	SL4.0ch05_60081671
chr05	62240001	SL4.0ch05_60092594
chr05	62240358	SL4.0ch05_60092951
chr05	62240617	SL4.0ch05_60093209
chr05	62243661	SL4.0ch05_60096231
chr05	62248814	SL4.0ch05_60101380
chr05	62252015	SL4.0ch05_60104775
chr05	62312964	SL4.0ch05_60166303
chr05	62388849	SL4.0ch05_60223824
chr05	62393996	SL4.0ch05_60228975
chr05	62435205	SL4.0ch05_60260266
chr05	62492332	SL4.0ch05_60311955
chr05	62496059	SL4.0ch05_60316192
chr05	62520158	SL4.0ch05_60340232
chr05	62546835	SL4.0ch05_60366538
chr05	62562651	SL4.0ch05_60382927
chr05	62605778	SL4.0ch05_60425376
chr05	62638818	SL4.0ch05_60457391
chr05	62656655	SL4.0ch05_60475269
chr05	62668126	SL4.0ch05_60486739
chr05	62725390	SL4.0ch05_60554381
chr05	62744823	SL4.0ch05_60573809
chr05	62797064	SL4.0ch05_60626020
chr05	62842024	SL4.0ch05_60670806
chr05	62858761	SL4.0ch05_60687502
chr05	62878196	SL4.0ch05_60696334
chr05	62889380	SL4.0ch05_60707490
chr05	62938031	SL4.0ch05_60756076
chr05	62956494	SL4.0ch05_60774533
chr05	63013886	SL4.0ch05_60831935
chr05	63046075	SL4.0ch05_60865406
chr05	63068736	SL4.0ch05_60887887
chr05	63072224	SL4.0ch05_60891369
chr05	63098210	SL4.0ch05_60917083
chr05	63123689	SL4.0ch05_60940282
chr05	63125010	SL4.0ch05_60941602
chr05	63125742	SL4.0ch05_60942334
chr05	63158603	SL4.0ch05_60970119
chr05	63163086	SL4.0ch05_60974637
chr05	63166359	SL4.0ch05_60977910
chr05	63178327	SL4.0ch05_60989821
chr05	63186347	SL4.0ch05_60997966
chr05	63195655	SL4.0ch05_61006285
chr05	63200061	SL4.0ch05_61010684
chr05	63200895	SL4.0ch05_61011518
chr05	63207994	SL4.0ch05_61018554
chr05	63211221	SL4.0ch05_61021780
chr05	63266747	SL4.0ch05_61081004
chr05	63266852	SL4.0ch05_61081109
chr05	63278573	SL4.0ch05_61092837
chr05	63306283	SL4.0ch05_61120582
chr05	63326372	SL4.0ch05_61153575
chr05	63351616	SL4.0ch05_61179955
chr05	63392879	SL4.0ch05_61220882
chr05	63451565	SL4.0ch05_61263434
chr05	63457080	SL4.0ch05_61268900
chr05	63462098	SL4.0ch05_61273897
chr05	63479805	SL4.0ch05_61290981
chr05	63520168	SL4.0ch05_61331085
chr05	63539163	SL4.0ch05_61350771
chr05	63562198	SL4.0ch05_61373144
chr05	63567549	SL4.0ch05_61378498
chr05	63585719	SL4.0ch05_61390887
chr05	63626007	SL4.0ch05_61424364
chr05	63634723	SL4.0ch05_61433096
chr05	63661628	SL4.0ch05_61460192
chr05	63712042	SL4.0ch05_61510881
chr05	63756086	SL4.0ch05_61554726
chr05	63768052	SL4.0ch05_61566675
chr05	63775017	SL4.0ch05_61573708
chr05	63825047	SL4.0ch05_61628103
chr05	63856924	SL4.0ch05_61657999
chr05	63869955	SL4.0ch05_61670988
chr05	63871835	SL4.0ch05_61672863
chr05	63872251	SL4.0ch05_61673295
chr05	63906596	SL4.0ch05_61707985
chr05	63914239	SL4.0ch05_61717595
chr05	63989755	SL4.0ch05_61792631
chr05	63997236	SL4.0ch05_61800142
chr05	64009715	SL4.0ch05_61812541
chr05	64023334	SL4.0ch05_61826088
chr05	64030632	SL4.0ch05_61832170
chr05	64062339	SL4.0ch05_61863873
chr05	64066040	SL4.0ch05_61867558
chr05	64098727	SL4.0ch05_61900108
chr05	64116005	SL4.0ch05_61917315
chr05	64128263	SL4.0ch05_61929664
chr05	64130897	SL4.0ch05_61932312
chr05	64154323	SL4.0ch05_61938727
chr05	64208265	SL4.0ch05_61968874
chr05	64209124	SL4.0ch05_61969733
chr05	64244561	SL4.0ch05_62005279
chr05	64258350	SL4.0ch05_62019120
chr05	64270510	SL4.0ch05_62031384
chr05	64284490	SL4.0ch05_62045350
chr05	64308570	SL4.0ch05_62069450
chr05	64336793	SL4.0ch05_62098923
chr05	64381503	SL4.0ch05_62143688
chr05	64392754	SL4.0ch05_62154953
chr05	64398239	SL4.0ch05_62160435
chr05	64434643	SL4.0ch05_62197080
chr05	64440275	SL4.0ch05_62202738
chr05	64458799	SL4.0ch05_62221340
chr05	64461457	SL4.0ch05_62223973
chr05	64509463	SL4.0ch05_62273290
chr05	64526626	SL4.0ch05_62290654
chr05	64568916	SL4.0ch05_62330110
chr05	64585297	SL4.0ch05_62346388
chr05	64594417	SL4.0ch05_62355517
chr05	64616980	SL4.0ch05_62377602
chr05	64659758	SL4.0ch05_62420367
chr05	64672872	SL4.0ch05_62428365
chr05	64688945	SL4.0ch05_62443909
chr05	64689450	SL4.0ch05_62444414
chr05	64721746	SL4.0ch05_62476982
chr05	64781660	SL4.0ch05_62536868
chr05	64788545	SL4.0ch05_62543757
chr05	64790065	SL4.0ch05_62545269
chr05	64805520	SL4.0ch05_62560907
chr05	64834516	SL4.0ch05_62583609
chr05	64857589	SL4.0ch05_62606743
chr05	64869099	SL4.0ch05_62617764
chr05	64915671	SL4.0ch05_62665738
chr05	64918504	SL4.0ch05_62668571
chr05	64994667	SL4.0ch05_62744847
chr05	65012647	SL4.0ch05_62762892
chr05	65020763	SL4.0ch05_62771004
chr05	65068227	SL4.0ch05_62817934
chr05	65073418	SL4.0ch05_62823169
chr05	65082143	SL4.0ch05_62831871
chr05	65108643	SL4.0ch05_62866368
chr05	65111050	SL4.0ch05_62868788
chr05	65118789	SL4.0ch05_62876533
chr05	65119684	SL4.0ch05_62877429
chr05	65124516	SL4.0ch05_62882341
chr05	65138653	SL4.0ch05_62896560
chr05	65143415	SL4.0ch05_62901312
chr05	65179556	SL4.0ch05_62937772
chr05	65204498	SL4.0ch05_62967179
chr05	65251553	SL4.0ch05_63007245
chr05	65283255	SL4.0ch05_63039210
chr05	65352142	SL4.0ch05_63089888
chr05	65377945	SL4.0ch05_63121108
chr05	65383231	SL4.0ch05_63126338
chr05	65412904	SL4.0ch05_63155934
chr05	65447063	SL4.0ch05_63189729
chr05	65449696	SL4.0ch05_63192360
chr05	65457826	SL4.0ch05_63200543
chr05	65525635	SL4.0ch05_63269574
chr05	65527629	SL4.0ch05_63271569
chr05	65536520	SL4.0ch05_63280314
chr05	65542425	SL4.0ch05_63291455
chr05	65544531	SL4.0ch05_63293595
chr05	65558347	SL4.0ch05_63307438
chr05	65571728	SL4.0ch05_63321087
chr05	65580535	SL4.0ch05_63329885
chr05	65677005	SL4.0ch05_63388111
chr05	65685482	SL4.0ch05_63396566
chr05	65685970	SL4.0ch05_63397054
chr05	65703559	SL4.0ch05_63414676
chr05	65712599	SL4.0ch05_63423742
chr05	65760021	SL4.0ch05_63470310
chr05	65810707	SL4.0ch05_63521013
chr05	65824085	SL4.0ch05_63534375
chr05	65824711	SL4.0ch05_63535001
chr05	65832745	SL4.0ch05_63543133
chr05	65878441	SL4.0ch05_63590626
chr05	65907141	SL4.0ch05_63618982
chr05	65920084	SL4.0ch05_63631930
chr05	65925625	SL4.0ch05_63637462
chr05	65931309	SL4.0ch05_63643149
chr05	65940960	SL4.0ch05_63657625
chr05	65948937	SL4.0ch05_63665592
chr05	65982630	SL4.0ch05_63699278
chr05	65995047	SL4.0ch05_63712697
chr05	66010512	SL4.0ch05_63727962
chr05	66071658	SL4.0ch05_63789093
chr05	66077152	SL4.0ch05_63794582
chr05	66114457	SL4.0ch05_63832055
chr05	66138005	SL4.0ch05_63856393
chr05	66170154	SL4.0ch05_63889293
chr05	66208510	SL4.0ch05_63927660
chr05	66231799	SL4.0ch05_63950417
chr05	66246465	SL4.0ch05_63965046
chr05	66272141	SL4.0ch05_63990879
chr05	66275848	SL4.0ch05_63994562
chr05	66304626	SL4.0ch05_64023374
chr05	66348886	SL4.0ch05_64067600
chr05	66359513	SL4.0ch05_64078330
chr05	66393601	SL4.0ch05_64112313
chr05	66404163	SL4.0ch05_64122875
chr05	66419463	SL4.0ch05_64138182
chr05	66431413	SL4.0ch05_64150106
chr05	66453259	SL4.0ch05_64171918
chr05	66488868	SL4.0ch05_64207502
chr05	66508779	SL4.0ch05_64228510
chr05	66531573	SL4.0ch05_64254668
chr05	66576425	SL4.0ch05_64300852
chr05	66581410	SL4.0ch05_64305918
chr05	66584553	SL4.0ch05_64309077
chr05	66593947	SL4.0ch05_64318470
chr05	66633895	SL4.0ch05_64359062
chr05	66658159	SL4.0ch05_64383004
chr05	66660962	SL4.0ch05_64385806
chr05	66670617	SL4.0ch05_64396916
chr05	66712579	SL4.0ch05_64438722
chr05	66722646	SL4.0ch05_64448839
chr05	66723751	SL4.0ch05_64449935
chr05	66728256	SL4.0ch05_64454317
chr05	66760640	SL4.0ch05_64487338
chr05	66768457	SL4.0ch05_64495092
chr05	66789159	SL4.0ch05_64516039
chr05	66811563	SL4.0ch05_64538678
chr05	66821778	SL4.0ch05_64548906
chr05	66826111	SL4.0ch05_64553238
chr05	66840802	SL4.0ch05_64567935
chr05	66855847	SL4.0ch05_64589267
chr05	66856595	SL4.0ch05_64590015
chr05	66860605	SL4.0ch05_64594002
chr05	66880976	SL4.0ch05_64614764
chr05	66901840	SL4.0ch05_64635650
chr05	66911934	SL4.0ch05_64645734
chr05	66914353	SL4.0ch05_64648153
chr05	66962159	SL4.0ch05_64696050
chr05	66973141	SL4.0ch05_64706754
chr05	66988349	SL4.0ch05_64721950
chr05	67015873	SL4.0ch05_64749526
chr05	67049067	SL4.0ch05_64782935
chr05	67102686	SL4.0ch05_64836667
chr05	67128918	SL4.0ch05_64862894
chr05	67144844	SL4.0ch05_64878824
chr05	67148529	SL4.0ch05_64882516
chr05	67183081	SL4.0ch05_64917107
chr05	67188123	SL4.0ch05_64922142
chr05	67225433	SL4.0ch05_64959354
chr05	67296737	SL4.0ch05_65030610
chr05	67330166	SL4.0ch05_65066405
chr05	67343425	SL4.0ch05_65079621
chr05	67349837	SL4.0ch05_65086031
chr05	67366025	SL4.0ch05_65102190
chr05	67367820	SL4.0ch05_65103972
chr05	67387998	SL4.0ch05_65124415
chr05	67395599	SL4.0ch05_65131996
chr05	67416250	SL4.0ch05_65152730
chr05	67422141	SL4.0ch05_65158623
chr05	67426740	SL4.0ch05_65163226
chr05	67427576	SL4.0ch05_65164062
chr05	67431348	SL4.0ch05_65167816
chr05	67437277	SL4.0ch05_65173894
chr05	67463941	SL4.0ch05_65200385
chr06	563059	SL4.0ch06_29365
chr06	609415	SL4.0ch06_75617
chr06	613977	SL4.0ch06_80177
chr06	614618	SL4.0ch06_80818
chr06	724259	SL4.0ch06_186602
chr06	744861	SL4.0ch06_207192
chr06	751040	SL4.0ch06_213365
chr06	775151	SL4.0ch06_237493
chr06	790275	SL4.0ch06_252657
chr06	797940	SL4.0ch06_260503
chr06	799078	SL4.0ch06_261643
chr06	881562	SL4.0ch06_344228
chr06	888892	SL4.0ch06_351535
chr06	901625	SL4.0ch06_364269
chr06	908987	SL4.0ch06_371629
chr06	918645	SL4.0ch06_383012
chr06	934359	SL4.0ch06_400405
chr06	959975	SL4.0ch06_425986
chr06	982962	SL4.0ch06_448705
chr06	983086	SL4.0ch06_448829
chr06	1014399	SL4.0ch06_480459
chr06	1018238	SL4.0ch06_484340
chr06	1034713	SL4.0ch06_500522
chr06	1068170	SL4.0ch06_530267
chr06	1079258	SL4.0ch06_541372
chr06	1113028	SL4.0ch06_595405
chr06	1123774	SL4.0ch06_606138
chr06	1143844	SL4.0ch06_626016
chr06	1159557	SL4.0ch06_642096
chr06	1201702	SL4.0ch06_650858
chr06	1203044	SL4.0ch06_652200
chr06	1290954	SL4.0ch06_725911
chr06	1334460	SL4.0ch06_769408
chr06	1336250	SL4.0ch06_771192
chr06	1337516	SL4.0ch06_772455
chr06	1337684	SL4.0ch06_772623
chr06	1341663	SL4.0ch06_776595
chr06	1347032	SL4.0ch06_781996
chr06	1366613	SL4.0ch06_801584
chr06	1403819	SL4.0ch06_834818
chr06	1407243	SL4.0ch06_838227
chr06	1452041	SL4.0ch06_883252
chr06	1455017	SL4.0ch06_886244
chr06	1473259	SL4.0ch06_904427
chr06	1485757	SL4.0ch06_916959
chr06	1486960	SL4.0ch06_918162
chr06	1525543	SL4.0ch06_957316
chr06	1590276	SL4.0ch06_1021581
chr06	1597560	SL4.0ch06_1028828
chr06	1638282	SL4.0ch06_1063100
chr06	1725991	SL4.0ch06_1145419
chr06	1728642	SL4.0ch06_1148071
chr06	1728918	SL4.0ch06_1148347
chr06	1771716	SL4.0ch06_1192506
chr06	1811962	SL4.0ch06_1234397
chr06	1825472	SL4.0ch06_1247926
chr06	1830298	SL4.0ch06_1252744
chr06	1859374	SL4.0ch06_1281884
chr06	1898188	SL4.0ch06_1320800
chr06	1918977	SL4.0ch06_1341469
chr06	1922319	SL4.0ch06_1345182
chr06	1927554	SL4.0ch06_1350296
chr06	1929432	SL4.0ch06_1352173
chr06	1931112	SL4.0ch06_1353939
chr06	1931782	SL4.0ch06_1354609
chr06	1953394	SL4.0ch06_1376036
chr06	1959216	SL4.0ch06_1381839
chr06	1975337	SL4.0ch06_1397933
chr06	1987939	SL4.0ch06_1410534
chr06	2047875	SL4.0ch06_1470341
chr06	2049811	SL4.0ch06_1472273
chr06	2086469	SL4.0ch06_1505949
chr06	2100125	SL4.0ch06_1519611
chr06	2120229	SL4.0ch06_1539720
chr06	2133976	SL4.0ch06_1553430
chr06	2193081	SL4.0ch06_1613232
chr06	2197193	SL4.0ch06_1616602
chr06	2222293	SL4.0ch06_1641668
chr06	2259109	SL4.0ch06_1678520
chr06	2294931	SL4.0ch06_1714437
chr06	2303947	SL4.0ch06_1723455
chr06	2352213	SL4.0ch06_1762245
chr06	2354635	SL4.0ch06_1764671
chr06	2372470	SL4.0ch06_1783009
chr06	2404243	SL4.0ch06_1813885
chr06	2468313	SL4.0ch06_1868620
chr06	2472202	SL4.0ch06_1872541
chr06	2485401	SL4.0ch06_1885500
chr06	2506225	SL4.0ch06_1903860
chr06	2506512	SL4.0ch06_1904147
chr06	2506936	SL4.0ch06_1904571
chr06	2507230	SL4.0ch06_1904865
chr06	2508327	SL4.0ch06_1905964
chr06	2519578	SL4.0ch06_1917224
chr06	2531922	SL4.0ch06_1929578
chr06	2547432	SL4.0ch06_1945447
chr06	2571512	SL4.0ch06_1971893
chr06	2612398	SL4.0ch06_2015323
chr06	2627966	SL4.0ch06_2031277
chr06	2645584	SL4.0ch06_2048844
chr06	2647293	SL4.0ch06_2050553
chr06	2653379	SL4.0ch06_2056642
chr06	2679051	SL4.0ch06_2082209
chr06	2689711	SL4.0ch06_2092862
chr06	2689996	SL4.0ch06_2093147
chr06	2710660	SL4.0ch06_2113862
chr06	2710909	SL4.0ch06_2114111
chr06	2710973	SL4.0ch06_2114175
chr06	2711078	SL4.0ch06_2114280
chr06	2873514	SL4.0ch06_2205896
chr06	2893852	SL4.0ch06_2226192
chr06	2897866	SL4.0ch06_2230194
chr06	2918898	SL4.0ch06_2251136
chr06	3016732	SL4.0ch06_2352936
chr06	3034253	SL4.0ch06_2370484
chr06	3065447	SL4.0ch06_2401589
chr06	3071581	SL4.0ch06_2407730
chr06	3073578	SL4.0ch06_2409738
chr06	3142901	SL4.0ch06_2479359
chr06	3185142	SL4.0ch06_2516757
chr06	3192692	SL4.0ch06_2524291
chr06	3283251	SL4.0ch06_2621795
chr06	3298909	SL4.0ch06_2637449
chr06	3300307	SL4.0ch06_2638847
chr06	3300385	SL4.0ch06_2638925
chr06	3302576	SL4.0ch06_2641116
chr06	3304329	SL4.0ch06_2642869
chr06	3305439	SL4.0ch06_2643979
chr06	3315244	SL4.0ch06_2653771
chr06	3395978	SL4.0ch06_2730637
chr06	3435436	SL4.0ch06_2769988
chr06	3461882	SL4.0ch06_2794723
chr06	3474123	SL4.0ch06_2806978
chr06	3493951	SL4.0ch06_2828779
chr06	3503219	SL4.0ch06_2838042
chr06	3540334	SL4.0ch06_2874770
chr06	3540611	SL4.0ch06_2875047
chr06	3555646	SL4.0ch06_2890078
chr06	3558549	SL4.0ch06_2892983
chr06	3585522	SL4.0ch06_2919947
chr06	3597314	SL4.0ch06_2931651
chr06	3635233	SL4.0ch06_2969531
chr06	3645853	SL4.0ch06_2980198
chr06	3685008	SL4.0ch06_3019443
chr06	3685246	SL4.0ch06_3019681
chr06	3725847	SL4.0ch06_3060633
chr06	3756389	SL4.0ch06_3088599
chr06	3802490	SL4.0ch06_3133383
chr06	3803925	SL4.0ch06_3134817
chr06	3825417	SL4.0ch06_3156396
chr06	3829428	SL4.0ch06_3160408
chr06	3837807	SL4.0ch06_3170795
chr06	3844589	SL4.0ch06_3177563
chr06	3850701	SL4.0ch06_3183673
chr06	3883457	SL4.0ch06_3214612
chr06	3898737	SL4.0ch06_3229836
chr06	3905000	SL4.0ch06_3236102
chr06	3906073	SL4.0ch06_3237175
chr06	3908055	SL4.0ch06_3239148
chr06	3925658	SL4.0ch06_3256739
chr06	3980708	SL4.0ch06_3320556
chr06	4241900	SL4.0ch06_3363761
chr06	4242335	SL4.0ch06_3364196
chr06	4316170	SL4.0ch06_3439913
chr06	4375275	SL4.0ch06_3494512
chr06	4376927	SL4.0ch06_3496164
chr06	4383981	SL4.0ch06_3503255
chr06	4386239	SL4.0ch06_3505513
chr06	4443123	SL4.0ch06_3562383
chr06	4454028	SL4.0ch06_3574806
chr06	4454852	SL4.0ch06_3575630
chr06	4457838	SL4.0ch06_3578616
chr06	4460434	SL4.0ch06_3581212
chr06	4462488	SL4.0ch06_3583267
chr06	4475746	SL4.0ch06_3596509
chr06	4480514	SL4.0ch06_3601273
chr06	4493816	SL4.0ch06_3614546
chr06	4495084	SL4.0ch06_3615814
chr06	4505056	SL4.0ch06_3625790
chr06	4571480	SL4.0ch06_3692280
chr06	4601273	SL4.0ch06_3721967
chr06	4602884	SL4.0ch06_3723558
chr06	4610600	SL4.0ch06_3758330
chr06	4653114	SL4.0ch06_3800664
chr06	4676193	SL4.0ch06_3823744
chr06	4740711	SL4.0ch06_3888233
chr06	4800514	SL4.0ch06_3948028
chr06	4808968	SL4.0ch06_3956501
chr06	4859769	SL4.0ch06_4007239
chr06	4874030	SL4.0ch06_4021498
chr06	4921215	SL4.0ch06_4068633
chr06	4976895	SL4.0ch06_4124298
chr06	5013051	SL4.0ch06_4162856
chr06	5087686	SL4.0ch06_4237261
chr06	5093973	SL4.0ch06_4243548
chr06	5106018	SL4.0ch06_4255628
chr06	5120213	SL4.0ch06_4269804
chr06	5171780	SL4.0ch06_4321314
chr06	5203796	SL4.0ch06_4353324
chr06	5321289	SL4.0ch06_4470859
chr06	5339855	SL4.0ch06_4489416
chr06	5385660	SL4.0ch06_4533580
chr06	5411653	SL4.0ch06_4559607
chr06	5453109	SL4.0ch06_4595097
chr06	5475066	SL4.0ch06_4617142
chr06	5564314	SL4.0ch06_4706397
chr06	5564425	SL4.0ch06_4706508
chr06	5564792	SL4.0ch06_4706875
chr06	5564958	SL4.0ch06_4707041
chr06	5584500	SL4.0ch06_4726809
chr06	5591201	SL4.0ch06_4733833
chr06	5592544	SL4.0ch06_4735176
chr06	5603609	SL4.0ch06_4746244
chr06	5625340	SL4.0ch06_4767887
chr06	5660155	SL4.0ch06_4802544
chr06	5696116	SL4.0ch06_4838586
chr06	5707770	SL4.0ch06_4850206
chr06	5779214	SL4.0ch06_4922726
chr06	5793404	SL4.0ch06_4936916
chr06	5793858	SL4.0ch06_4937370
chr06	5794485	SL4.0ch06_4937997
chr06	5795076	SL4.0ch06_4938588
chr06	5811959	SL4.0ch06_4955457
chr06	5891291	SL4.0ch06_5034770
chr06	5896199	SL4.0ch06_5039678
chr06	5955202	SL4.0ch06_5091459
chr06	5956821	SL4.0ch06_5093078
chr06	5959894	SL4.0ch06_5096151
chr06	5976930	SL4.0ch06_5113188
chr06	5980602	SL4.0ch06_5116860
chr06	5985239	SL4.0ch06_5121496
chr06	5985439	SL4.0ch06_5121696
chr06	6002813	SL4.0ch06_5139021
chr06	6030182	SL4.0ch06_5158594
chr06	6030657	SL4.0ch06_5159066
chr06	6031886	SL4.0ch06_5160295
chr06	6034500	SL4.0ch06_5162902
chr06	6119997	SL4.0ch06_5262270
chr06	6148897	SL4.0ch06_5291128
chr06	6182457	SL4.0ch06_5324673
chr06	6200953	SL4.0ch06_5343162
chr06	6205833	SL4.0ch06_5348045
chr06	6253609	SL4.0ch06_5395731
chr06	6298745	SL4.0ch06_5440798
chr06	6310144	SL4.0ch06_5452123
chr06	6314135	SL4.0ch06_5456114
chr06	6360088	SL4.0ch06_5490700
chr06	6387986	SL4.0ch06_5518574
chr06	6396510	SL4.0ch06_5527103
chr06	6439239	SL4.0ch06_5574126
chr06	6456117	SL4.0ch06_5591007
chr06	6485097	SL4.0ch06_5619884
chr06	6518282	SL4.0ch06_5653058
chr06	6536978	SL4.0ch06_5671761
chr06	6642056	SL4.0ch06_5769874
chr06	6718018	SL4.0ch06_5845797
chr06	6795588	SL4.0ch06_5923276
chr06	6798640	SL4.0ch06_5926390
chr06	6825290	SL4.0ch06_5953030
chr06	6850681	SL4.0ch06_5978564
chr06	6880232	SL4.0ch06_6008113
chr06	6925795	SL4.0ch06_6053641
chr06	6937043	SL4.0ch06_6064893
chr06	6946946	SL4.0ch06_6074807
chr06	6981153	SL4.0ch06_6129277
chr06	7004285	SL4.0ch06_6148012
chr06	7006277	SL4.0ch06_6150004
chr06	7014010	SL4.0ch06_6157732
chr06	7026956	SL4.0ch06_6170678
chr06	7039773	SL4.0ch06_6183517
chr06	7155125	SL4.0ch06_6298902
chr06	7163836	SL4.0ch06_6307631
chr06	7204903	SL4.0ch06_6347170
chr06	7224785	SL4.0ch06_6367011
chr06	7261171	SL4.0ch06_6403293
chr06	7277959	SL4.0ch06_6420092
chr06	7315998	SL4.0ch06_6458146
chr06	7319781	SL4.0ch06_6461985
chr06	7349461	SL4.0ch06_6491652
chr06	7354806	SL4.0ch06_6496994
chr06	7365586	SL4.0ch06_6507767
chr06	7366871	SL4.0ch06_6509052
chr06	7389736	SL4.0ch06_6531916
chr06	7504329	SL4.0ch06_6630660
chr06	7591147	SL4.0ch06_6709034
chr06	7619365	SL4.0ch06_6740584
chr06	7640861	SL4.0ch06_6762060
chr06	7669718	SL4.0ch06_6790910
chr06	7680057	SL4.0ch06_6801218
chr06	7703971	SL4.0ch06_6825678
chr06	7717271	SL4.0ch06_6838978
chr06	7744943	SL4.0ch06_6866345
chr06	7762332	SL4.0ch06_6883731
chr06	7826125	SL4.0ch06_6947385
chr06	7842405	SL4.0ch06_6963679
chr06	7849201	SL4.0ch06_6970466
chr06	7869723	SL4.0ch06_6990979
chr06	7900746	SL4.0ch06_6999893
chr06	7947381	SL4.0ch06_7046529
chr06	7988387	SL4.0ch06_7087490
chr06	8009407	SL4.0ch06_7108529
chr06	8030553	SL4.0ch06_7129489
chr06	8056583	SL4.0ch06_7155479
chr06	8066600	SL4.0ch06_7165495
chr06	8152887	SL4.0ch06_7251731
chr06	8217958	SL4.0ch06_7325074
chr06	8230345	SL4.0ch06_7337460
chr06	8231508	SL4.0ch06_7338623
chr06	8299644	SL4.0ch06_7406716
chr06	8341016	SL4.0ch06_7448056
chr06	8359221	SL4.0ch06_7466261
chr06	8366590	SL4.0ch06_7473631
chr06	8375882	SL4.0ch06_7482876
chr06	8379112	SL4.0ch06_7486117
chr06	8380897	SL4.0ch06_7487901
chr06	8414018	SL4.0ch06_7521006
chr06	8464962	SL4.0ch06_7571858
chr06	8474974	SL4.0ch06_7581873
chr06	8530045	SL4.0ch06_7656596
chr06	8556496	SL4.0ch06_7683041
chr06	8570919	SL4.0ch06_7697477
chr06	8657985	SL4.0ch06_7767121
chr06	8672678	SL4.0ch06_7781858
chr06	8713674	SL4.0ch06_7822759
chr06	8714117	SL4.0ch06_7823202
chr06	8754466	SL4.0ch06_7863586
chr06	8788934	SL4.0ch06_7898039
chr06	8796211	SL4.0ch06_7905331
chr06	8807163	SL4.0ch06_7916284
chr06	8809242	SL4.0ch06_7918363
chr06	8814361	SL4.0ch06_7923482
chr06	8822417	SL4.0ch06_7931537
chr06	8832356	SL4.0ch06_7941477
chr06	8837485	SL4.0ch06_7946605
chr06	8845392	SL4.0ch06_7954490
chr06	8863491	SL4.0ch06_7972666
chr06	8913512	SL4.0ch06_8023647
chr06	8915509	SL4.0ch06_8025644
chr06	8942906	SL4.0ch06_8053513
chr06	8958472	SL4.0ch06_8069088
chr06	8984508	SL4.0ch06_8095128
chr06	9026410	SL4.0ch06_8137024
chr06	9052633	SL4.0ch06_8163113
chr06	9057982	SL4.0ch06_8168461
chr06	9098441	SL4.0ch06_8208941
chr06	9161229	SL4.0ch06_8271754
chr06	9196898	SL4.0ch06_8307525
chr06	9199478	SL4.0ch06_8310122
chr06	9224207	SL4.0ch06_8334795
chr06	9265068	SL4.0ch06_8375673
chr06	9283407	SL4.0ch06_8394017
chr06	9347571	SL4.0ch06_8458167
chr06	9402480	SL4.0ch06_8513108
chr06	9526611	SL4.0ch06_8622391
chr06	10823447	SL4.0ch06_8655241
chr06	10850625	SL4.0ch06_8678926
chr06	10857382	SL4.0ch06_8685683
chr06	10862627	SL4.0ch06_8690930
chr06	10869028	SL4.0ch06_8697330
chr06	10869672	SL4.0ch06_8697974
chr06	10873160	SL4.0ch06_8701464
chr06	10874530	SL4.0ch06_8702835
chr06	10891606	SL4.0ch06_8979401
chr06	10954844	SL4.0ch06_8944232
chr06	10988814	SL4.0ch06_8910285
chr06	10997275	SL4.0ch06_8901824
chr06	11038707	SL4.0ch06_8860302
chr06	11068035	SL4.0ch06_8830912
chr06	11068954	SL4.0ch06_8829993
chr06	11102696	SL4.0ch06_8801017
chr06	11113234	SL4.0ch06_8790512
chr06	11140039	SL4.0ch06_8763762
chr06	11165177	SL4.0ch06_8738600
chr06	11185559	SL4.0ch06_9015683
chr06	11185631	SL4.0ch06_9015755
chr06	11239128	SL4.0ch06_9069262
chr06	11244538	SL4.0ch06_9074669
chr06	11271237	SL4.0ch06_9101378
chr06	11298716	SL4.0ch06_9128861
chr06	11309137	SL4.0ch06_9139271
chr06	11332493	SL4.0ch06_9162631
chr06	11342261	SL4.0ch06_9172397
chr06	11344234	SL4.0ch06_9174373
chr06	11346571	SL4.0ch06_9176710
chr06	11350603	SL4.0ch06_9180741
chr06	11371650	SL4.0ch06_9195743
chr06	11378671	SL4.0ch06_9202763
chr06	11411197	SL4.0ch06_9235290
chr06	11418384	SL4.0ch06_9242475
chr06	11453106	SL4.0ch06_9276737
chr06	11590902	SL4.0ch06_9414564
chr06	11600307	SL4.0ch06_9423969
chr06	11603488	SL4.0ch06_9427149
chr06	11627518	SL4.0ch06_9451176
chr06	11641154	SL4.0ch06_9464793
chr06	11691104	SL4.0ch06_9514644
chr06	11713050	SL4.0ch06_9536555
chr06	11724975	SL4.0ch06_9548366
chr06	11727259	SL4.0ch06_9550584
chr06	11729140	SL4.0ch06_9552465
chr06	11738361	SL4.0ch06_9561685
chr06	11758909	SL4.0ch06_9582234
chr06	11856164	SL4.0ch06_9679031
chr06	11899132	SL4.0ch06_9715691
chr06	11915753	SL4.0ch06_9732342
chr06	11924434	SL4.0ch06_9741036
chr06	12068017	SL4.0ch06_9856493
chr06	12077704	SL4.0ch06_9866199
chr06	12125762	SL4.0ch06_9914500
chr06	12143774	SL4.0ch06_9932236
chr06	12146142	SL4.0ch06_9934603
chr06	12153249	SL4.0ch06_9941712
chr06	12155308	SL4.0ch06_9943770
chr06	12174924	SL4.0ch06_9963373
chr06	12208650	SL4.0ch06_9997093
chr06	12219832	SL4.0ch06_10008263
chr06	12232225	SL4.0ch06_10020861
chr06	12235664	SL4.0ch06_10024298
chr06	12236012	SL4.0ch06_10024646
chr06	12255817	SL4.0ch06_10044420
chr06	12263090	SL4.0ch06_10051678
chr06	12267368	SL4.0ch06_10055956
chr06	12275884	SL4.0ch06_10064470
chr06	12320464	SL4.0ch06_10113924
chr06	13660772	SL4.0ch06_10421279
chr06	13679592	SL4.0ch06_10405356
chr06	13873775	SL4.0ch06_10225487
chr06	13891201	SL4.0ch06_10208059
chr06	13938046	SL4.0ch06_10161224
chr06	13946138	SL4.0ch06_10153136
chr06	13955112	SL4.0ch06_10144163
chr06	13959583	SL4.0ch06_10139693
chr06	13967446	SL4.0ch06_10131817
chr06	14768976	SL4.0ch06_10469708
chr06	14813933	SL4.0ch06_10517975
chr06	14819632	SL4.0ch06_10523675
chr06	14823888	SL4.0ch06_10527932
chr06	14830201	SL4.0ch06_10534987
chr06	14838012	SL4.0ch06_10542796
chr06	14851658	SL4.0ch06_10556439
chr06	14852023	SL4.0ch06_10556804
chr06	14862417	SL4.0ch06_10567198
chr06	14866412	SL4.0ch06_10571192
chr06	14894888	SL4.0ch06_10602715
chr06	14897738	SL4.0ch06_10605565
chr06	14904714	SL4.0ch06_10612536
chr06	14958966	SL4.0ch06_10669001
chr06	15006629	SL4.0ch06_10716609
chr06	15014269	SL4.0ch06_10724248
chr06	15047196	SL4.0ch06_10757578
chr06	15143089	SL4.0ch06_10815017
chr06	15213338	SL4.0ch06_10824291
chr06	15242707	SL4.0ch06_10848847
chr06	15314920	SL4.0ch06_10926300
chr06	15318305	SL4.0ch06_10929684
chr06	15400750	SL4.0ch06_11012155
chr06	15425516	SL4.0ch06_11088671
chr06	15438132	SL4.0ch06_11101294
chr06	15444229	SL4.0ch06_11107390
chr06	15449389	SL4.0ch06_11112550
chr06	15474533	SL4.0ch06_11137702
chr06	15478644	SL4.0ch06_11141816
chr06	15494866	SL4.0ch06_11158007
chr06	15537779	SL4.0ch06_11200902
chr06	15538549	SL4.0ch06_11201672
chr06	15551136	SL4.0ch06_11214211
chr06	15616082	SL4.0ch06_11286458
chr06	15642703	SL4.0ch06_11313087
chr06	15707591	SL4.0ch06_11371010
chr06	15762120	SL4.0ch06_11425529
chr06	15774515	SL4.0ch06_11437767
chr06	15891598	SL4.0ch06_11538553
chr06	15900000	SL4.0ch06_11546923
chr06	15904453	SL4.0ch06_11551392
chr06	15905954	SL4.0ch06_11552893
chr06	15923845	SL4.0ch06_11570780
chr06	16007036	SL4.0ch06_11653938
chr06	16108947	SL4.0ch06_11755905
chr06	16203115	SL4.0ch06_11850211
chr06	16281479	SL4.0ch06_11928785
chr06	16310460	SL4.0ch06_11957766
chr06	16336181	SL4.0ch06_11983449
chr06	16338774	SL4.0ch06_11986054
chr06	16363894	SL4.0ch06_12011257
chr06	16551913	SL4.0ch06_12138947
chr06	16789425	SL4.0ch06_12297912
chr06	16892273	SL4.0ch06_12414457
chr06	17025165	SL4.0ch06_12547160
chr06	17059215	SL4.0ch06_12592992
chr06	17066784	SL4.0ch06_12600530
chr06	17068178	SL4.0ch06_12601924
chr06	17081378	SL4.0ch06_12621647
chr06	17087870	SL4.0ch06_12628137
chr06	17094239	SL4.0ch06_12634504
chr06	17103197	SL4.0ch06_12643457
chr06	17121449	SL4.0ch06_12661674
chr06	17138863	SL4.0ch06_12679101
chr06	17164052	SL4.0ch06_12704254
chr06	17207935	SL4.0ch06_12740572
chr06	17276830	SL4.0ch06_12808698
chr06	17318898	SL4.0ch06_12850731
chr06	17324930	SL4.0ch06_12856770
chr06	17403833	SL4.0ch06_12940849
chr06	17417000	SL4.0ch06_12953989
chr06	17449285	SL4.0ch06_12986259
chr06	17518752	SL4.0ch06_13055975
chr06	17541258	SL4.0ch06_13078444
chr06	17573605	SL4.0ch06_13110760
chr06	17647810	SL4.0ch06_13183750
chr06	17678204	SL4.0ch06_13214237
chr06	17698337	SL4.0ch06_13234465
chr06	17706968	SL4.0ch06_13243140
chr06	17738366	SL4.0ch06_13274500
chr06	17784690	SL4.0ch06_13320770
chr06	17794089	SL4.0ch06_13330151
chr06	17847184	SL4.0ch06_13383283
chr06	17912633	SL4.0ch06_13408855
chr06	17922531	SL4.0ch06_13418742
chr06	17946507	SL4.0ch06_13442724
chr06	17952664	SL4.0ch06_13448878
chr06	17956472	SL4.0ch06_13452679
chr06	17963753	SL4.0ch06_13460870
chr06	17965761	SL4.0ch06_13462880
chr06	17980658	SL4.0ch06_13477782
chr06	17989772	SL4.0ch06_13486779
chr06	17997790	SL4.0ch06_13494782
chr06	18002366	SL4.0ch06_13499356
chr06	18003619	SL4.0ch06_13500610
chr06	18004425	SL4.0ch06_13501416
chr06	18011868	SL4.0ch06_13508875
chr06	18013484	SL4.0ch06_13510500
chr06	18014714	SL4.0ch06_13511732
chr06	18016162	SL4.0ch06_13513180
chr06	18017341	SL4.0ch06_13514358
chr06	18043001	SL4.0ch06_13540001
chr06	18116043	SL4.0ch06_13612337
chr06	18138882	SL4.0ch06_13635165
chr06	18150526	SL4.0ch06_13646798
chr06	18173986	SL4.0ch06_13670205
chr06	18236327	SL4.0ch06_13732543
chr06	18254332	SL4.0ch06_13750535
chr06	18295141	SL4.0ch06_13786491
chr06	18296049	SL4.0ch06_13787398
chr06	18310894	SL4.0ch06_13802210
chr06	18338685	SL4.0ch06_13829976
chr06	18348404	SL4.0ch06_13839703
chr06	18382684	SL4.0ch06_13879741
chr06	18409902	SL4.0ch06_13906928
chr06	18459961	SL4.0ch06_13956973
chr06	18517601	SL4.0ch06_14014407
chr06	18560977	SL4.0ch06_14051709
chr06	18574175	SL4.0ch06_14064856
chr06	18602035	SL4.0ch06_14092698
chr06	18660336	SL4.0ch06_14151004
chr06	18696556	SL4.0ch06_14187222
chr06	18722119	SL4.0ch06_14212788
chr06	18724137	SL4.0ch06_14214813
chr06	18728842	SL4.0ch06_14219512
chr06	18738774	SL4.0ch06_14229800
chr06	18750267	SL4.0ch06_14241261
chr06	18767571	SL4.0ch06_14258597
chr06	18819608	SL4.0ch06_14317454
chr06	18821999	SL4.0ch06_14319830
chr06	18847579	SL4.0ch06_14388431
chr06	18855165	SL4.0ch06_14396017
chr06	18871184	SL4.0ch06_14411945
chr06	18914164	SL4.0ch06_14454505
chr06	18929384	SL4.0ch06_14477211
chr06	18981828	SL4.0ch06_14528006
chr06	19017806	SL4.0ch06_14563982
chr06	19027997	SL4.0ch06_14574157
chr06	19042824	SL4.0ch06_14589000
chr06	19140157	SL4.0ch06_14717329
chr06	19156975	SL4.0ch06_14734213
chr06	19210453	SL4.0ch06_14775770
chr06	19227722	SL4.0ch06_14793128
chr06	19234066	SL4.0ch06_14799461
chr06	19236448	SL4.0ch06_14801856
chr06	19248618	SL4.0ch06_14814464
chr06	19249587	SL4.0ch06_14815432
chr06	19265689	SL4.0ch06_14831658
chr06	19280445	SL4.0ch06_14846365
chr06	19372064	SL4.0ch06_14936629
chr06	19384640	SL4.0ch06_14949207
chr06	19384966	SL4.0ch06_14949533
chr06	19391979	SL4.0ch06_14956561
chr06	19418049	SL4.0ch06_14982585
chr06	19607263	SL4.0ch06_15012482
chr06	19608914	SL4.0ch06_15014133
chr06	19610894	SL4.0ch06_15016112
chr06	19615342	SL4.0ch06_15020539
chr06	19621131	SL4.0ch06_15026335
chr06	19626432	SL4.0ch06_15031636
chr06	19632266	SL4.0ch06_15037449
chr06	19643190	SL4.0ch06_15048236
chr06	19727087	SL4.0ch06_15131091
chr06	19737195	SL4.0ch06_15143626
chr06	19758713	SL4.0ch06_15165168
chr06	19771011	SL4.0ch06_15177357
chr06	19799122	SL4.0ch06_15205403
chr06	19799867	SL4.0ch06_15206148
chr06	19814928	SL4.0ch06_15218779
chr06	19833041	SL4.0ch06_15236930
chr06	19932188	SL4.0ch06_15336400
chr06	19977378	SL4.0ch06_15374111
chr06	20218571	SL4.0ch06_15468440
chr06	20225359	SL4.0ch06_15475226
chr06	20293356	SL4.0ch06_15540427
chr06	20441253	SL4.0ch06_15680095
chr06	20468318	SL4.0ch06_15707127
chr06	20471190	SL4.0ch06_15710001
chr06	20495037	SL4.0ch06_15733573
chr06	20499285	SL4.0ch06_15737820
chr06	20519606	SL4.0ch06_15757955
chr06	20520506	SL4.0ch06_15758855
chr06	20523805	SL4.0ch06_15762042
chr06	20525225	SL4.0ch06_15763474
chr06	20546781	SL4.0ch06_15785047
chr06	20548705	SL4.0ch06_15786964
chr06	20552047	SL4.0ch06_15790268
chr06	20598744	SL4.0ch06_15836898
chr06	20608395	SL4.0ch06_15846555
chr06	20609830	SL4.0ch06_15847990
chr06	20652218	SL4.0ch06_15890389
chr06	20662327	SL4.0ch06_15900343
chr06	20689860	SL4.0ch06_15935395
chr06	20787030	SL4.0ch06_16000650
chr06	20791547	SL4.0ch06_16005173
chr06	20858683	SL4.0ch06_16072223
chr06	20902140	SL4.0ch06_16132695
chr06	20904119	SL4.0ch06_16134674
chr06	20907416	SL4.0ch06_16137970
chr06	20932108	SL4.0ch06_16162555
chr06	21009608	SL4.0ch06_16240235
chr06	21028950	SL4.0ch06_16259585
chr06	21032519	SL4.0ch06_16263153
chr06	21074981	SL4.0ch06_16305616
chr06	21092006	SL4.0ch06_16323214
chr06	21092228	SL4.0ch06_16323440
chr06	21135116	SL4.0ch06_16366214
chr06	21137615	SL4.0ch06_16368713
chr06	21286140	SL4.0ch06_16568286
chr06	21295967	SL4.0ch06_16578116
chr06	21313105	SL4.0ch06_16595244
chr06	21313581	SL4.0ch06_16595720
chr06	21314169	SL4.0ch06_16596308
chr06	21314510	SL4.0ch06_16596649
chr06	21394722	SL4.0ch06_16675045
chr06	21408254	SL4.0ch06_16688605
chr06	21413425	SL4.0ch06_16693774
chr06	21418000	SL4.0ch06_16698313
chr06	21448940	SL4.0ch06_16729245
chr06	21449174	SL4.0ch06_16729479
chr06	21537608	SL4.0ch06_16817779
chr06	21554674	SL4.0ch06_16841796
chr06	21555263	SL4.0ch06_16842385
chr06	21569368	SL4.0ch06_16856486
chr06	21726561	SL4.0ch06_17019762
chr06	21773621	SL4.0ch06_17066820
chr06	21779201	SL4.0ch06_17072399
chr06	21817756	SL4.0ch06_17110942
chr06	21819519	SL4.0ch06_17112706
chr06	21820551	SL4.0ch06_17113738
chr06	21848449	SL4.0ch06_17141636
chr06	21855045	SL4.0ch06_17147160
chr06	21868093	SL4.0ch06_17160210
chr06	21870413	SL4.0ch06_17162530
chr06	21890568	SL4.0ch06_17182667
chr06	21930183	SL4.0ch06_17222384
chr06	21979953	SL4.0ch06_17272215
chr06	22048762	SL4.0ch06_17334604
chr06	22087175	SL4.0ch06_17382580
chr06	22090919	SL4.0ch06_17386322
chr06	22096262	SL4.0ch06_17391667
chr06	22102460	SL4.0ch06_17397859
chr06	22121232	SL4.0ch06_17416798
chr06	22145242	SL4.0ch06_17443633
chr06	22146905	SL4.0ch06_17441973
chr06	22161392	SL4.0ch06_17427544
chr06	22163646	SL4.0ch06_17458258
chr06	22255938	SL4.0ch06_17557783
chr06	22324014	SL4.0ch06_17625738
chr06	22336191	SL4.0ch06_17637869
chr06	22337922	SL4.0ch06_17639583
chr06	22359979	SL4.0ch06_17658123
chr06	22396372	SL4.0ch06_17694520
chr06	22416701	SL4.0ch06_17714794
chr06	22521879	SL4.0ch06_17819987
chr06	22551933	SL4.0ch06_19167687
chr06	22567361	SL4.0ch06_19152271
chr06	22664862	SL4.0ch06_19054831
chr06	22696722	SL4.0ch06_19032294
chr06	22709451	SL4.0ch06_19019560
chr06	22747433	SL4.0ch06_18981577
chr06	22777932	SL4.0ch06_18951426
chr06	22783178	SL4.0ch06_18946293
chr06	22790400	SL4.0ch06_18939054
chr06	22812566	SL4.0ch06_18916931
chr06	22840102	SL4.0ch06_18889406
chr06	22863156	SL4.0ch06_18866466
chr06	22864037	SL4.0ch06_18865585
chr06	22876348	SL4.0ch06_18853281
chr06	22972842	SL4.0ch06_18756755
chr06	23022547	SL4.0ch06_18709252
chr06	23047609	SL4.0ch06_18684337
chr06	23079002	SL4.0ch06_18653017
chr06	23090910	SL4.0ch06_18641086
chr06	23148761	SL4.0ch06_18583221
chr06	23162566	SL4.0ch06_18569421
chr06	23172706	SL4.0ch06_18559337
chr06	23187318	SL4.0ch06_18544759
chr06	23187383	SL4.0ch06_18544694
chr06	23187704	SL4.0ch06_18544373
chr06	23188298	SL4.0ch06_18543795
chr06	23201128	SL4.0ch06_18530979
chr06	23291157	SL4.0ch06_18442415
chr06	23340557	SL4.0ch06_18391164
chr06	23353174	SL4.0ch06_18378536
chr06	23379458	SL4.0ch06_18352246
chr06	23380939	SL4.0ch06_18350765
chr06	23400055	SL4.0ch06_18331380
chr06	23426946	SL4.0ch06_18304659
chr06	23741393	SL4.0ch06_18083520
chr06	23792890	SL4.0ch06_18032058
chr06	23793490	SL4.0ch06_18031458
chr06	23796764	SL4.0ch06_18028184
chr06	23833228	SL4.0ch06_17991718
chr06	23839328	SL4.0ch06_17985618
chr06	23863684	SL4.0ch06_17961259
chr06	24001681	SL4.0ch06_17893824
chr06	24006524	SL4.0ch06_17888985
chr06	24075622	SL4.0ch06_19258627
chr06	24077117	SL4.0ch06_19260119
chr06	24081783	SL4.0ch06_19264782
chr06	24082302	SL4.0ch06_19265300
chr06	24161208	SL4.0ch06_19344279
chr06	24273863	SL4.0ch06_19456938
chr06	24286096	SL4.0ch06_19469159
chr06	24286641	SL4.0ch06_19469704
chr06	24298217	SL4.0ch06_19487810
chr06	24318308	SL4.0ch06_19507892
chr06	24347952	SL4.0ch06_19537498
chr06	24352141	SL4.0ch06_19541688
chr06	24380138	SL4.0ch06_19569620
chr06	24425251	SL4.0ch06_19618267
chr06	24495850	SL4.0ch06_19682031
chr06	24509318	SL4.0ch06_19695560
chr06	24522770	SL4.0ch06_19709031
chr06	24565620	SL4.0ch06_19751891
chr06	24567933	SL4.0ch06_19754204
chr06	24590171	SL4.0ch06_19776439
chr06	24601018	SL4.0ch06_19787305
chr06	24620043	SL4.0ch06_19806323
chr06	24640841	SL4.0ch06_19827128
chr06	24646874	SL4.0ch06_19833161
chr06	24700529	SL4.0ch06_19868654
chr06	24773142	SL4.0ch06_19941270
chr06	24797026	SL4.0ch06_19965181
chr06	24799339	SL4.0ch06_19967492
chr06	24811637	SL4.0ch06_19979729
chr06	24822751	SL4.0ch06_19990842
chr06	24826737	SL4.0ch06_19994840
chr06	24827285	SL4.0ch06_19995388
chr06	24864802	SL4.0ch06_20025933
chr06	24874672	SL4.0ch06_20035866
chr06	24877125	SL4.0ch06_20038308
chr06	24906782	SL4.0ch06_20067873
chr06	24914710	SL4.0ch06_20075800
chr06	24940595	SL4.0ch06_20101459
chr06	24958617	SL4.0ch06_20119479
chr06	24970386	SL4.0ch06_20131247
chr06	25006241	SL4.0ch06_20167139
chr06	25014437	SL4.0ch06_20175336
chr06	25014715	SL4.0ch06_20175614
chr06	25020353	SL4.0ch06_20181251
chr06	25022527	SL4.0ch06_20183426
chr06	25039628	SL4.0ch06_20200533
chr06	25054807	SL4.0ch06_20215720
chr06	25078934	SL4.0ch06_20239666
chr06	25142090	SL4.0ch06_20302844
chr06	25174878	SL4.0ch06_20335521
chr06	25175864	SL4.0ch06_20336507
chr06	25191803	SL4.0ch06_20352391
chr06	25248308	SL4.0ch06_20408929
chr06	25297442	SL4.0ch06_20458100
chr06	25330671	SL4.0ch06_20491280
chr06	25339517	SL4.0ch06_20500112
chr06	25340171	SL4.0ch06_20500766
chr06	25353161	SL4.0ch06_20513747
chr06	25408573	SL4.0ch06_20569053
chr06	25418009	SL4.0ch06_20578388
chr06	25525924	SL4.0ch06_20672337
chr06	25587080	SL4.0ch06_20733594
chr06	25597459	SL4.0ch06_20743908
chr06	25652693	SL4.0ch06_20799215
chr06	25711762	SL4.0ch06_20858205
chr06	25729028	SL4.0ch06_20875193
chr06	25798556	SL4.0ch06_20930062
chr06	25827474	SL4.0ch06_20958365
chr06	25830498	SL4.0ch06_20961275
chr06	25862362	SL4.0ch06_20992980
chr06	25866877	SL4.0ch06_20997496
chr06	25882092	SL4.0ch06_21012898
chr06	25918677	SL4.0ch06_21044178
chr06	25919159	SL4.0ch06_21044660
chr06	25964162	SL4.0ch06_21118403
chr06	25967240	SL4.0ch06_21121477
chr06	26013605	SL4.0ch06_21166942
chr06	26035191	SL4.0ch06_21188451
chr06	26043000	SL4.0ch06_21196260
chr06	26084715	SL4.0ch06_21237938
chr06	26089725	SL4.0ch06_21242956
chr06	26119050	SL4.0ch06_21272275
chr06	26133542	SL4.0ch06_21286743
chr06	26185077	SL4.0ch06_21338382
chr06	26201395	SL4.0ch06_21354883
chr06	26212985	SL4.0ch06_21370350
chr06	26217871	SL4.0ch06_21375222
chr06	26249953	SL4.0ch06_21401455
chr06	26250056	SL4.0ch06_21401558
chr06	26250998	SL4.0ch06_21402501
chr06	26284275	SL4.0ch06_21435982
chr06	26294908	SL4.0ch06_21446613
chr06	26301198	SL4.0ch06_21452949
chr06	26319992	SL4.0ch06_21471742
chr06	26342687	SL4.0ch06_21494496
chr06	26364175	SL4.0ch06_21515958
chr06	26371873	SL4.0ch06_21523656
chr06	26395211	SL4.0ch06_21546976
chr06	26397268	SL4.0ch06_21549033
chr06	26423070	SL4.0ch06_21574780
chr06	26437896	SL4.0ch06_21589649
chr06	26454547	SL4.0ch06_21606321
chr06	26458301	SL4.0ch06_21610075
chr06	26480140	SL4.0ch06_21632036
chr06	26529476	SL4.0ch06_21681357
chr06	26571217	SL4.0ch06_21722939
chr06	26587511	SL4.0ch06_21739231
chr06	26611735	SL4.0ch06_21763530
chr06	26611978	SL4.0ch06_21763773
chr06	26612272	SL4.0ch06_21764067
chr06	26662917	SL4.0ch06_21814615
chr06	26663037	SL4.0ch06_21814735
chr06	26668773	SL4.0ch06_21820462
chr06	26676569	SL4.0ch06_21828298
chr06	26702665	SL4.0ch06_21861352
chr06	26754098	SL4.0ch06_21912546
chr06	26760176	SL4.0ch06_21918605
chr06	26760389	SL4.0ch06_21918818
chr06	26791600	SL4.0ch06_21950095
chr06	26903053	SL4.0ch06_22055973
chr06	26906838	SL4.0ch06_22059758
chr06	26918915	SL4.0ch06_22071841
chr06	26928760	SL4.0ch06_22081685
chr06	26965030	SL4.0ch06_22118016
chr06	27017605	SL4.0ch06_22181726
chr06	27037339	SL4.0ch06_22201419
chr06	27077514	SL4.0ch06_22240488
chr06	27091070	SL4.0ch06_22254096
chr06	27116837	SL4.0ch06_22280008
chr06	27176543	SL4.0ch06_22339680
chr06	27197555	SL4.0ch06_22360698
chr06	27200909	SL4.0ch06_22364070
chr06	27204293	SL4.0ch06_22367454
chr06	27218064	SL4.0ch06_22381222
chr06	27222083	SL4.0ch06_22385176
chr06	27232412	SL4.0ch06_22394797
chr06	27260397	SL4.0ch06_22422775
chr06	27271194	SL4.0ch06_22433572
chr06	27282609	SL4.0ch06_22444976
chr06	27283081	SL4.0ch06_22445448
chr06	27315369	SL4.0ch06_22477704
chr06	27318201	SL4.0ch06_22480536
chr06	27397928	SL4.0ch06_22548465
chr06	27398753	SL4.0ch06_22549290
chr06	27404018	SL4.0ch06_22554555
chr06	27411087	SL4.0ch06_22561621
chr06	27428098	SL4.0ch06_22578659
chr06	27429208	SL4.0ch06_22579773
chr06	27432808	SL4.0ch06_22583373
chr06	27438450	SL4.0ch06_22587054
chr06	27454419	SL4.0ch06_22590955
chr06	27537547	SL4.0ch06_22671208
chr06	27549662	SL4.0ch06_22683365
chr06	27574710	SL4.0ch06_22708434
chr06	27670222	SL4.0ch06_22797807
chr06	27674408	SL4.0ch06_22802071
chr06	27701149	SL4.0ch06_22817845
chr06	27763395	SL4.0ch06_22880102
chr06	27763584	SL4.0ch06_22880291
chr06	27852102	SL4.0ch06_22966287
chr06	27967362	SL4.0ch06_23082393
chr06	27975528	SL4.0ch06_23093181
chr06	27999231	SL4.0ch06_23116043
chr06	28049369	SL4.0ch06_23170441
chr06	28049462	SL4.0ch06_23170534
chr06	28049869	SL4.0ch06_23170941
chr06	28051234	SL4.0ch06_23172306
chr06	28051527	SL4.0ch06_23172599
chr06	28093677	SL4.0ch06_23214756
chr06	28150120	SL4.0ch06_23278731
chr06	28182690	SL4.0ch06_23311264
chr06	28184724	SL4.0ch06_23313297
chr06	28184871	SL4.0ch06_23313444
chr06	28184934	SL4.0ch06_23313507
chr06	28192504	SL4.0ch06_23321077
chr06	28232960	SL4.0ch06_23368326
chr06	28243498	SL4.0ch06_23378892
chr06	28251162	SL4.0ch06_23386558
chr06	28282553	SL4.0ch06_23418006
chr06	28325428	SL4.0ch06_23460730
chr06	28332299	SL4.0ch06_23467631
chr06	28339078	SL4.0ch06_23474423
chr06	28361833	SL4.0ch06_23497268
chr06	28369337	SL4.0ch06_23504783
chr06	28372348	SL4.0ch06_23507838
chr06	28435303	SL4.0ch06_23577972
chr06	28504580	SL4.0ch06_23647511
chr06	28504760	SL4.0ch06_23647691
chr06	28504917	SL4.0ch06_23647848
chr06	28505366	SL4.0ch06_23648297
chr06	28505708	SL4.0ch06_23648639
chr06	28521407	SL4.0ch06_23664681
chr06	28603687	SL4.0ch06_23746512
chr06	28615227	SL4.0ch06_23758062
chr06	28619950	SL4.0ch06_23762785
chr06	28675302	SL4.0ch06_23818005
chr06	28676473	SL4.0ch06_23819176
chr06	28678062	SL4.0ch06_23820765
chr06	28681181	SL4.0ch06_23823881
chr06	28732818	SL4.0ch06_23866280
chr06	28810878	SL4.0ch06_23942584
chr06	28811059	SL4.0ch06_23942765
chr06	28811191	SL4.0ch06_23942897
chr06	28811434	SL4.0ch06_23943140
chr06	28814538	SL4.0ch06_23946244
chr06	28815691	SL4.0ch06_23947397
chr06	28819173	SL4.0ch06_23950888
chr06	28963612	SL4.0ch06_24084749
chr06	28966254	SL4.0ch06_24087394
chr06	28987078	SL4.0ch06_24116931
chr06	28994432	SL4.0ch06_24124284
chr06	29006852	SL4.0ch06_24129159
chr06	29100280	SL4.0ch06_24223157
chr06	29150305	SL4.0ch06_24273218
chr06	29169094	SL4.0ch06_24291975
chr06	29187991	SL4.0ch06_24310899
chr06	29242445	SL4.0ch06_24358151
chr06	29247550	SL4.0ch06_24363257
chr06	29267818	SL4.0ch06_24383516
chr06	29289603	SL4.0ch06_24408981
chr06	29308428	SL4.0ch06_24427805
chr06	29313517	SL4.0ch06_24432895
chr06	29317764	SL4.0ch06_24437155
chr06	29319548	SL4.0ch06_24438939
chr06	29327500	SL4.0ch06_24446895
chr06	29328063	SL4.0ch06_24447458
chr06	29331791	SL4.0ch06_24451186
chr06	29335798	SL4.0ch06_24455193
chr06	29426333	SL4.0ch06_24530271
chr06	29426754	SL4.0ch06_24530692
chr06	29427262	SL4.0ch06_24531200
chr06	29436731	SL4.0ch06_24540634
chr06	29538530	SL4.0ch06_24636100
chr06	29551834	SL4.0ch06_24649386
chr06	29554276	SL4.0ch06_24651799
chr06	29555145	SL4.0ch06_24652668
chr06	29555485	SL4.0ch06_24653008
chr06	29600021	SL4.0ch06_24688699
chr06	29708638	SL4.0ch06_24797764
chr06	29726069	SL4.0ch06_24815262
chr06	29849442	SL4.0ch06_24942727
chr06	29895354	SL4.0ch06_24987551
chr06	29899798	SL4.0ch06_24991991
chr06	29905183	SL4.0ch06_24997363
chr06	29905511	SL4.0ch06_24997691
chr06	29906356	SL4.0ch06_24998536
chr06	30013063	SL4.0ch06_25105095
chr06	30014639	SL4.0ch06_25106654
chr06	30031614	SL4.0ch06_25123623
chr06	30062504	SL4.0ch06_25154695
chr06	30068275	SL4.0ch06_25160494
chr06	30094630	SL4.0ch06_25187115
chr06	30144661	SL4.0ch06_25237350
chr06	30146001	SL4.0ch06_25238697
chr06	30153873	SL4.0ch06_25246521
chr06	30156524	SL4.0ch06_25249174
chr06	30183281	SL4.0ch06_25275919
chr06	30255685	SL4.0ch06_25357084
chr06	30280157	SL4.0ch06_25381539
chr06	30310883	SL4.0ch06_25412250
chr06	30322110	SL4.0ch06_26088088
chr06	30342190	SL4.0ch06_26108174
chr06	30604092	SL4.0ch06_26027288
chr06	30676153	SL4.0ch06_25953728
chr06	30737429	SL4.0ch06_25884136
chr06	30748331	SL4.0ch06_25873233
chr06	30763384	SL4.0ch06_25858175
chr06	30986503	SL4.0ch06_25798224
chr06	31022146	SL4.0ch06_25762513
chr06	31024675	SL4.0ch06_25759984
chr06	31034896	SL4.0ch06_25749782
chr06	31040851	SL4.0ch06_25743841
chr06	31069936	SL4.0ch06_25708607
chr06	31081840	SL4.0ch06_25696696
chr06	31102676	SL4.0ch06_25675820
chr06	31189942	SL4.0ch06_25588728
chr06	31209404	SL4.0ch06_25569271
chr06	31269252	SL4.0ch06_25525348
chr06	31302174	SL4.0ch06_25492430
chr06	31308535	SL4.0ch06_25486068
chr06	31343587	SL4.0ch06_25450917
chr06	31346871	SL4.0ch06_25447625
chr06	31354034	SL4.0ch06_25440474
chr06	31356682	SL4.0ch06_25437826
chr06	31358484	SL4.0ch06_25436024
chr06	31751575	SL4.0ch06_26262043
chr06	31762709	SL4.0ch06_26273176
chr06	31769009	SL4.0ch06_26279393
chr06	31784351	SL4.0ch06_26294598
chr06	31787044	SL4.0ch06_26297305
chr06	31794087	SL4.0ch06_26304524
chr06	31816464	SL4.0ch06_26326893
chr06	31825996	SL4.0ch06_26336436
chr06	31849281	SL4.0ch06_26359464
chr06	31913782	SL4.0ch06_26403217
chr06	31954971	SL4.0ch06_26444415
chr06	31963707	SL4.0ch06_26453119
chr06	31972893	SL4.0ch06_26462269
chr06	31983534	SL4.0ch06_26474213
chr06	31991830	SL4.0ch06_26482511
chr06	32007826	SL4.0ch06_26498513
chr06	32035678	SL4.0ch06_26526371
chr06	32045676	SL4.0ch06_26536371
chr06	32113726	SL4.0ch06_26606646
chr06	32163851	SL4.0ch06_26656886
chr06	32183630	SL4.0ch06_26676626
chr06	32211790	SL4.0ch06_26704914
chr06	32212983	SL4.0ch06_26706107
chr06	32213866	SL4.0ch06_26706986
chr06	32218022	SL4.0ch06_26711142
chr06	32343980	SL4.0ch06_26833557
chr06	32362400	SL4.0ch06_26851794
chr06	32363151	SL4.0ch06_26852545
chr06	32365316	SL4.0ch06_26854709
chr06	32387977	SL4.0ch06_26877351
chr06	32406157	SL4.0ch06_26895581
chr06	32420023	SL4.0ch06_26909448
chr06	32445938	SL4.0ch06_26926069
chr06	32460037	SL4.0ch06_26940176
chr06	32479515	SL4.0ch06_26959632
chr06	32512794	SL4.0ch06_26993062
chr06	32517694	SL4.0ch06_26997974
chr06	32519451	SL4.0ch06_26999731
chr06	32565639	SL4.0ch06_27045807
chr06	32573043	SL4.0ch06_27053132
chr06	32608989	SL4.0ch06_27089108
chr06	32614379	SL4.0ch06_27094538
chr06	32649913	SL4.0ch06_27129902
chr06	32760687	SL4.0ch06_27190124
chr06	32793076	SL4.0ch06_27222498
chr06	32818864	SL4.0ch06_27248263
chr06	32842612	SL4.0ch06_27272366
chr06	32847021	SL4.0ch06_27276764
chr06	32856416	SL4.0ch06_27285865
chr06	32869438	SL4.0ch06_27299804
chr06	32897780	SL4.0ch06_27321070
chr06	32904788	SL4.0ch06_27328073
chr06	32914524	SL4.0ch06_27337818
chr06	32929951	SL4.0ch06_27353234
chr06	32936493	SL4.0ch06_27359774
chr06	32941654	SL4.0ch06_27364933
chr06	32990239	SL4.0ch06_27413502
chr06	32993210	SL4.0ch06_27416474
chr06	32997978	SL4.0ch06_27421265
chr06	33005485	SL4.0ch06_27428773
chr06	33047625	SL4.0ch06_27472137
chr06	33048291	SL4.0ch06_27472803
chr06	33095818	SL4.0ch06_27520312
chr06	33107692	SL4.0ch06_27532193
chr06	33123325	SL4.0ch06_27547778
chr06	33132323	SL4.0ch06_27556506
chr06	33149944	SL4.0ch06_27573960
chr06	33170651	SL4.0ch06_27594613
chr06	33243727	SL4.0ch06_27667397
chr06	33290341	SL4.0ch06_27713765
chr06	33350945	SL4.0ch06_27774407
chr06	33371034	SL4.0ch06_27794493
chr06	33438520	SL4.0ch06_27861867
chr06	33663295	SL4.0ch06_28062814
chr06	33709567	SL4.0ch06_28109116
chr06	33783100	SL4.0ch06_28194297
chr06	33830264	SL4.0ch06_28241655
chr06	33865899	SL4.0ch06_28275792
chr06	33885887	SL4.0ch06_28295776
chr06	33919033	SL4.0ch06_28322205
chr06	33921667	SL4.0ch06_28324839
chr06	33955476	SL4.0ch06_28358623
chr06	34035545	SL4.0ch06_28438178
chr06	34274528	SL4.0ch06_28669969
chr06	34310412	SL4.0ch06_28700627
chr06	34311655	SL4.0ch06_28701871
chr06	34381036	SL4.0ch06_28770954
chr06	34416468	SL4.0ch06_28806478
chr06	34418280	SL4.0ch06_28808290
chr06	34418995	SL4.0ch06_28809005
chr06	34425525	SL4.0ch06_28815556
chr06	34447265	SL4.0ch06_28829249
chr06	34455077	SL4.0ch06_28837049
chr06	34456707	SL4.0ch06_28838679
chr06	34527820	SL4.0ch06_28909811
chr06	34528987	SL4.0ch06_28910978
chr06	34544358	SL4.0ch06_28926208
chr06	34578807	SL4.0ch06_28960691
chr06	34597444	SL4.0ch06_28979318
chr06	34620728	SL4.0ch06_29002635
chr06	34662316	SL4.0ch06_29040804
chr06	34675293	SL4.0ch06_29053801
chr06	34689366	SL4.0ch06_29067895
chr06	34689718	SL4.0ch06_29068247
chr06	34689794	SL4.0ch06_29068323
chr06	34690040	SL4.0ch06_29068569
chr06	34691808	SL4.0ch06_29070333
chr06	34726005	SL4.0ch06_29107617
chr06	34736367	SL4.0ch06_29117967
chr06	34805187	SL4.0ch06_29185240
chr06	34876411	SL4.0ch06_29240564
chr06	34934038	SL4.0ch06_29298149
chr06	34960063	SL4.0ch06_29324170
chr06	34969010	SL4.0ch06_29333117
chr06	34976702	SL4.0ch06_29340796
chr06	34979304	SL4.0ch06_29343398
chr06	35004618	SL4.0ch06_29368704
chr06	35039029	SL4.0ch06_29403071
chr06	35070442	SL4.0ch06_29434786
chr06	35106627	SL4.0ch06_29470933
chr06	35115638	SL4.0ch06_29479885
chr06	35161045	SL4.0ch06_29526238
chr06	35176112	SL4.0ch06_29541179
chr06	35241427	SL4.0ch06_29599391
chr06	35248861	SL4.0ch06_29606820
chr06	35249643	SL4.0ch06_29607602
chr06	35260650	SL4.0ch06_29618595
chr06	35265962	SL4.0ch06_29623912
chr06	35272383	SL4.0ch06_29630097
chr06	35292951	SL4.0ch06_29650665
chr06	35295692	SL4.0ch06_29653409
chr06	35301070	SL4.0ch06_29658821
chr06	35330620	SL4.0ch06_29688397
chr06	35364594	SL4.0ch06_29722295
chr06	35365878	SL4.0ch06_29723581
chr06	35410144	SL4.0ch06_29767415
chr06	35461780	SL4.0ch06_29829672
chr06	35471592	SL4.0ch06_29849126
chr06	35486257	SL4.0ch06_29872493
chr06	35497702	SL4.0ch06_29883255
chr06	35584736	SL4.0ch06_29978987
chr06	35598522	SL4.0ch06_29993054
chr06	35773869	SL4.0ch06_30175664
chr06	35850993	SL4.0ch06_30226544
chr06	35883979	SL4.0ch06_30259532
chr06	35930440	SL4.0ch06_30317686
chr06	36004680	SL4.0ch06_30386750
chr06	36026590	SL4.0ch06_30408660
chr06	36064373	SL4.0ch06_30461330
chr06	36108704	SL4.0ch06_30505219
chr06	36120016	SL4.0ch06_30516492
chr06	36154407	SL4.0ch06_30550882
chr06	36196685	SL4.0ch06_30601570
chr06	36226696	SL4.0ch06_30631609
chr06	36242581	SL4.0ch06_30647530
chr06	36262755	SL4.0ch06_30668421
chr06	36283600	SL4.0ch06_30689134
chr06	36287000	SL4.0ch06_30692971
chr06	36312761	SL4.0ch06_30718721
chr06	36330438	SL4.0ch06_30736342
chr06	36334195	SL4.0ch06_30740081
chr06	36362558	SL4.0ch06_30777845
chr06	36427734	SL4.0ch06_30847674
chr06	36440399	SL4.0ch06_30860665
chr06	36466843	SL4.0ch06_30883906
chr06	36502099	SL4.0ch06_30919152
chr06	36503149	SL4.0ch06_30920202
chr06	36520827	SL4.0ch06_30937940
chr06	36538235	SL4.0ch06_30955450
chr06	36564325	SL4.0ch06_30988065
chr06	36568833	SL4.0ch06_30992571
chr06	36569417	SL4.0ch06_30993155
chr06	36569929	SL4.0ch06_30993667
chr06	36585854	SL4.0ch06_31009622
chr06	36590610	SL4.0ch06_31014395
chr06	36648133	SL4.0ch06_31071819
chr06	36713292	SL4.0ch06_31127522
chr06	36727909	SL4.0ch06_31142133
chr06	36761817	SL4.0ch06_31176030
chr06	36778409	SL4.0ch06_31192569
chr06	36778526	SL4.0ch06_31192686
chr06	36778927	SL4.0ch06_31193087
chr06	36780401	SL4.0ch06_31194564
chr06	36788078	SL4.0ch06_31202241
chr06	36831654	SL4.0ch06_31253678
chr06	36854630	SL4.0ch06_31287308
chr06	36895793	SL4.0ch06_31331179
chr06	36928048	SL4.0ch06_31363439
chr06	36950115	SL4.0ch06_31385721
chr06	36957724	SL4.0ch06_31393295
chr06	36973563	SL4.0ch06_31408379
chr06	36992626	SL4.0ch06_31426490
chr06	36995332	SL4.0ch06_31429201
chr06	37022883	SL4.0ch06_31462579
chr06	37028416	SL4.0ch06_31468101
chr06	37028667	SL4.0ch06_31468352
chr06	37055864	SL4.0ch06_31495253
chr06	37065118	SL4.0ch06_31504467
chr06	37079399	SL4.0ch06_31518677
chr06	37097248	SL4.0ch06_31536499
chr06	37122115	SL4.0ch06_31561573
chr06	37145027	SL4.0ch06_31588814
chr06	37175617	SL4.0ch06_31614410
chr06	37317862	SL4.0ch06_31829611
chr06	37333201	SL4.0ch06_31854457
chr06	37346461	SL4.0ch06_31868114
chr06	37346557	SL4.0ch06_31868210
chr06	37349538	SL4.0ch06_31871190
chr06	37350288	SL4.0ch06_31871939
chr06	37357779	SL4.0ch06_31879427
chr06	37425253	SL4.0ch06_31946240
chr06	37444986	SL4.0ch06_31965957
chr06	37461856	SL4.0ch06_31981119
chr06	37467146	SL4.0ch06_31986417
chr06	37475834	SL4.0ch06_31995118
chr06	37527688	SL4.0ch06_32046657
chr06	37674912	SL4.0ch06_32108387
chr06	37696047	SL4.0ch06_32129537
chr06	37722389	SL4.0ch06_32155666
chr06	37731856	SL4.0ch06_32165190
chr06	37805055	SL4.0ch06_32237487
chr06	37841072	SL4.0ch06_32266027
chr06	37845534	SL4.0ch06_32270459
chr06	37879625	SL4.0ch06_32305264
chr06	37932500	SL4.0ch06_32353198
chr06	37975231	SL4.0ch06_32395644
chr06	37976464	SL4.0ch06_32396869
chr06	38007797	SL4.0ch06_32428193
chr06	38008058	SL4.0ch06_32428454
chr06	38010284	SL4.0ch06_32430679
chr06	38039823	SL4.0ch06_32460229
chr06	38042464	SL4.0ch06_32462871
chr06	38048106	SL4.0ch06_32468514
chr06	38076959	SL4.0ch06_32497341
chr06	38087395	SL4.0ch06_32507771
chr06	38094964	SL4.0ch06_32515318
chr06	38144495	SL4.0ch06_32564803
chr06	38198169	SL4.0ch06_32626932
chr06	38232381	SL4.0ch06_32653106
chr06	38254968	SL4.0ch06_32675767
chr06	38295665	SL4.0ch06_32713189
chr06	38296782	SL4.0ch06_32714306
chr06	38298547	SL4.0ch06_32716071
chr06	38334094	SL4.0ch06_32751803
chr06	38362483	SL4.0ch06_32780157
chr06	38398074	SL4.0ch06_32815775
chr06	38417301	SL4.0ch06_32835023
chr06	38421318	SL4.0ch06_32839030
chr06	38430431	SL4.0ch06_32848157
chr06	38447845	SL4.0ch06_32866024
chr06	38448101	SL4.0ch06_32866280
chr06	38449351	SL4.0ch06_32867530
chr06	38454420	SL4.0ch06_32872549
chr06	38456378	SL4.0ch06_32874506
chr06	38557835	SL4.0ch06_32975442
chr06	38573498	SL4.0ch06_32991066
chr06	38600350	SL4.0ch06_33036449
chr06	38613521	SL4.0ch06_33049641
chr06	38639646	SL4.0ch06_33075858
chr06	38669363	SL4.0ch06_33105629
chr06	38709022	SL4.0ch06_33145165
chr06	38756754	SL4.0ch06_33193286
chr06	38759745	SL4.0ch06_33196278
chr06	38775923	SL4.0ch06_33212493
chr06	38798032	SL4.0ch06_33234659
chr06	38803671	SL4.0ch06_33240304
chr06	38823580	SL4.0ch06_33260154
chr06	38878474	SL4.0ch06_33312739
chr06	38898920	SL4.0ch06_33333437
chr06	38902935	SL4.0ch06_33337448
chr06	38909973	SL4.0ch06_33344482
chr06	38921481	SL4.0ch06_33355991
chr06	38933905	SL4.0ch06_33368407
chr06	38942318	SL4.0ch06_33376760
chr06	38961563	SL4.0ch06_33395967
chr06	38979141	SL4.0ch06_33413462
chr06	39000760	SL4.0ch06_33435230
chr06	39015715	SL4.0ch06_33451034
chr06	39022647	SL4.0ch06_33457626
chr06	39024245	SL4.0ch06_33459224
chr06	39037834	SL4.0ch06_33472804
chr06	39066284	SL4.0ch06_33501254
chr06	39110962	SL4.0ch06_33545107
chr06	39260651	SL4.0ch06_33662725
chr06	39266883	SL4.0ch06_33668944
chr06	39313646	SL4.0ch06_33704267
chr06	39365761	SL4.0ch06_33752671
chr06	39366711	SL4.0ch06_33753620
chr06	39369437	SL4.0ch06_33756353
chr06	39378123	SL4.0ch06_33765308
chr06	39386083	SL4.0ch06_33773263
chr06	39415432	SL4.0ch06_33802668
chr06	39420837	SL4.0ch06_33808094
chr06	39426830	SL4.0ch06_33814026
chr06	39427404	SL4.0ch06_33814600
chr06	39430135	SL4.0ch06_33817331
chr06	39464518	SL4.0ch06_33844357
chr06	39514759	SL4.0ch06_33894464
chr06	39529326	SL4.0ch06_33909893
chr06	39532512	SL4.0ch06_33912897
chr06	39543527	SL4.0ch06_33920614
chr06	39604377	SL4.0ch06_33992267
chr06	39625020	SL4.0ch06_34019721
chr06	39658197	SL4.0ch06_34046657
chr06	39671409	SL4.0ch06_34059873
chr06	39687281	SL4.0ch06_34075690
chr06	39702239	SL4.0ch06_34090671
chr06	39709302	SL4.0ch06_34097738
chr06	39726966	SL4.0ch06_34114671
chr06	39761158	SL4.0ch06_34168495
chr06	39789137	SL4.0ch06_34208288
chr06	39798555	SL4.0ch06_34217716
chr06	39855349	SL4.0ch06_34271120
chr06	39856506	SL4.0ch06_34272277
chr06	39865052	SL4.0ch06_34282723
chr06	39922661	SL4.0ch06_34340435
chr06	39941165	SL4.0ch06_34359088
chr06	39984285	SL4.0ch06_34402512
chr06	39992728	SL4.0ch06_34410976
chr06	40004006	SL4.0ch06_34422249
chr06	40047861	SL4.0ch06_34465977
chr06	40067614	SL4.0ch06_34485723
chr06	40075246	SL4.0ch06_34493275
chr06	40081506	SL4.0ch06_34500269
chr06	40106547	SL4.0ch06_34525081
chr06	40137486	SL4.0ch06_34556054
chr06	40141753	SL4.0ch06_34560323
chr06	40173006	SL4.0ch06_34589368
chr06	40193166	SL4.0ch06_34609081
chr06	40210006	SL4.0ch06_34625959
chr06	40214927	SL4.0ch06_34630879
chr06	40231080	SL4.0ch06_34647088
chr06	40267115	SL4.0ch06_34683737
chr06	40277737	SL4.0ch06_34694312
chr06	40283620	SL4.0ch06_34700277
chr06	40323746	SL4.0ch06_34735697
chr06	40371534	SL4.0ch06_34783448
chr06	40436658	SL4.0ch06_34839320
chr06	40461642	SL4.0ch06_34859487
chr06	40476577	SL4.0ch06_34874403
chr06	40481828	SL4.0ch06_34879655
chr06	40491640	SL4.0ch06_34895205
chr06	40512876	SL4.0ch06_34915629
chr06	40578017	SL4.0ch06_34985478
chr06	40580781	SL4.0ch06_34988411
chr06	40588255	SL4.0ch06_34996026
chr06	40607444	SL4.0ch06_35015213
chr06	40623542	SL4.0ch06_35031053
chr06	40666900	SL4.0ch06_35074157
chr06	40690033	SL4.0ch06_35098001
chr06	40696627	SL4.0ch06_35104580
chr06	40717924	SL4.0ch06_35125821
chr06	40766022	SL4.0ch06_35173246
chr06	40820307	SL4.0ch06_35225014
chr06	40824980	SL4.0ch06_35228197
chr06	40864729	SL4.0ch06_35245356
chr06	40888926	SL4.0ch06_35269498
chr06	40899655	SL4.0ch06_35280132
chr06	40926494	SL4.0ch06_35302232
chr06	40939594	SL4.0ch06_35315325
chr06	41007114	SL4.0ch06_35396813
chr06	41007811	SL4.0ch06_35396116
chr06	41013185	SL4.0ch06_35390733
chr06	41043046	SL4.0ch06_35411876
chr06	41054266	SL4.0ch06_35423084
chr06	41089473	SL4.0ch06_35461994
chr06	41089694	SL4.0ch06_35462202
chr06	41105219	SL4.0ch06_35477331
chr06	41107924	SL4.0ch06_35480033
chr06	41137766	SL4.0ch06_35496628
chr06	41146589	SL4.0ch06_35505532
chr06	41163308	SL4.0ch06_35522192
chr06	41184109	SL4.0ch06_35542932
chr06	41187208	SL4.0ch06_35546006
chr06	41216031	SL4.0ch06_35574825
chr06	41229883	SL4.0ch06_35588654
chr06	41283164	SL4.0ch06_35631037
chr06	41284131	SL4.0ch06_35632005
chr06	41289948	SL4.0ch06_35644456
chr06	41290421	SL4.0ch06_35644929
chr06	41303900	SL4.0ch06_35658405
chr06	41330498	SL4.0ch06_35684986
chr06	41357045	SL4.0ch06_35711284
chr06	41392800	SL4.0ch06_35747060
chr06	41398296	SL4.0ch06_35752384
chr06	41458431	SL4.0ch06_35812513
chr06	41466398	SL4.0ch06_35820455
chr06	41474020	SL4.0ch06_35827528
chr06	41536976	SL4.0ch06_35880790
chr06	41568370	SL4.0ch06_35912804
chr06	41588470	SL4.0ch06_35932970
chr06	41645231	SL4.0ch06_35989222
chr06	41669201	SL4.0ch06_36013285
chr06	41695741	SL4.0ch06_36039205
chr06	41751408	SL4.0ch06_36094847
chr06	41763148	SL4.0ch06_36106567
chr06	41797076	SL4.0ch06_36142499
chr06	41799836	SL4.0ch06_36145293
chr06	41818952	SL4.0ch06_36164299
chr06	41859784	SL4.0ch06_36202403
chr06	41860584	SL4.0ch06_36203203
chr06	41882312	SL4.0ch06_36224384
chr06	41907844	SL4.0ch06_36248405
chr06	41931224	SL4.0ch06_36274703
chr06	41938788	SL4.0ch06_36282285
chr06	41974403	SL4.0ch06_36317805
chr06	41995412	SL4.0ch06_36350734
chr06	42015528	SL4.0ch06_36367512
chr06	42029259	SL4.0ch06_36379305
chr06	42033528	SL4.0ch06_36383583
chr06	42053527	SL4.0ch06_36401734
chr06	42079580	SL4.0ch06_36428423
chr06	42098612	SL4.0ch06_36447445
chr06	42108828	SL4.0ch06_36457593
chr06	42133084	SL4.0ch06_36481963
chr06	42148542	SL4.0ch06_36499367
chr06	42167906	SL4.0ch06_36518489
chr06	42170331	SL4.0ch06_36520916
chr06	42175573	SL4.0ch06_36526128
chr06	42196888	SL4.0ch06_36547435
chr06	42231957	SL4.0ch06_36582604
chr06	42238469	SL4.0ch06_36589105
chr06	42250006	SL4.0ch06_36600706
chr06	42281846	SL4.0ch06_36632527
chr06	42331002	SL4.0ch06_36684388
chr06	42345721	SL4.0ch06_36699027
chr06	42386074	SL4.0ch06_36739217
chr06	42386357	SL4.0ch06_36739500
chr06	42391222	SL4.0ch06_36744351
chr06	42406213	SL4.0ch06_36754321
chr06	42410993	SL4.0ch06_36759100
chr06	42411362	SL4.0ch06_36759469
chr06	42433122	SL4.0ch06_36777545
chr06	42441205	SL4.0ch06_36785623
chr06	42483176	SL4.0ch06_36811731
chr06	42501619	SL4.0ch06_36830653
chr06	42566375	SL4.0ch06_36895159
chr06	42591393	SL4.0ch06_36910867
chr06	42624190	SL4.0ch06_36940999
chr06	42662923	SL4.0ch06_36971734
chr06	42685038	SL4.0ch06_36993876
chr06	42706039	SL4.0ch06_37014813
chr06	42714001	SL4.0ch06_37022960
chr06	42762933	SL4.0ch06_37060301
chr06	42781537	SL4.0ch06_37078934
chr06	42788889	SL4.0ch06_37086252
chr06	42802404	SL4.0ch06_37099785
chr06	42835865	SL4.0ch06_37137061
chr06	42857416	SL4.0ch06_37158565
chr06	42872781	SL4.0ch06_37176767
chr06	42881862	SL4.0ch06_37185840
chr06	42888723	SL4.0ch06_37192724
chr06	42911926	SL4.0ch06_37215939
chr06	42919589	SL4.0ch06_37223739
chr06	42925482	SL4.0ch06_37229783
chr06	42957903	SL4.0ch06_37262189
chr06	42982196	SL4.0ch06_37286453
chr06	42997166	SL4.0ch06_37301426
chr06	43016159	SL4.0ch06_37320458
chr06	43027369	SL4.0ch06_37331655
chr06	43098931	SL4.0ch06_37399591
chr06	43119224	SL4.0ch06_37419866
chr06	43150095	SL4.0ch06_37450453
chr06	43171018	SL4.0ch06_37471296
chr06	43197994	SL4.0ch06_37498349
chr06	43223991	SL4.0ch06_37524488
chr06	43232686	SL4.0ch06_37533180
chr06	43236384	SL4.0ch06_37536887
chr06	43249854	SL4.0ch06_37550356
chr06	43285641	SL4.0ch06_37587856
chr06	43297609	SL4.0ch06_37599807
chr06	43334008	SL4.0ch06_37626152
chr06	43356071	SL4.0ch06_37648158
chr06	43384864	SL4.0ch06_37673430
chr06	43458199	SL4.0ch06_37751092
chr06	43490483	SL4.0ch06_37783572
chr06	43496122	SL4.0ch06_37789219
chr06	43508409	SL4.0ch06_37801496
chr06	43510759	SL4.0ch06_37803862
chr06	43518272	SL4.0ch06_37815142
chr06	43539434	SL4.0ch06_37836192
chr06	43609229	SL4.0ch06_37876319
chr06	43621638	SL4.0ch06_37888711
chr06	43636372	SL4.0ch06_37903201
chr06	43644940	SL4.0ch06_37910988
chr06	43658545	SL4.0ch06_37928524
chr06	43675510	SL4.0ch06_37945500
chr06	43679787	SL4.0ch06_37949777
chr06	43713697	SL4.0ch06_37980034
chr06	43761631	SL4.0ch06_38023554
chr06	43768600	SL4.0ch06_38030474
chr06	43782745	SL4.0ch06_38044623
chr06	43811064	SL4.0ch06_38072910
chr06	43852642	SL4.0ch06_38114282
chr06	43860511	SL4.0ch06_38121984
chr06	43885667	SL4.0ch06_38146477
chr06	43908518	SL4.0ch06_38169309
chr06	43912033	SL4.0ch06_38172793
chr06	43912252	SL4.0ch06_38173031
chr06	43912524	SL4.0ch06_38173318
chr06	43912604	SL4.0ch06_38173398
chr06	43920818	SL4.0ch06_38181702
chr06	43925956	SL4.0ch06_38186841
chr06	43948977	SL4.0ch06_38209822
chr06	43949099	SL4.0ch06_38209944
chr06	43949896	SL4.0ch06_38210741
chr06	44028674	SL4.0ch06_38266781
chr06	44067873	SL4.0ch06_38306060
chr06	44130294	SL4.0ch06_38365986
chr06	44140104	SL4.0ch06_38375757
chr06	44198792	SL4.0ch06_38435626
chr06	44258517	SL4.0ch06_38490850
chr06	44259100	SL4.0ch06_38491433
chr06	44259795	SL4.0ch06_38492128
chr06	44295826	SL4.0ch06_38528163
chr06	44300118	SL4.0ch06_38532456
chr06	44324572	SL4.0ch06_38551003
chr06	44336233	SL4.0ch06_38562624
chr06	44336812	SL4.0ch06_38563203
chr06	44361168	SL4.0ch06_38586823
chr06	44367659	SL4.0ch06_38593126
chr06	44403639	SL4.0ch06_38630678
chr06	44408852	SL4.0ch06_38635873
chr06	44414062	SL4.0ch06_38641095
chr06	44426463	SL4.0ch06_38653473
chr06	44521168	SL4.0ch06_38748080
chr06	44521539	SL4.0ch06_38748451
chr06	44530073	SL4.0ch06_38756790
chr06	44543308	SL4.0ch06_38770045
chr06	44579291	SL4.0ch06_38804038
chr06	44644812	SL4.0ch06_38878155
chr06	44650343	SL4.0ch06_38883675
chr06	44670720	SL4.0ch06_38903998
chr06	44698132	SL4.0ch06_38931309
chr06	44698698	SL4.0ch06_38931875
chr06	44723001	SL4.0ch06_38956249
chr06	44734871	SL4.0ch06_38968091
chr06	44743868	SL4.0ch06_38977100
chr06	44771300	SL4.0ch06_39004267
chr06	44800212	SL4.0ch06_39029656
chr06	44808378	SL4.0ch06_39036499
chr06	44842607	SL4.0ch06_39058755
chr06	44844712	SL4.0ch06_39060966
chr06	44875781	SL4.0ch06_39091278
chr06	44934578	SL4.0ch06_39147258
chr06	44960139	SL4.0ch06_39172940
chr06	44984457	SL4.0ch06_39197145
chr06	45029035	SL4.0ch06_39241579
chr06	45040009	SL4.0ch06_39252577
chr06	45067531	SL4.0ch06_39280036
chr06	45106821	SL4.0ch06_39319297
chr06	45114717	SL4.0ch06_39327078
chr06	45115876	SL4.0ch06_39328218
chr06	45119070	SL4.0ch06_39331365
chr06	45125333	SL4.0ch06_39337740
chr06	45134587	SL4.0ch06_39347003
chr06	45149361	SL4.0ch06_39361586
chr06	45158542	SL4.0ch06_39370849
chr06	45175127	SL4.0ch06_39388412
chr06	45185959	SL4.0ch06_39400235
chr06	45229988	SL4.0ch06_39440386
chr06	45275527	SL4.0ch06_39485701
chr06	45304449	SL4.0ch06_39513349
chr06	45310117	SL4.0ch06_39518929
chr06	45319890	SL4.0ch06_39528711
chr06	45334921	SL4.0ch06_39543774
chr06	45340508	SL4.0ch06_39549362
chr06	45362755	SL4.0ch06_39571604
chr06	45409626	SL4.0ch06_39618536
chr06	45427849	SL4.0ch06_39625148
chr06	45434606	SL4.0ch06_39631905
chr06	45460448	SL4.0ch06_39657715
chr06	45494568	SL4.0ch06_39696774
chr06	45527770	SL4.0ch06_39730047
chr06	45534254	SL4.0ch06_39736512
chr06	45534966	SL4.0ch06_39737224
chr06	45594250	SL4.0ch06_39796202
chr06	45596732	SL4.0ch06_39798708
chr06	45603602	SL4.0ch06_39805546
chr06	45622186	SL4.0ch06_39824039
chr06	45633663	SL4.0ch06_39835555
chr06	45634296	SL4.0ch06_39836188
chr06	45673112	SL4.0ch06_39874972
chr06	45691716	SL4.0ch06_39893437
chr06	45728401	SL4.0ch06_39930014
chr06	45746621	SL4.0ch06_39948254
chr06	45756245	SL4.0ch06_39958094
chr06	45808575	SL4.0ch06_40010363
chr06	45811990	SL4.0ch06_40012629
chr06	45818944	SL4.0ch06_40019460
chr06	45832363	SL4.0ch06_40033228
chr06	45840834	SL4.0ch06_40041565
chr06	45850840	SL4.0ch06_40053291
chr06	45871820	SL4.0ch06_40074061
chr06	45902164	SL4.0ch06_40105013
chr06	45929452	SL4.0ch06_40125507
chr06	45949692	SL4.0ch06_40144875
chr06	45959138	SL4.0ch06_40154412
chr06	45961650	SL4.0ch06_40156924
chr06	45977705	SL4.0ch06_40172973
chr06	45997909	SL4.0ch06_40193293
chr06	46008808	SL4.0ch06_40204182
chr06	46020686	SL4.0ch06_40215595
chr06	46060044	SL4.0ch06_40255038
chr06	46075284	SL4.0ch06_40270315
chr06	46130559	SL4.0ch06_40324645
chr06	46135088	SL4.0ch06_40329173
chr06	46167219	SL4.0ch06_40361597
chr06	46219235	SL4.0ch06_40413483
chr06	46223332	SL4.0ch06_40417567
chr06	46254091	SL4.0ch06_40448084
chr06	46304446	SL4.0ch06_40498672
chr06	46305423	SL4.0ch06_40499647
chr06	46335518	SL4.0ch06_40527542
chr06	46354516	SL4.0ch06_40546364
chr06	46391524	SL4.0ch06_40584963
chr06	46446746	SL4.0ch06_40640101
chr06	46453535	SL4.0ch06_40646929
chr06	46462315	SL4.0ch06_40655806
chr06	46477251	SL4.0ch06_40671205
chr06	46518626	SL4.0ch06_40713094
chr06	46544158	SL4.0ch06_40738667
chr06	46561723	SL4.0ch06_40756230
chr06	46587509	SL4.0ch06_40782204
chr06	46592171	SL4.0ch06_40786863
chr06	46599007	SL4.0ch06_40793697
chr06	46605883	SL4.0ch06_40800575
chr06	46607406	SL4.0ch06_40802098
chr06	46616674	SL4.0ch06_40811346
chr06	46630510	SL4.0ch06_40825185
chr06	46660168	SL4.0ch06_40854867
chr06	46695781	SL4.0ch06_40891055
chr06	46712925	SL4.0ch06_40908320
chr06	46774282	SL4.0ch06_40963745
chr06	46778382	SL4.0ch06_40967844
chr06	46789503	SL4.0ch06_40978666
chr06	46838650	SL4.0ch06_41027892
chr06	46862621	SL4.0ch06_41051900
chr06	46869989	SL4.0ch06_41059265
chr06	46885505	SL4.0ch06_41074887
chr06	46886309	SL4.0ch06_41075691
chr06	46899982	SL4.0ch06_41089395
chr06	46921599	SL4.0ch06_41113577
chr06	46944252	SL4.0ch06_41136065
chr06	46964569	SL4.0ch06_41191161
chr06	46994323	SL4.0ch06_41217533
chr06	47031701	SL4.0ch06_41254915
chr06	47045371	SL4.0ch06_41268766
chr06	47051178	SL4.0ch06_41274598
chr06	47056352	SL4.0ch06_41279784
chr06	47083139	SL4.0ch06_41306569
chr06	47111741	SL4.0ch06_41334748
chr06	47127199	SL4.0ch06_41350210
chr06	47131838	SL4.0ch06_41354746
chr06	47153315	SL4.0ch06_41376208
chr06	47177859	SL4.0ch06_41400768
chr06	47185292	SL4.0ch06_41408193
chr06	47207752	SL4.0ch06_41430746
chr06	47230860	SL4.0ch06_41453610
chr06	47270222	SL4.0ch06_41493836
chr06	47278823	SL4.0ch06_41502404
chr06	47294361	SL4.0ch06_41517980
chr06	47323676	SL4.0ch06_41546312
chr06	47350197	SL4.0ch06_41573015
chr06	47357056	SL4.0ch06_41579871
chr06	47368686	SL4.0ch06_41591341
chr06	47371291	SL4.0ch06_41593944
chr06	47388693	SL4.0ch06_41611364
chr06	47398564	SL4.0ch06_41621252
chr06	47404406	SL4.0ch06_41627073
chr06	47418321	SL4.0ch06_41641171
chr06	47437159	SL4.0ch06_41659965
chr06	47479360	SL4.0ch06_41702203
chr06	47492210	SL4.0ch06_41715103
chr06	47520050	SL4.0ch06_41742957
chr06	47537920	SL4.0ch06_41760796
chr06	47567446	SL4.0ch06_41790318
chr06	47589239	SL4.0ch06_41812070
chr06	47603679	SL4.0ch06_41826561
chr06	47631007	SL4.0ch06_41853526
chr06	47672017	SL4.0ch06_41895770
chr06	47683351	SL4.0ch06_41907007
chr06	47710851	SL4.0ch06_41934493
chr06	47714571	SL4.0ch06_41938230
chr06	47753048	SL4.0ch06_41976409
chr06	47769192	SL4.0ch06_41992486
chr06	47796871	SL4.0ch06_42019802
chr06	47814033	SL4.0ch06_42037007
chr06	47817852	SL4.0ch06_42040827
chr06	47845847	SL4.0ch06_42072726
chr06	47875687	SL4.0ch06_42102517
chr06	47927868	SL4.0ch06_42153892
chr06	47937083	SL4.0ch06_42163081
chr06	47939739	SL4.0ch06_42165737
chr06	48047856	SL4.0ch06_42218304
chr06	48121823	SL4.0ch06_42292193
chr06	48123165	SL4.0ch06_42293538
chr06	48135875	SL4.0ch06_42306222
chr06	48164974	SL4.0ch06_42335362
chr06	48172345	SL4.0ch06_42345260
chr06	48177053	SL4.0ch06_42349977
chr06	48219179	SL4.0ch06_42381431
chr06	48238554	SL4.0ch06_42400942
chr06	48274010	SL4.0ch06_42436116
chr06	48283501	SL4.0ch06_42445692
chr06	48286437	SL4.0ch06_42448646
chr06	48295225	SL4.0ch06_42457880
chr06	48302026	SL4.0ch06_42464690
chr06	48314179	SL4.0ch06_42476865
chr06	48324387	SL4.0ch06_42487017
chr06	48340606	SL4.0ch06_42503200
chr06	48350804	SL4.0ch06_42513373
chr06	48374354	SL4.0ch06_42536916
chr06	48435985	SL4.0ch06_42598493
chr06	48437755	SL4.0ch06_42600236
chr06	48440439	SL4.0ch06_42602915
chr06	48448609	SL4.0ch06_42611082
chr06	48450097	SL4.0ch06_42612575
chr06	48451400	SL4.0ch06_42613870
chr06	48452518	SL4.0ch06_42618181
chr06	48466554	SL4.0ch06_42632151
chr06	48470888	SL4.0ch06_42636487
chr06	48474638	SL4.0ch06_42640237
chr06	48496240	SL4.0ch06_42661822
chr06	48499420	SL4.0ch06_42664998
chr06	48574567	SL4.0ch06_42740050
chr06	48606460	SL4.0ch06_42772053
chr06	48628798	SL4.0ch06_42794393
chr06	48642073	SL4.0ch06_42807939
chr06	48652118	SL4.0ch06_42817958
chr06	48681746	SL4.0ch06_42844375
chr06	48696310	SL4.0ch06_42858965
chr06	48760972	SL4.0ch06_42923816
chr06	48782470	SL4.0ch06_42944693
chr06	48805038	SL4.0ch06_42967283
chr06	48832462	SL4.0ch06_42994470
chr06	48856466	SL4.0ch06_43018437
chr06	48866500	SL4.0ch06_43026966
chr06	48872266	SL4.0ch06_43032830
chr06	48915983	SL4.0ch06_43074480
chr06	48926419	SL4.0ch06_43085162
chr06	48944310	SL4.0ch06_43097757
chr06	48957824	SL4.0ch06_43111275
chr06	48965564	SL4.0ch06_43118973
chr06	48974946	SL4.0ch06_43128364
chr06	49002429	SL4.0ch06_43155627
chr06	49018022	SL4.0ch06_43171224
chr06	49043623	SL4.0ch06_43196838
chr06	49069857	SL4.0ch06_43223020
chr06	49081380	SL4.0ch06_43234540
chr06	49101766	SL4.0ch06_43254900
chr06	49111588	SL4.0ch06_43264711
chr06	49145703	SL4.0ch06_43298746
chr06	49163310	SL4.0ch06_43316271
chr06	49173803	SL4.0ch06_43326782
chr06	49259127	SL4.0ch06_43386979
chr06	49298082	SL4.0ch06_43425663
chr06	49320825	SL4.0ch06_43448353
chr06	49357910	SL4.0ch06_43475845
chr06	49381157	SL4.0ch06_43502415
chr06	49388476	SL4.0ch06_43509709
chr06	49404133	SL4.0ch06_43525741
chr06	49407402	SL4.0ch06_43528963
chr06	49414119	SL4.0ch06_43535743
chr06	49489602	SL4.0ch06_43611459
chr06	49514867	SL4.0ch06_43636571
chr06	49545780	SL4.0ch06_43666803
chr06	49547124	SL4.0ch06_43668147
chr06	49559661	SL4.0ch06_43680827
chr06	49561913	SL4.0ch06_43683094
chr06	49594102	SL4.0ch06_43715114
chr06	49612023	SL4.0ch06_43732997
chr06	49627769	SL4.0ch06_43748678
chr06	49647641	SL4.0ch06_43768595
chr06	49656742	SL4.0ch06_43777684
chr06	49677716	SL4.0ch06_43814722
chr06	49736681	SL4.0ch06_43873932
chr06	49738976	SL4.0ch06_43876253
chr06	49744733	SL4.0ch06_43881956
chr06	49801708	SL4.0ch06_43938541
chr06	49829956	SL4.0ch06_43966116
chr06	49849636	SL4.0ch06_43986634
chr06	49877717	SL4.0ch06_44014713
chr06	49923072	SL4.0ch06_44060171
chr06	49925473	SL4.0ch06_44064754
chr06	49985923	SL4.0ch06_44124514
chr06	50024719	SL4.0ch06_44164436
chr06	50027594	SL4.0ch06_44167305
chr06	50032895	SL4.0ch06_44170450
chr06	50048686	SL4.0ch06_44186358
chr06	50052455	SL4.0ch06_44190129
chr06	50056967	SL4.0ch06_44194899
chr06	50090706	SL4.0ch06_44231170
chr06	50098156	SL4.0ch06_44238597
chr06	50102312	SL4.0ch06_44242701
chr06	50142965	SL4.0ch06_44283439
chr06	50177788	SL4.0ch06_44317976
chr06	50218512	SL4.0ch06_44357422
chr06	50234780	SL4.0ch06_44373374
chr06	50268991	SL4.0ch06_44417233
chr06	50272463	SL4.0ch06_44420705
chr06	50281998	SL4.0ch06_44430223
chr06	50326687	SL4.0ch06_44474952
chr06	50342978	SL4.0ch06_44491268
chr06	50350993	SL4.0ch06_44499269
chr06	50359917	SL4.0ch06_44508576
chr06	50374278	SL4.0ch06_44550204
chr06	50396289	SL4.0ch06_44569322
chr06	50442219	SL4.0ch06_44616324
chr06	50444303	SL4.0ch06_44618410
chr06	50466080	SL4.0ch06_44640422
chr06	50473775	SL4.0ch06_44648119
chr06	50478480	SL4.0ch06_44652919
chr06	50502682	SL4.0ch06_44679853
chr06	50615784	SL4.0ch06_44780304
chr06	50634703	SL4.0ch06_44798816
chr06	50651821	SL4.0ch06_44815624
chr06	50666451	SL4.0ch06_44825683
chr06	50670351	SL4.0ch06_44829572
chr06	50712105	SL4.0ch06_44871982
chr06	50735714	SL4.0ch06_44895609
chr06	50743439	SL4.0ch06_44903444
chr06	50794918	SL4.0ch06_44950098
chr06	50806453	SL4.0ch06_44961637
chr06	50806841	SL4.0ch06_44962025
chr06	50816194	SL4.0ch06_44971353
chr06	50830491	SL4.0ch06_44985643
chr06	50834442	SL4.0ch06_44989592
chr06	50950338	SL4.0ch06_45061991
chr06	50956663	SL4.0ch06_45068321
chr06	50968625	SL4.0ch06_45080358
chr06	50974859	SL4.0ch06_45086592
chr06	50999301	SL4.0ch06_45111199
chr06	51010807	SL4.0ch06_45122727
chr06	51033815	SL4.0ch06_45145690
chr06	51036671	SL4.0ch06_45148540
chr06	51047433	SL4.0ch06_45159304
chr06	51058903	SL4.0ch06_45170920
chr06	51082058	SL4.0ch06_45194070
chr06	51107345	SL4.0ch06_45224869
chr06	51136155	SL4.0ch06_45249372
chr06	51141856	SL4.0ch06_45255114
chr06	51144886	SL4.0ch06_45258144
chr06	51179688	SL4.0ch06_45292882
chr06	51188505	SL4.0ch06_45301672
chr06	51230447	SL4.0ch06_45344208
chr06	51268374	SL4.0ch06_45382179
chr06	51288549	SL4.0ch06_45402376
chr06	51343247	SL4.0ch06_45457112
chr06	51347438	SL4.0ch06_45461303
chr06	51368579	SL4.0ch06_45481923
chr06	51378957	SL4.0ch06_45492296
chr06	51390043	SL4.0ch06_45503354
chr06	51390871	SL4.0ch06_45504188
chr06	51401703	SL4.0ch06_45515019
chr06	51424905	SL4.0ch06_45541692
chr06	51425217	SL4.0ch06_45542004
chr06	51446061	SL4.0ch06_45562875
chr06	51498442	SL4.0ch06_45611919
chr06	51532707	SL4.0ch06_45646822
chr06	51538705	SL4.0ch06_45654341
chr06	51540377	SL4.0ch06_45655999
chr06	51597392	SL4.0ch06_45713082
chr06	51632265	SL4.0ch06_45742822
chr06	51635423	SL4.0ch06_45745985
chr06	51655407	SL4.0ch06_45766003
chr06	51688347	SL4.0ch06_45798944
chr06	51697342	SL4.0ch06_45806890
chr06	51714465	SL4.0ch06_45824081
chr06	51726336	SL4.0ch06_45834551
chr06	51772913	SL4.0ch06_45881127
chr06	51785672	SL4.0ch06_45893960
chr06	51805892	SL4.0ch06_45914149
chr06	51829242	SL4.0ch06_45937431
chr06	51839056	SL4.0ch06_45947359
chr06	51881544	SL4.0ch06_45989756
chr06	51903487	SL4.0ch06_46011313
chr06	51911293	SL4.0ch06_46019155
chr06	51916520	SL4.0ch06_46024421
chr06	51974352	SL4.0ch06_46081744
chr06	51987493	SL4.0ch06_46094865
chr06	52010247	SL4.0ch06_46117608
chr06	52013835	SL4.0ch06_46121208
chr06	52022958	SL4.0ch06_46130336
chr06	52044986	SL4.0ch06_46152311
chr06	52052889	SL4.0ch06_46160160
chr06	52061069	SL4.0ch06_46168333
chr06	52098778	SL4.0ch06_46205359
chr06	52134899	SL4.0ch06_46241414
chr06	52150130	SL4.0ch06_46255893
chr06	52158203	SL4.0ch06_46263948
chr06	52158512	SL4.0ch06_46264257
chr06	52213534	SL4.0ch06_46319252
chr06	52216238	SL4.0ch06_46321956
chr06	52265568	SL4.0ch06_46371341
chr06	52283950	SL4.0ch06_46389489
chr06	52296517	SL4.0ch06_46402034
chr06	52299403	SL4.0ch06_46404920
chr06	52306064	SL4.0ch06_46411582
chr06	52326990	SL4.0ch06_46426835
chr06	52363041	SL4.0ch06_46473314
chr06	52398294	SL4.0ch06_46508807
chr06	52406294	SL4.0ch06_46516591
chr06	52414138	SL4.0ch06_46524433
chr06	52415248	SL4.0ch06_46525543
chr06	52446381	SL4.0ch06_46556278
chr06	52465615	SL4.0ch06_46575620
chr06	52482394	SL4.0ch06_46592462
chr06	52501691	SL4.0ch06_46611728
chr06	52505736	SL4.0ch06_46615773
chr06	52526489	SL4.0ch06_46637059
chr06	52543293	SL4.0ch06_46653842
chr06	52545069	SL4.0ch06_46655612
chr06	52552577	SL4.0ch06_46663125
chr06	52560936	SL4.0ch06_46671527
chr06	52613674	SL4.0ch06_46724348
chr06	52668505	SL4.0ch06_46779350
chr06	52679275	SL4.0ch06_46790147
chr06	52691266	SL4.0ch06_46802098
chr06	52691551	SL4.0ch06_46802383
chr06	52726174	SL4.0ch06_46837020
chr06	52752434	SL4.0ch06_46863292
chr06	52797402	SL4.0ch06_46908275
chr06	52816890	SL4.0ch06_46927843
chr06	52842137	SL4.0ch06_46952980
chr06	52880581	SL4.0ch06_46990921
chr06	52936736	SL4.0ch06_47047078
chr06	52937343	SL4.0ch06_47047685
chr06	52999604	SL4.0ch06_47112064
chr06	53005654	SL4.0ch06_47118161
chr06	53006898	SL4.0ch06_47119405
chr06	53037848	SL4.0ch06_47149633
chr06	53119966	SL4.0ch06_47231492
chr07	787336	SL4.0ch07_2195
chr07	882735	SL4.0ch07_97422
chr07	896974	SL4.0ch07_111650
chr07	939808	SL4.0ch07_144636
chr07	946680	SL4.0ch07_151505
chr07	954264	SL4.0ch07_159047
chr07	965251	SL4.0ch07_170017
chr07	975005	SL4.0ch07_179758
chr07	1021984	SL4.0ch07_225330
chr07	1033552	SL4.0ch07_236859
chr07	1062767	SL4.0ch07_266133
chr07	1080157	SL4.0ch07_283424
chr07	1100902	SL4.0ch07_304234
chr07	1117961	SL4.0ch07_320147
chr07	1128184	SL4.0ch07_330377
chr07	1160680	SL4.0ch07_363411
chr07	1179938	SL4.0ch07_382958
chr07	1185694	SL4.0ch07_388731
chr07	1210610	SL4.0ch07_413663
chr07	1214777	SL4.0ch07_417802
chr07	1250458	SL4.0ch07_453317
chr07	1284331	SL4.0ch07_489105
chr07	1294387	SL4.0ch07_498791
chr07	1299679	SL4.0ch07_502691
chr07	1336028	SL4.0ch07_539151
chr07	1357577	SL4.0ch07_560880
chr07	1359298	SL4.0ch07_562587
chr07	1381469	SL4.0ch07_584675
chr07	1389711	SL4.0ch07_592912
chr07	1426541	SL4.0ch07_629534
chr07	1444982	SL4.0ch07_648029
chr07	1461777	SL4.0ch07_664811
chr07	1462164	SL4.0ch07_665198
chr07	1489062	SL4.0ch07_692126
chr07	1519444	SL4.0ch07_722525
chr07	1575423	SL4.0ch07_778630
chr07	1581958	SL4.0ch07_785187
chr07	1590099	SL4.0ch07_793248
chr07	1604479	SL4.0ch07_807580
chr07	1621459	SL4.0ch07_823161
chr07	1640973	SL4.0ch07_842739
chr07	1702161	SL4.0ch07_902872
chr07	1734180	SL4.0ch07_936929
chr07	1758190	SL4.0ch07_960567
chr07	1767599	SL4.0ch07_969953
chr07	1786366	SL4.0ch07_988692
chr07	1795824	SL4.0ch07_998155
chr07	1798855	SL4.0ch07_1001186
chr07	1813159	SL4.0ch07_1015363
chr07	1833131	SL4.0ch07_1035487
chr07	1852199	SL4.0ch07_1054469
chr07	1856034	SL4.0ch07_1060140
chr07	1867400	SL4.0ch07_1071557
chr07	1875892	SL4.0ch07_1079995
chr07	1883711	SL4.0ch07_1087795
chr07	1943769	SL4.0ch07_1147460
chr07	1974697	SL4.0ch07_1178416
chr07	1994627	SL4.0ch07_1198347
chr07	2001470	SL4.0ch07_1205205
chr07	2008477	SL4.0ch07_1212390
chr07	2029501	SL4.0ch07_1233538
chr07	2043123	SL4.0ch07_1247063
chr07	2059259	SL4.0ch07_1263229
chr07	2079130	SL4.0ch07_1281269
chr07	2106498	SL4.0ch07_1308658
chr07	2122886	SL4.0ch07_1325116
chr07	2195051	SL4.0ch07_1397494
chr07	2203721	SL4.0ch07_1406145
chr07	2241832	SL4.0ch07_1442300
chr07	2259183	SL4.0ch07_1455417
chr07	2298299	SL4.0ch07_1494659
chr07	2311409	SL4.0ch07_1507717
chr07	2331255	SL4.0ch07_1527689
chr07	2355338	SL4.0ch07_1551709
chr07	2395625	SL4.0ch07_1592094
chr07	2417337	SL4.0ch07_1613844
chr07	2476038	SL4.0ch07_1672551
chr07	2477209	SL4.0ch07_1673722
chr07	2489971	SL4.0ch07_1686617
chr07	2539416	SL4.0ch07_1735226
chr07	2541976	SL4.0ch07_1737786
chr07	2543180	SL4.0ch07_1738983
chr07	2554987	SL4.0ch07_1750850
chr07	2555804	SL4.0ch07_1751668
chr07	2569410	SL4.0ch07_1765241
chr07	2576636	SL4.0ch07_1774518
chr07	2583528	SL4.0ch07_1781431
chr07	2586826	SL4.0ch07_1783948
chr07	2590496	SL4.0ch07_1787813
chr07	2611594	SL4.0ch07_1808993
chr07	2627227	SL4.0ch07_1824614
chr07	2632517	SL4.0ch07_1829994
chr07	2686832	SL4.0ch07_1886392
chr07	2729339	SL4.0ch07_1928875
chr07	2744400	SL4.0ch07_1941490
chr07	2792997	SL4.0ch07_1996624
chr07	2824314	SL4.0ch07_2028095
chr07	2837400	SL4.0ch07_2040984
chr07	2877513	SL4.0ch07_2058839
chr07	2923537	SL4.0ch07_2107241
chr07	2994494	SL4.0ch07_2168612
chr07	3004700	SL4.0ch07_2178856
chr07	3012722	SL4.0ch07_2186873
chr07	3023313	SL4.0ch07_2197414
chr07	3048264	SL4.0ch07_2222274
chr07	3053438	SL4.0ch07_2227451
chr07	3095799	SL4.0ch07_2269086
chr07	3110449	SL4.0ch07_2282807
chr07	3151516	SL4.0ch07_2323883
chr07	3163725	SL4.0ch07_2336014
chr07	3175142	SL4.0ch07_2341812
chr07	3198123	SL4.0ch07_2362491
chr07	3198648	SL4.0ch07_2363014
chr07	3209825	SL4.0ch07_2374207
chr07	3217669	SL4.0ch07_2382134
chr07	3223363	SL4.0ch07_2387869
chr07	3246850	SL4.0ch07_2411016
chr07	3247448	SL4.0ch07_2411614
chr07	3249512	SL4.0ch07_2413681
chr07	3254737	SL4.0ch07_2418906
chr07	3275140	SL4.0ch07_2439771
chr07	3307193	SL4.0ch07_2471897
chr07	3386390	SL4.0ch07_2540952
chr07	3397308	SL4.0ch07_2551967
chr07	3409112	SL4.0ch07_2563841
chr07	3479839	SL4.0ch07_2633514
chr07	3493032	SL4.0ch07_2646710
chr07	3513085	SL4.0ch07_2666657
chr07	3572525	SL4.0ch07_2724915
chr07	3630935	SL4.0ch07_2783332
chr07	3636308	SL4.0ch07_2788694
chr07	3640424	SL4.0ch07_2792812
chr07	3690211	SL4.0ch07_2846344
chr07	3694933	SL4.0ch07_2851088
chr07	3695439	SL4.0ch07_2851594
chr07	3695702	SL4.0ch07_2851857
chr07	3696363	SL4.0ch07_2852518
chr07	3701090	SL4.0ch07_2857247
chr07	3711705	SL4.0ch07_2867911
chr07	3712013	SL4.0ch07_2868219
chr07	3718916	SL4.0ch07_2875315
chr07	3781614	SL4.0ch07_2926592
chr07	3781820	SL4.0ch07_2926798
chr07	3806744	SL4.0ch07_2951535
chr07	3808540	SL4.0ch07_2953331
chr07	3861290	SL4.0ch07_3014869
chr07	3864438	SL4.0ch07_3017916
chr07	3900246	SL4.0ch07_3052630
chr07	3938372	SL4.0ch07_3090859
chr07	3942517	SL4.0ch07_3095003
chr07	3944676	SL4.0ch07_3097162
chr07	3948268	SL4.0ch07_3100765
chr07	3965853	SL4.0ch07_3116714
chr07	3968494	SL4.0ch07_3119337
chr07	3972976	SL4.0ch07_3123848
chr07	4056979	SL4.0ch07_3184588
chr07	4079789	SL4.0ch07_3207336
chr07	4084874	SL4.0ch07_3212404
chr07	4111416	SL4.0ch07_3250833
chr07	4145384	SL4.0ch07_3280052
chr07	4155531	SL4.0ch07_3290183
chr07	4157735	SL4.0ch07_3292386
chr07	4220494	SL4.0ch07_3355206
chr07	4239035	SL4.0ch07_3373415
chr07	4284748	SL4.0ch07_3419046
chr07	4299422	SL4.0ch07_3433737
chr07	4307888	SL4.0ch07_3442221
chr07	4335943	SL4.0ch07_3470219
chr07	4350333	SL4.0ch07_3484524
chr07	4373674	SL4.0ch07_3509849
chr07	4381936	SL4.0ch07_3517544
chr07	4406131	SL4.0ch07_3546614
chr07	4408074	SL4.0ch07_3548557
chr07	4409875	SL4.0ch07_3550369
chr07	4433025	SL4.0ch07_3573581
chr07	4446343	SL4.0ch07_3586970
chr07	4490526	SL4.0ch07_3636514
chr07	4517071	SL4.0ch07_3654450
chr07	4537901	SL4.0ch07_3675288
chr07	4569852	SL4.0ch07_3707123
chr07	4570253	SL4.0ch07_3707524
chr07	4583030	SL4.0ch07_3720298
chr07	4598861	SL4.0ch07_3735663
chr07	4656811	SL4.0ch07_3774649
chr07	4682042	SL4.0ch07_3797463
chr07	4693846	SL4.0ch07_3809251
chr07	4705066	SL4.0ch07_3820238
chr07	4706423	SL4.0ch07_3821595
chr07	4755713	SL4.0ch07_3872297
chr07	4776573	SL4.0ch07_3893158
chr07	4777335	SL4.0ch07_3893920
chr07	4790506	SL4.0ch07_3907044
chr07	4826839	SL4.0ch07_3943982
chr07	4861045	SL4.0ch07_3978544
chr07	4896424	SL4.0ch07_4010963
chr07	4949734	SL4.0ch07_4067079
chr07	4971726	SL4.0ch07_4089055
chr07	4984759	SL4.0ch07_4102147
chr07	5026643	SL4.0ch07_4143890
chr07	5055830	SL4.0ch07_4170434
chr07	5056373	SL4.0ch07_4170975
chr07	5058431	SL4.0ch07_4173078
chr07	5082841	SL4.0ch07_4197482
chr07	5103082	SL4.0ch07_4217997
chr07	5105270	SL4.0ch07_4220185
chr07	5108828	SL4.0ch07_4223742
chr07	5142000	SL4.0ch07_4262880
chr07	5148686	SL4.0ch07_4269442
chr07	5211604	SL4.0ch07_4331038
chr07	5246470	SL4.0ch07_4365740
chr07	5266914	SL4.0ch07_4401712
chr07	5271266	SL4.0ch07_4406087
chr07	5275235	SL4.0ch07_4410067
chr07	5291695	SL4.0ch07_4420006
chr07	5309630	SL4.0ch07_4437908
chr07	5315464	SL4.0ch07_4443718
chr07	5323498	SL4.0ch07_4451710
chr07	5356490	SL4.0ch07_4498221
chr07	5361038	SL4.0ch07_4502768
chr07	5368169	SL4.0ch07_4509874
chr07	5398715	SL4.0ch07_4529031
chr07	5404269	SL4.0ch07_4534372
chr07	5420953	SL4.0ch07_4543954
chr07	5432351	SL4.0ch07_4555305
chr07	5451898	SL4.0ch07_4574659
chr07	5470435	SL4.0ch07_4590869
chr07	5480032	SL4.0ch07_4600468
chr07	5516918	SL4.0ch07_4637440
chr07	5525000	SL4.0ch07_4650383
chr07	5530468	SL4.0ch07_4655839
chr07	5559237	SL4.0ch07_4684545
chr07	5703505	SL4.0ch07_4929590
chr07	5719262	SL4.0ch07_4945269
chr07	5732182	SL4.0ch07_4958187
chr07	5734178	SL4.0ch07_4960177
chr07	5749605	SL4.0ch07_4975502
chr07	5764990	SL4.0ch07_4990888
chr07	5792002	SL4.0ch07_5018036
chr07	5814944	SL4.0ch07_5033705
chr07	5835838	SL4.0ch07_5054010
chr07	5860177	SL4.0ch07_5078303
chr07	5862645	SL4.0ch07_5080843
chr07	5865752	SL4.0ch07_5083945
chr07	5870944	SL4.0ch07_5089667
chr07	5874918	SL4.0ch07_5093062
chr07	5906120	SL4.0ch07_5123729
chr07	5906544	SL4.0ch07_5124155
chr07	5909401	SL4.0ch07_5127067
chr07	5926753	SL4.0ch07_5144408
chr07	5983389	SL4.0ch07_5203861
chr07	6000924	SL4.0ch07_5221445
chr07	6015046	SL4.0ch07_5235574
chr07	6015943	SL4.0ch07_5236466
chr07	6024006	SL4.0ch07_5244537
chr07	6435938	SL4.0ch07_5680957
chr07	6462293	SL4.0ch07_5707308
chr07	6463794	SL4.0ch07_5708810
chr07	6558801	SL4.0ch07_5803708
chr07	6567631	SL4.0ch07_5812460
chr07	6603130	SL4.0ch07_5847983
chr07	6629305	SL4.0ch07_5874101
chr07	6646272	SL4.0ch07_5891020
chr07	6659658	SL4.0ch07_5904389
chr07	6663895	SL4.0ch07_5908489
chr07	6671888	SL4.0ch07_5916477
chr07	6681751	SL4.0ch07_5926321
chr07	6731270	SL4.0ch07_5976880
chr07	6747597	SL4.0ch07_5993228
chr07	6777394	SL4.0ch07_6035653
chr07	6849081	SL4.0ch07_6107345
chr07	6954978	SL4.0ch07_6206868
chr07	7139373	SL4.0ch07_6395310
chr07	7217722	SL4.0ch07_6464513
chr07	7230186	SL4.0ch07_6476975
chr07	7237240	SL4.0ch07_6483985
chr07	7281599	SL4.0ch07_6528314
chr07	7284509	SL4.0ch07_6531200
chr07	7359738	SL4.0ch07_6623907
chr07	7377079	SL4.0ch07_6641273
chr07	7389553	SL4.0ch07_6653814
chr07	7402265	SL4.0ch07_6666549
chr07	7409926	SL4.0ch07_6674234
chr07	7537768	SL4.0ch07_6839154
chr07	7540676	SL4.0ch07_6842053
chr07	7559538	SL4.0ch07_6860270
chr07	7564651	SL4.0ch07_6865398
chr07	7593139	SL4.0ch07_6884963
chr07	7614643	SL4.0ch07_6901735
chr07	7653841	SL4.0ch07_6951012
chr07	7704219	SL4.0ch07_7001043
chr07	7722479	SL4.0ch07_7019384
chr07	7771766	SL4.0ch07_7068713
chr07	8049526	SL4.0ch07_7348822
chr07	8158561	SL4.0ch07_7449683
chr07	8186605	SL4.0ch07_7474981
chr07	8196252	SL4.0ch07_7484619
chr07	8211150	SL4.0ch07_7499480
chr07	8214347	SL4.0ch07_7502438
chr07	8311781	SL4.0ch07_7594385
chr07	8321021	SL4.0ch07_7603613
chr07	8427801	SL4.0ch07_7710596
chr07	8914602	SL4.0ch07_7763711
chr07	8947049	SL4.0ch07_7796175
chr07	8981037	SL4.0ch07_7830148
chr07	9009260	SL4.0ch07_7858565
chr07	9106543	SL4.0ch07_7955672
chr07	9128812	SL4.0ch07_7974946
chr07	9129243	SL4.0ch07_7975376
chr07	9134434	SL4.0ch07_7980605
chr07	9139978	SL4.0ch07_7986148
chr07	9143556	SL4.0ch07_7989724
chr07	9144674	SL4.0ch07_7990833
chr07	9245811	SL4.0ch07_8092119
chr07	9282744	SL4.0ch07_8123440
chr07	9363586	SL4.0ch07_8202805
chr07	9368696	SL4.0ch07_8207882
chr07	9389043	SL4.0ch07_8228227
chr07	9407535	SL4.0ch07_8246720
chr07	9411016	SL4.0ch07_8250203
chr07	9423320	SL4.0ch07_8262527
chr07	9464843	SL4.0ch07_8304110
chr07	9469141	SL4.0ch07_8308409
chr07	9477153	SL4.0ch07_8316449
chr07	9579164	SL4.0ch07_8420209
chr07	9584541	SL4.0ch07_8425589
chr07	9634515	SL4.0ch07_8475632
chr07	9655613	SL4.0ch07_8496859
chr07	9672682	SL4.0ch07_8513628
chr07	9684224	SL4.0ch07_8525170
chr07	9703662	SL4.0ch07_8544671
chr07	9788584	SL4.0ch07_8628126
chr07	9789894	SL4.0ch07_8629436
chr07	9899365	SL4.0ch07_8739111
chr07	9932275	SL4.0ch07_8771959
chr07	9949180	SL4.0ch07_8788862
chr07	10043575	SL4.0ch07_8883191
chr07	10043948	SL4.0ch07_8883564
chr07	10072438	SL4.0ch07_8912054
chr07	10115700	SL4.0ch07_8955344
chr07	10315777	SL4.0ch07_9153857
chr07	10483109	SL4.0ch07_9323342
chr07	10615964	SL4.0ch07_9456051
chr07	10627148	SL4.0ch07_9467213
chr07	10742518	SL4.0ch07_9580555
chr07	10816106	SL4.0ch07_9654255
chr07	10897224	SL4.0ch07_9735660
chr07	10934229	SL4.0ch07_9773305
chr07	10951815	SL4.0ch07_9790910
chr07	11055906	SL4.0ch07_9890058
chr07	11144817	SL4.0ch07_9982279
chr07	11157882	SL4.0ch07_9995320
chr07	11219272	SL4.0ch07_10056761
chr07	11273287	SL4.0ch07_10110733
chr07	11327830	SL4.0ch07_10165244
chr07	11379963	SL4.0ch07_10217648
chr07	11427429	SL4.0ch07_10265080
chr07	11490353	SL4.0ch07_10327956
chr07	11496195	SL4.0ch07_10333784
chr07	11580032	SL4.0ch07_10417885
chr07	11624550	SL4.0ch07_10462441
chr07	11704132	SL4.0ch07_10542080
chr07	11730639	SL4.0ch07_10568197
chr07	11769376	SL4.0ch07_10606937
chr07	11795085	SL4.0ch07_10632580
chr07	11859575	SL4.0ch07_10697027
chr07	11911740	SL4.0ch07_10749239
chr07	12035370	SL4.0ch07_10874310
chr07	12101009	SL4.0ch07_10939672
chr07	12109829	SL4.0ch07_10948490
chr07	12327283	SL4.0ch07_11162062
chr07	12346333	SL4.0ch07_11181108
chr07	12378423	SL4.0ch07_11213196
chr07	12482170	SL4.0ch07_11316805
chr07	12518020	SL4.0ch07_11352659
chr07	12617819	SL4.0ch07_11452299
chr07	12623281	SL4.0ch07_11457760
chr07	12634216	SL4.0ch07_11468693
chr07	12677678	SL4.0ch07_11508853
chr07	12702150	SL4.0ch07_11533320
chr07	12771186	SL4.0ch07_11610144
chr07	12855059	SL4.0ch07_11692524
chr07	12930934	SL4.0ch07_11768352
chr07	12960855	SL4.0ch07_11800750
chr07	12966493	SL4.0ch07_11806383
chr07	13062105	SL4.0ch07_11901257
chr07	13191178	SL4.0ch07_12028988
chr07	13293988	SL4.0ch07_12131872
chr07	13352003	SL4.0ch07_12189507
chr07	13483365	SL4.0ch07_12316533
chr07	13519069	SL4.0ch07_12352194
chr07	13524589	SL4.0ch07_12357717
chr07	13611739	SL4.0ch07_12444823
chr07	13655016	SL4.0ch07_12487830
chr07	13720857	SL4.0ch07_12554057
chr07	13733830	SL4.0ch07_12567088
chr07	13756206	SL4.0ch07_12589458
chr07	13779414	SL4.0ch07_12612661
chr07	13779737	SL4.0ch07_12612984
chr07	13822866	SL4.0ch07_12651030
chr07	13882596	SL4.0ch07_12710711
chr07	13964250	SL4.0ch07_12792223
chr07	14070703	SL4.0ch07_12899003
chr07	14107214	SL4.0ch07_12935445
chr07	14166193	SL4.0ch07_12992423
chr07	14204545	SL4.0ch07_13030565
chr07	14232061	SL4.0ch07_13057885
chr07	14276155	SL4.0ch07_13102077
chr07	14419373	SL4.0ch07_13242048
chr07	14435698	SL4.0ch07_13258361
chr07	14448982	SL4.0ch07_13271579
chr07	14536032	SL4.0ch07_13358627
chr07	14684917	SL4.0ch07_13507585
chr07	14736601	SL4.0ch07_13559151
chr07	14762073	SL4.0ch07_13626853
chr07	14802681	SL4.0ch07_13666043
chr07	14872499	SL4.0ch07_13735505
chr07	14905887	SL4.0ch07_13768895
chr07	14984893	SL4.0ch07_14445231
chr07	15006543	SL4.0ch07_14423578
chr07	15640491	SL4.0ch07_13951636
chr07	15756578	SL4.0ch07_14067882
chr07	16089753	SL4.0ch07_14900590
chr07	16122090	SL4.0ch07_14932978
chr07	16150177	SL4.0ch07_14961067
chr07	16322496	SL4.0ch07_15118913
chr07	16490807	SL4.0ch07_15287286
chr07	16564691	SL4.0ch07_15360910
chr07	16602813	SL4.0ch07_15399081
chr07	16663579	SL4.0ch07_15459899
chr07	16751977	SL4.0ch07_15547150
chr07	16817812	SL4.0ch07_15668732
chr07	16837882	SL4.0ch07_15688802
chr07	16886204	SL4.0ch07_15737140
chr07	16891046	SL4.0ch07_15741983
chr07	16908133	SL4.0ch07_15760160
chr07	16917186	SL4.0ch07_15769213
chr07	16918421	SL4.0ch07_15770449
chr07	16955484	SL4.0ch07_15809295
chr07	16966531	SL4.0ch07_15819852
chr07	16972679	SL4.0ch07_15825930
chr07	16975350	SL4.0ch07_15828603
chr07	17044325	SL4.0ch07_15897344
chr07	17082610	SL4.0ch07_15929925
chr07	17119472	SL4.0ch07_15954359
chr07	17130724	SL4.0ch07_15965597
chr07	17193643	SL4.0ch07_16033332
chr07	17372890	SL4.0ch07_16223600
chr07	17449028	SL4.0ch07_16280162
chr07	17659017	SL4.0ch07_16483166
chr07	17662550	SL4.0ch07_16486712
chr07	17698473	SL4.0ch07_16522633
chr07	17800339	SL4.0ch07_16618204
chr07	17917566	SL4.0ch07_16735234
chr07	17924794	SL4.0ch07_16742463
chr07	17940959	SL4.0ch07_16746688
chr07	17961802	SL4.0ch07_16767564
chr07	18021643	SL4.0ch07_16863820
chr07	18080799	SL4.0ch07_16923049
chr07	18132973	SL4.0ch07_16965401
chr07	18141764	SL4.0ch07_16974229
chr07	18199816	SL4.0ch07_17039282
chr07	18319032	SL4.0ch07_17134881
chr07	18361945	SL4.0ch07_17177710
chr07	18380692	SL4.0ch07_17195292
chr07	18475684	SL4.0ch07_17290166
chr07	18493861	SL4.0ch07_17308242
chr07	18510549	SL4.0ch07_17324982
chr07	18522676	SL4.0ch07_17337103
chr07	18556943	SL4.0ch07_17406364
chr07	18630886	SL4.0ch07_17472937
chr07	18702114	SL4.0ch07_17535687
chr07	18833033	SL4.0ch07_17652420
chr07	18935292	SL4.0ch07_17755618
chr07	19039252	SL4.0ch07_17857002
chr07	19133992	SL4.0ch07_17930021
chr07	19199725	SL4.0ch07_17997288
chr07	19254451	SL4.0ch07_18030441
chr07	19285288	SL4.0ch07_18069051
chr07	19297682	SL4.0ch07_18081443
chr07	19373858	SL4.0ch07_18708072
chr07	19384801	SL4.0ch07_18719013
chr07	19414237	SL4.0ch07_18767629
chr07	19510144	SL4.0ch07_18856372
chr07	19550642	SL4.0ch07_18898217
chr07	19688438	SL4.0ch07_19028610
chr07	19696489	SL4.0ch07_19036661
chr07	19725601	SL4.0ch07_19065829
chr07	19741812	SL4.0ch07_19082038
chr07	19808963	SL4.0ch07_19140123
chr07	19835050	SL4.0ch07_19166231
chr07	19911608	SL4.0ch07_19252600
chr07	19964708	SL4.0ch07_19305712
chr07	20040464	SL4.0ch07_19383892
chr07	20142626	SL4.0ch07_19485798
chr07	20156158	SL4.0ch07_19499333
chr07	20181122	SL4.0ch07_19522145
chr07	20287973	SL4.0ch07_19636651
chr07	20302834	SL4.0ch07_19653410
chr07	20411642	SL4.0ch07_19762478
chr07	20463638	SL4.0ch07_19814383
chr07	20550779	SL4.0ch07_19906419
chr07	20571250	SL4.0ch07_19929398
chr07	20577030	SL4.0ch07_19935177
chr07	20622451	SL4.0ch07_19983281
chr07	20686639	SL4.0ch07_20166312
chr07	20717294	SL4.0ch07_20197075
chr07	20766750	SL4.0ch07_20246459
chr07	20836967	SL4.0ch07_20315250
chr07	20898581	SL4.0ch07_20365821
chr07	20982630	SL4.0ch07_20445770
chr07	21093479	SL4.0ch07_20556941
chr07	21156222	SL4.0ch07_20619677
chr07	21242376	SL4.0ch07_20713643
chr07	21282760	SL4.0ch07_20758767
chr07	21421148	SL4.0ch07_20890478
chr07	21537689	SL4.0ch07_21018628
chr07	21620371	SL4.0ch07_21101254
chr07	21684066	SL4.0ch07_21164847
chr07	21698789	SL4.0ch07_21179582
chr07	21718379	SL4.0ch07_21199214
chr07	21907939	SL4.0ch07_21386076
chr07	22084945	SL4.0ch07_21582333
chr07	22136766	SL4.0ch07_21626499
chr07	22256761	SL4.0ch07_21735639
chr07	22487416	SL4.0ch07_21967452
chr07	22633286	SL4.0ch07_22123246
chr07	22651250	SL4.0ch07_22142412
chr07	22799645	SL4.0ch07_22289886
chr07	22804071	SL4.0ch07_22294304
chr07	22922855	SL4.0ch07_22434249
chr07	22933856	SL4.0ch07_22445251
chr07	23072035	SL4.0ch07_22578853
chr07	23162551	SL4.0ch07_22684717
chr07	23263352	SL4.0ch07_22774504
chr07	23483494	SL4.0ch07_22863041
chr07	23507920	SL4.0ch07_22889549
chr07	23624264	SL4.0ch07_22993015
chr07	23658707	SL4.0ch07_23027473
chr07	23666820	SL4.0ch07_23035572
chr07	23780074	SL4.0ch07_23165479
chr07	23842379	SL4.0ch07_23227736
chr07	23927378	SL4.0ch07_23295717
chr07	24029497	SL4.0ch07_23397609
chr07	24082944	SL4.0ch07_23431183
chr07	24218823	SL4.0ch07_23572905
chr07	24359142	SL4.0ch07_23714475
chr07	24470785	SL4.0ch07_23826057
chr07	24595895	SL4.0ch07_23951741
chr07	24599434	SL4.0ch07_23955280
chr07	24695106	SL4.0ch07_24051201
chr07	24723972	SL4.0ch07_24080095
chr07	24875520	SL4.0ch07_24227814
chr07	24895982	SL4.0ch07_24248268
chr07	24909098	SL4.0ch07_24261375
chr07	25002147	SL4.0ch07_24353938
chr07	25030753	SL4.0ch07_24382565
chr07	25150634	SL4.0ch07_24495673
chr07	25354878	SL4.0ch07_24685148
chr07	25410719	SL4.0ch07_24794040
chr07	25504404	SL4.0ch07_24929372
chr07	25504881	SL4.0ch07_24929849
chr07	25635741	SL4.0ch07_25053932
chr07	25636418	SL4.0ch07_25054609
chr07	25640810	SL4.0ch07_25059051
chr07	25718139	SL4.0ch07_25137129
chr07	25782016	SL4.0ch07_25197237
chr07	25918306	SL4.0ch07_25259885
chr07	25963105	SL4.0ch07_25300109
chr07	26062686	SL4.0ch07_25393223
chr07	26255602	SL4.0ch07_25585919
chr07	26314454	SL4.0ch07_25644655
chr07	26452001	SL4.0ch07_25764895
chr07	26512360	SL4.0ch07_25825389
chr07	26664014	SL4.0ch07_25978300
chr07	26780999	SL4.0ch07_26093345
chr07	26989269	SL4.0ch07_26586953
chr07	27092628	SL4.0ch07_26678948
chr07	27155757	SL4.0ch07_26742249
chr07	27196190	SL4.0ch07_26783421
chr07	27197299	SL4.0ch07_26784530
chr07	27289024	SL4.0ch07_26873407
chr07	27329503	SL4.0ch07_26913850
chr07	27412251	SL4.0ch07_26996965
chr07	27673065	SL4.0ch07_27240676
chr07	27718996	SL4.0ch07_27286662
chr07	27722567	SL4.0ch07_27290235
chr07	27749113	SL4.0ch07_27316715
chr07	27886298	SL4.0ch07_27457063
chr07	27988756	SL4.0ch07_27548533
chr07	28040125	SL4.0ch07_27599852
chr07	28059658	SL4.0ch07_27619376
chr07	28065073	SL4.0ch07_27624778
chr07	28095170	SL4.0ch07_27654934
chr07	28095601	SL4.0ch07_27655365
chr07	28112863	SL4.0ch07_27672624
chr07	28244869	SL4.0ch07_27793032
chr07	28271465	SL4.0ch07_27817281
chr07	28378940	SL4.0ch07_27929913
chr07	28400500	SL4.0ch07_27951484
chr07	28451710	SL4.0ch07_28002967
chr07	28478381	SL4.0ch07_28029741
chr07	28562736	SL4.0ch07_28105303
chr07	28611549	SL4.0ch07_28167358
chr07	28902226	SL4.0ch07_28450158
chr07	28961079	SL4.0ch07_28513083
chr07	28974794	SL4.0ch07_28557554
chr07	29053115	SL4.0ch07_28628618
chr07	29063891	SL4.0ch07_28639394
chr07	29091127	SL4.0ch07_28660218
chr07	29205213	SL4.0ch07_31077193
chr07	29312795	SL4.0ch07_30969734
chr07	29378839	SL4.0ch07_30889907
chr07	29405412	SL4.0ch07_30863034
chr07	29460888	SL4.0ch07_30807355
chr07	29476767	SL4.0ch07_30791458
chr07	29662882	SL4.0ch07_30604364
chr07	29666769	SL4.0ch07_30600469
chr07	29677207	SL4.0ch07_30590031
chr07	29698862	SL4.0ch07_30568358
chr07	29791350	SL4.0ch07_30475540
chr07	29835380	SL4.0ch07_30431579
chr07	29863603	SL4.0ch07_30403336
chr07	29951633	SL4.0ch07_30316981
chr07	29953643	SL4.0ch07_30314971
chr07	29968182	SL4.0ch07_30300429
chr07	30160573	SL4.0ch07_30108069
chr07	30303558	SL4.0ch07_29977357
chr07	30334304	SL4.0ch07_29938991
chr07	30423144	SL4.0ch07_29681770
chr07	30475591	SL4.0ch07_29639535
chr07	30673232	SL4.0ch07_29354215
chr07	30706446	SL4.0ch07_29321047
chr07	30889509	SL4.0ch07_29138757
chr07	31012817	SL4.0ch07_29013178
chr07	31037875	SL4.0ch07_28988162
chr07	31095855	SL4.0ch07_28930132
chr07	31160321	SL4.0ch07_28865316
chr07	31166943	SL4.0ch07_28858695
chr07	31197712	SL4.0ch07_31191302
chr07	31323675	SL4.0ch07_31324122
chr07	31384857	SL4.0ch07_31385202
chr07	31456717	SL4.0ch07_31457060
chr07	31624973	SL4.0ch07_31658662
chr07	31736771	SL4.0ch07_31792782
chr07	31775652	SL4.0ch07_31831560
chr07	31865031	SL4.0ch07_31919736
chr07	31891422	SL4.0ch07_31946017
chr07	31957430	SL4.0ch07_32011921
chr07	32079240	SL4.0ch07_32121870
chr07	32108056	SL4.0ch07_32150650
chr07	32169360	SL4.0ch07_32212051
chr07	32278575	SL4.0ch07_32311647
chr07	32355672	SL4.0ch07_32381367
chr07	32406951	SL4.0ch07_32432702
chr07	32527776	SL4.0ch07_32560389
chr07	32641621	SL4.0ch07_32684806
chr07	32674125	SL4.0ch07_32717302
chr07	32745866	SL4.0ch07_32789247
chr07	32830295	SL4.0ch07_32873494
chr07	32886145	SL4.0ch07_32928541
chr07	32947572	SL4.0ch07_33000505
chr07	33001154	SL4.0ch07_33054098
chr07	33078220	SL4.0ch07_33145246
chr07	33149339	SL4.0ch07_33216246
chr07	33195498	SL4.0ch07_33262322
chr07	33318259	SL4.0ch07_33378755
chr07	33343082	SL4.0ch07_33403581
chr07	33345189	SL4.0ch07_33405628
chr07	33420500	SL4.0ch07_33480562
chr07	33486162	SL4.0ch07_33546260
chr07	33739127	SL4.0ch07_33627611
chr07	33846593	SL4.0ch07_33734863
chr07	33888845	SL4.0ch07_33777183
chr07	33901380	SL4.0ch07_33789703
chr07	34039309	SL4.0ch07_33928611
chr07	34061605	SL4.0ch07_33950852
chr07	34140258	SL4.0ch07_34031780
chr07	34224846	SL4.0ch07_34117069
chr07	34246236	SL4.0ch07_34138471
chr07	34247434	SL4.0ch07_34139669
chr07	34255621	SL4.0ch07_34147855
chr07	34342111	SL4.0ch07_34241266
chr07	34366919	SL4.0ch07_34277958
chr07	34472510	SL4.0ch07_34383440
chr07	34513229	SL4.0ch07_34422731
chr07	34520156	SL4.0ch07_34429640
chr07	34804880	SL4.0ch07_34779661
chr07	34815878	SL4.0ch07_34790656
chr07	34862090	SL4.0ch07_34836816
chr07	34929683	SL4.0ch07_34904380
chr07	34972762	SL4.0ch07_34948069
chr07	35031367	SL4.0ch07_35005880
chr07	35138512	SL4.0ch07_35100726
chr07	35154645	SL4.0ch07_35116793
chr07	35227711	SL4.0ch07_35189484
chr07	35342724	SL4.0ch07_35304166
chr07	35360871	SL4.0ch07_35322308
chr07	35462350	SL4.0ch07_35427996
chr07	35494412	SL4.0ch07_35459498
chr07	35590525	SL4.0ch07_35555528
chr07	35691062	SL4.0ch07_35650281
chr07	35736288	SL4.0ch07_35699733
chr07	35808401	SL4.0ch07_35771012
chr07	35827945	SL4.0ch07_35796176
chr07	35911757	SL4.0ch07_35880115
chr07	36021565	SL4.0ch07_35981177
chr07	36135375	SL4.0ch07_36087633
chr07	36144216	SL4.0ch07_36096392
chr07	36214941	SL4.0ch07_36167157
chr07	36328422	SL4.0ch07_36303471
chr07	36340633	SL4.0ch07_36315679
chr07	36347638	SL4.0ch07_36322713
chr07	36428626	SL4.0ch07_36404172
chr07	36467404	SL4.0ch07_36442859
chr07	36511972	SL4.0ch07_36508469
chr07	36612923	SL4.0ch07_36651417
chr07	36744539	SL4.0ch07_36794105
chr07	36771444	SL4.0ch07_36821493
chr07	36794338	SL4.0ch07_36843357
chr07	36806625	SL4.0ch07_36855999
chr07	36950335	SL4.0ch07_36962793
chr07	37045298	SL4.0ch07_37065921
chr07	37054318	SL4.0ch07_37074936
chr07	37083174	SL4.0ch07_37104224
chr07	37108600	SL4.0ch07_37129654
chr07	37204008	SL4.0ch07_37224048
chr07	37248001	SL4.0ch07_37267839
chr07	37309700	SL4.0ch07_37338502
chr07	37412743	SL4.0ch07_37441838
chr07	37533394	SL4.0ch07_37562240
chr07	37559127	SL4.0ch07_37574471
chr07	37571815	SL4.0ch07_37599239
chr07	37620132	SL4.0ch07_37634662
chr07	37632435	SL4.0ch07_37646968
chr07	37647846	SL4.0ch07_37662441
chr07	37735908	SL4.0ch07_37750237
chr07	37745207	SL4.0ch07_37759574
chr07	37771859	SL4.0ch07_37786325
chr07	37778967	SL4.0ch07_37793430
chr07	38432901	SL4.0ch07_38213875
chr07	38463591	SL4.0ch07_38244607
chr07	38471162	SL4.0ch07_38252197
chr07	38478859	SL4.0ch07_38259991
chr07	38505550	SL4.0ch07_38286852
chr07	38512446	SL4.0ch07_38293748
chr07	38816168	SL4.0ch07_38638832
chr07	38897861	SL4.0ch07_38722889
chr07	38909456	SL4.0ch07_38734436
chr07	38928106	SL4.0ch07_38750857
chr07	38945728	SL4.0ch07_38768459
chr07	39001843	SL4.0ch07_38834972
chr07	39067674	SL4.0ch07_38893467
chr07	39155854	SL4.0ch07_38921208
chr07	39267451	SL4.0ch07_39026199
chr07	39269054	SL4.0ch07_39027804
chr07	39271627	SL4.0ch07_39030375
chr07	39277379	SL4.0ch07_39036128
chr07	39294242	SL4.0ch07_39053036
chr07	39418699	SL4.0ch07_39177992
chr07	39494039	SL4.0ch07_39253311
chr07	39540522	SL4.0ch07_39299780
chr07	39664730	SL4.0ch07_39407549
chr07	39692634	SL4.0ch07_39435445
chr07	39804591	SL4.0ch07_39549558
chr07	39839981	SL4.0ch07_39586044
chr07	39858303	SL4.0ch07_39604382
chr07	39967707	SL4.0ch07_39713460
chr07	39979173	SL4.0ch07_39724924
chr07	39996946	SL4.0ch07_39742706
chr07	40104677	SL4.0ch07_39851424
chr07	40122310	SL4.0ch07_39869055
chr07	40126809	SL4.0ch07_39873554
chr07	40128615	SL4.0ch07_39875359
chr07	40157572	SL4.0ch07_39904320
chr07	40241014	SL4.0ch07_39987778
chr07	40312442	SL4.0ch07_40066837
chr07	40337889	SL4.0ch07_40092537
chr07	40368356	SL4.0ch07_40121919
chr07	40399427	SL4.0ch07_40152985
chr07	40512142	SL4.0ch07_40248297
chr07	40574431	SL4.0ch07_40311470
chr07	40721648	SL4.0ch07_40472509
chr07	40811106	SL4.0ch07_40562290
chr07	40875921	SL4.0ch07_40626839
chr07	40882186	SL4.0ch07_40633104
chr07	40887886	SL4.0ch07_40638805
chr07	40915161	SL4.0ch07_40666092
chr07	40924990	SL4.0ch07_40675552
chr07	40986444	SL4.0ch07_40736967
chr07	41012561	SL4.0ch07_40763165
chr07	41017359	SL4.0ch07_40767915
chr07	41032889	SL4.0ch07_40783546
chr07	41033582	SL4.0ch07_40784239
chr07	41108656	SL4.0ch07_40859426
chr07	41145184	SL4.0ch07_40895934
chr07	41322702	SL4.0ch07_41026519
chr07	41366293	SL4.0ch07_41070081
chr07	41449573	SL4.0ch07_41153412
chr07	41481689	SL4.0ch07_41185533
chr07	41620296	SL4.0ch07_41324164
chr07	41687994	SL4.0ch07_41392313
chr07	41698855	SL4.0ch07_41400975
chr07	41813385	SL4.0ch07_41524720
chr07	41846875	SL4.0ch07_41559157
chr07	41943799	SL4.0ch07_41649362
chr07	42020873	SL4.0ch07_41719211
chr07	42118681	SL4.0ch07_41800333
chr07	42146185	SL4.0ch07_41827809
chr07	42564116	SL4.0ch07_42405279
chr07	42574863	SL4.0ch07_42394525
chr07	42607016	SL4.0ch07_42363322
chr07	42737812	SL4.0ch07_42230686
chr07	42795510	SL4.0ch07_42172943
chr07	42883947	SL4.0ch07_42084377
chr07	42909960	SL4.0ch07_42058953
chr07	43003064	SL4.0ch07_41961227
chr07	43042820	SL4.0ch07_42682374
chr07	43104933	SL4.0ch07_42741408
chr07	43194460	SL4.0ch07_42831070
chr07	43265624	SL4.0ch07_42896424
chr07	43343931	SL4.0ch07_42980414
chr07	43347050	SL4.0ch07_42983535
chr07	43357956	SL4.0ch07_42994457
chr07	43400841	SL4.0ch07_43037535
chr07	43420477	SL4.0ch07_43057053
chr07	43459776	SL4.0ch07_43096421
chr07	43537435	SL4.0ch07_43223855
chr07	43614174	SL4.0ch07_43301611
chr07	43641584	SL4.0ch07_43329009
chr07	43678228	SL4.0ch07_43365499
chr07	43700613	SL4.0ch07_43388583
chr07	43707256	SL4.0ch07_43395188
chr07	43710058	SL4.0ch07_43397988
chr07	43714851	SL4.0ch07_43402778
chr07	43773076	SL4.0ch07_43465393
chr07	43780309	SL4.0ch07_43472625
chr07	43784217	SL4.0ch07_43476533
chr07	43812429	SL4.0ch07_43516453
chr07	43815446	SL4.0ch07_43519414
chr07	43818096	SL4.0ch07_43522099
chr07	43963166	SL4.0ch07_43640047
chr07	44082480	SL4.0ch07_43730075
chr07	44172194	SL4.0ch07_43826721
chr07	44314299	SL4.0ch07_43968606
chr07	44344401	SL4.0ch07_43998751
chr07	44352625	SL4.0ch07_44006981
chr07	44445301	SL4.0ch07_44099472
chr07	44485424	SL4.0ch07_44146621
chr07	44732613	SL4.0ch07_44488317
chr07	44875280	SL4.0ch07_44620646
chr07	44900730	SL4.0ch07_44646127
chr07	44911469	SL4.0ch07_44657996
chr07	44911821	SL4.0ch07_44658348
chr07	44921143	SL4.0ch07_44667668
chr07	45019222	SL4.0ch07_44766049
chr07	45027474	SL4.0ch07_44774270
chr07	45087551	SL4.0ch07_44833020
chr07	45151874	SL4.0ch07_44899720
chr07	45223927	SL4.0ch07_44971808
chr07	45263512	SL4.0ch07_45011388
chr07	45438646	SL4.0ch07_45186330
chr07	45454305	SL4.0ch07_45202163
chr07	45456930	SL4.0ch07_45204788
chr07	45519819	SL4.0ch07_45268346
chr07	45622764	SL4.0ch07_45393199
chr07	45644685	SL4.0ch07_45415181
chr07	45760481	SL4.0ch07_45527423
chr07	45796984	SL4.0ch07_45574695
chr07	45808468	SL4.0ch07_45586174
chr07	45908543	SL4.0ch07_45685975
chr07	45911665	SL4.0ch07_45689099
chr07	45989659	SL4.0ch07_45767227
chr07	46010082	SL4.0ch07_45787650
chr07	46011439	SL4.0ch07_45789007
chr07	46076661	SL4.0ch07_45841922
chr07	46116595	SL4.0ch07_45881816
chr07	46302904	SL4.0ch07_46069793
chr07	46414002	SL4.0ch07_46191978
chr07	46457176	SL4.0ch07_46235178
chr07	46571769	SL4.0ch07_46348167
chr07	46687956	SL4.0ch07_46460670
chr07	46694825	SL4.0ch07_46467528
chr07	46714675	SL4.0ch07_46487407
chr07	46731279	SL4.0ch07_46504490
chr07	46841360	SL4.0ch07_46613065
chr07	46903800	SL4.0ch07_46691437
chr07	46923616	SL4.0ch07_46711227
chr07	47040503	SL4.0ch07_46815641
chr07	47180763	SL4.0ch07_46963576
chr07	47199449	SL4.0ch07_46982257
chr07	47259374	SL4.0ch07_47042243
chr07	47333562	SL4.0ch07_47116376
chr07	47355532	SL4.0ch07_47139198
chr07	47385439	SL4.0ch07_47168980
chr07	47519687	SL4.0ch07_47310393
chr07	47602528	SL4.0ch07_47388288
chr07	47631976	SL4.0ch07_47417730
chr07	47632985	SL4.0ch07_47418739
chr07	47725887	SL4.0ch07_47518731
chr07	47829073	SL4.0ch07_47672396
chr07	47911911	SL4.0ch07_47717027
chr07	47992078	SL4.0ch07_47793855
chr07	48110210	SL4.0ch07_47912208
chr07	48212627	SL4.0ch07_48014702
chr07	48444704	SL4.0ch07_48238910
chr07	48464377	SL4.0ch07_48258610
chr07	48492469	SL4.0ch07_48288169
chr07	48516607	SL4.0ch07_48312271
chr07	48821848	SL4.0ch07_48615931
chr07	48894710	SL4.0ch07_48673636
chr07	48968045	SL4.0ch07_48746887
chr07	49012863	SL4.0ch07_48791712
chr07	49080798	SL4.0ch07_48859523
chr07	49276746	SL4.0ch07_49051551
chr07	49367295	SL4.0ch07_49142134
chr07	49429947	SL4.0ch07_49205187
chr07	49557061	SL4.0ch07_49332293
chr07	49616071	SL4.0ch07_49386989
chr07	49726292	SL4.0ch07_49497047
chr07	49771296	SL4.0ch07_49542694
chr07	50071822	SL4.0ch07_49840131
chr07	50116143	SL4.0ch07_49884415
chr07	50217370	SL4.0ch07_50000567
chr07	50298783	SL4.0ch07_50082076
chr07	50342544	SL4.0ch07_50125866
chr07	50472429	SL4.0ch07_50253444
chr07	50494814	SL4.0ch07_50275841
chr07	50591008	SL4.0ch07_50344074
chr07	50610204	SL4.0ch07_50363953
chr07	50740837	SL4.0ch07_50481837
chr07	51063362	SL4.0ch07_50764717
chr07	51087108	SL4.0ch07_50783670
chr07	51129029	SL4.0ch07_50825585
chr07	51277844	SL4.0ch07_51017193
chr07	51325816	SL4.0ch07_51063639
chr07	51504229	SL4.0ch07_51203645
chr07	51536952	SL4.0ch07_51236356
chr07	51579087	SL4.0ch07_51278387
chr07	51785565	SL4.0ch07_51485306
chr07	51902728	SL4.0ch07_51592661
chr07	52023862	SL4.0ch07_51712898
chr07	52036060	SL4.0ch07_51725109
chr07	52055865	SL4.0ch07_51744909
chr07	52065476	SL4.0ch07_51754486
chr07	52088588	SL4.0ch07_51778081
chr07	52113130	SL4.0ch07_51808839
chr07	52185513	SL4.0ch07_51881220
chr07	52234442	SL4.0ch07_51930142
chr07	52417121	SL4.0ch07_52103415
chr07	52428637	SL4.0ch07_52115036
chr07	52530109	SL4.0ch07_52212902
chr07	52584792	SL4.0ch07_52267539
chr07	52663909	SL4.0ch07_52345529
chr07	52665032	SL4.0ch07_52346652
chr07	52837763	SL4.0ch07_52513906
chr07	52883530	SL4.0ch07_52525477
chr07	52934274	SL4.0ch07_52576181
chr07	53026922	SL4.0ch07_52743521
chr07	53228078	SL4.0ch07_52938333
chr07	53248315	SL4.0ch07_52958540
chr07	53255356	SL4.0ch07_52965590
chr07	53263079	SL4.0ch07_52973246
chr07	53278075	SL4.0ch07_52988225
chr07	53377970	SL4.0ch07_53088751
chr07	53435559	SL4.0ch07_53146259
chr07	53538479	SL4.0ch07_53242184
chr07	53711682	SL4.0ch07_53406615
chr07	53972229	SL4.0ch07_53679363
chr07	54032808	SL4.0ch07_53739767
chr07	54111841	SL4.0ch07_53813625
chr07	54158508	SL4.0ch07_53861133
chr07	54259803	SL4.0ch07_53957376
chr07	54279559	SL4.0ch07_53977006
chr07	54331828	SL4.0ch07_54041432
chr07	54424560	SL4.0ch07_54133824
chr07	54520331	SL4.0ch07_54220350
chr07	54592692	SL4.0ch07_54317130
chr07	54634001	SL4.0ch07_54358696
chr07	54773165	SL4.0ch07_54490814
chr07	54816455	SL4.0ch07_54533996
chr07	54836196	SL4.0ch07_54553745
chr07	54848791	SL4.0ch07_54566295
chr07	54851959	SL4.0ch07_54569465
chr07	54902574	SL4.0ch07_54620069
chr07	54916026	SL4.0ch07_54633900
chr07	54950110	SL4.0ch07_54667961
chr07	54984463	SL4.0ch07_54702314
chr07	55106552	SL4.0ch07_54824188
chr07	55146960	SL4.0ch07_54864604
chr07	55175287	SL4.0ch07_54892945
chr07	55223371	SL4.0ch07_54941107
chr07	55231012	SL4.0ch07_54948565
chr07	55318382	SL4.0ch07_55036007
chr07	55319654	SL4.0ch07_55037277
chr07	55383480	SL4.0ch07_55101156
chr07	55385189	SL4.0ch07_55102866
chr07	55389467	SL4.0ch07_55107134
chr07	55484261	SL4.0ch07_55214363
chr07	55490901	SL4.0ch07_55221008
chr07	55503758	SL4.0ch07_55233866
chr07	55505537	SL4.0ch07_55235620
chr07	55631075	SL4.0ch07_55349784
chr07	55649014	SL4.0ch07_55367944
chr07	55655975	SL4.0ch07_55378539
chr07	55657836	SL4.0ch07_55380390
chr07	55665022	SL4.0ch07_55387610
chr07	55666362	SL4.0ch07_55388949
chr07	55670980	SL4.0ch07_55393586
chr07	55703861	SL4.0ch07_55422873
chr07	55704493	SL4.0ch07_55423505
chr07	55715364	SL4.0ch07_55434368
chr07	55734099	SL4.0ch07_55501598
chr07	55735241	SL4.0ch07_55502737
chr07	55740505	SL4.0ch07_55508010
chr07	55754086	SL4.0ch07_55523867
chr07	55766951	SL4.0ch07_55536812
chr07	55780252	SL4.0ch07_55550103
chr07	55834968	SL4.0ch07_55611240
chr07	55860807	SL4.0ch07_55635573
chr07	55878041	SL4.0ch07_55657244
chr07	55947132	SL4.0ch07_55726292
chr07	55953290	SL4.0ch07_55732446
chr07	55956922	SL4.0ch07_55736078
chr07	55969611	SL4.0ch07_55748767
chr07	56043969	SL4.0ch07_55823144
chr07	56106512	SL4.0ch07_55876818
chr07	56108410	SL4.0ch07_55878713
chr07	56118497	SL4.0ch07_55888807
chr07	56156067	SL4.0ch07_55927768
chr07	56172127	SL4.0ch07_55943798
chr07	56221447	SL4.0ch07_56005764
chr07	56283189	SL4.0ch07_56068233
chr07	56301337	SL4.0ch07_56086662
chr07	56306096	SL4.0ch07_56091421
chr07	56327034	SL4.0ch07_56112371
chr07	56350254	SL4.0ch07_56127140
chr07	56374029	SL4.0ch07_56141678
chr07	56465450	SL4.0ch07_56237775
chr07	56468892	SL4.0ch07_56241228
chr07	56473623	SL4.0ch07_56245948
chr07	56545857	SL4.0ch07_56318148
chr07	56552498	SL4.0ch07_56324785
chr07	56609336	SL4.0ch07_56382584
chr07	56615261	SL4.0ch07_56388488
chr07	56631981	SL4.0ch07_56405082
chr07	56661353	SL4.0ch07_56434388
chr07	56667306	SL4.0ch07_56440357
chr07	56704453	SL4.0ch07_56482100
chr07	56840736	SL4.0ch07_56611684
chr07	56862285	SL4.0ch07_56633249
chr07	56870543	SL4.0ch07_56641476
chr07	56884778	SL4.0ch07_56655705
chr07	56887540	SL4.0ch07_56658467
chr07	56896088	SL4.0ch07_56667030
chr07	56901647	SL4.0ch07_56672605
chr07	56953657	SL4.0ch07_56724484
chr07	56973279	SL4.0ch07_56743987
chr07	56999023	SL4.0ch07_56769771
chr07	57012420	SL4.0ch07_56783156
chr07	57072665	SL4.0ch07_56836416
chr07	57097099	SL4.0ch07_56860357
chr07	57101255	SL4.0ch07_56864513
chr07	57121289	SL4.0ch07_56884571
chr07	57161242	SL4.0ch07_56924480
chr07	57164161	SL4.0ch07_56927392
chr07	57176567	SL4.0ch07_56946822
chr07	57181169	SL4.0ch07_56951423
chr07	57182982	SL4.0ch07_56953237
chr07	57229369	SL4.0ch07_56999064
chr07	57238198	SL4.0ch07_57007892
chr07	57239210	SL4.0ch07_57008896
chr07	57255932	SL4.0ch07_57025662
chr07	57282298	SL4.0ch07_57051836
chr07	57316773	SL4.0ch07_57086286
chr07	57321558	SL4.0ch07_57091076
chr07	57336199	SL4.0ch07_57105714
chr07	57343698	SL4.0ch07_57113213
chr07	57400446	SL4.0ch07_57168833
chr07	57440687	SL4.0ch07_57214241
chr07	57476107	SL4.0ch07_57280400
chr07	57502573	SL4.0ch07_57313700
chr07	57540524	SL4.0ch07_57341549
chr07	57552831	SL4.0ch07_57358305
chr07	57561601	SL4.0ch07_57367056
chr07	57608100	SL4.0ch07_57415113
chr07	57613902	SL4.0ch07_57420955
chr07	57625610	SL4.0ch07_57432632
chr07	57659133	SL4.0ch07_57466049
chr07	57659749	SL4.0ch07_57466665
chr07	57697022	SL4.0ch07_57490880
chr07	57697143	SL4.0ch07_57491001
chr07	57697341	SL4.0ch07_57491199
chr07	57724895	SL4.0ch07_57518128
chr07	57898475	SL4.0ch07_57663732
chr07	57909050	SL4.0ch07_57680826
chr07	57920929	SL4.0ch07_57692725
chr07	57930834	SL4.0ch07_57702674
chr07	57983493	SL4.0ch07_57764011
chr07	57991910	SL4.0ch07_57772430
chr07	57992907	SL4.0ch07_57773426
chr07	57995948	SL4.0ch07_57776453
chr07	57998560	SL4.0ch07_57779074
chr07	58011509	SL4.0ch07_57792067
chr07	58028714	SL4.0ch07_57809287
chr07	58033285	SL4.0ch07_57813851
chr07	58073799	SL4.0ch07_57854344
chr07	58103599	SL4.0ch07_57884118
chr07	58146602	SL4.0ch07_57926880
chr07	58147295	SL4.0ch07_57927574
chr07	58156241	SL4.0ch07_57934842
chr07	58161148	SL4.0ch07_57939756
chr07	58178167	SL4.0ch07_57956358
chr07	58242652	SL4.0ch07_58020829
chr07	58244293	SL4.0ch07_58022470
chr07	58280107	SL4.0ch07_58056740
chr07	58347328	SL4.0ch07_58127784
chr07	58355360	SL4.0ch07_58137522
chr07	58362707	SL4.0ch07_58144919
chr07	58368297	SL4.0ch07_58150513
chr07	58386825	SL4.0ch07_58169048
chr07	58456887	SL4.0ch07_58238964
chr07	58462713	SL4.0ch07_58244765
chr07	58480518	SL4.0ch07_58269551
chr07	58525050	SL4.0ch07_58306491
chr07	58531259	SL4.0ch07_58312723
chr07	58548429	SL4.0ch07_58329891
chr07	58603093	SL4.0ch07_58377839
chr07	58611676	SL4.0ch07_58386310
chr07	58622609	SL4.0ch07_58397264
chr07	58632571	SL4.0ch07_58407233
chr07	58653430	SL4.0ch07_58428547
chr07	58659625	SL4.0ch07_58434755
chr07	58693362	SL4.0ch07_18374284
chr07	58702395	SL4.0ch07_58474358
chr07	58713109	SL4.0ch07_58485043
chr07	58713381	SL4.0ch07_58485281
chr07	58719451	SL4.0ch07_58491438
chr07	58727405	SL4.0ch07_58499396
chr07	58751916	SL4.0ch07_58523940
chr07	58752332	SL4.0ch07_58524356
chr07	58766764	SL4.0ch07_58538832
chr07	58773020	SL4.0ch07_58545165
chr07	58783009	SL4.0ch07_58555185
chr07	58792208	SL4.0ch07_58564392
chr07	58875408	SL4.0ch07_58645675
chr07	58909991	SL4.0ch07_58657501
chr07	58916567	SL4.0ch07_58664808
chr07	59116321	SL4.0ch07_58696345
chr07	59168571	SL4.0ch07_58748886
chr07	59183472	SL4.0ch07_58763929
chr07	59216185	SL4.0ch07_58796566
chr07	59243430	SL4.0ch07_58823895
chr07	59259557	SL4.0ch07_58839599
chr07	59286785	SL4.0ch07_58867043
chr07	59312603	SL4.0ch07_58892873
chr07	59325996	SL4.0ch07_58906127
chr07	59377144	SL4.0ch07_58953779
chr07	59422308	SL4.0ch07_58998954
chr07	59424988	SL4.0ch07_59001716
chr07	59426006	SL4.0ch07_59002734
chr07	59436761	SL4.0ch07_59017850
chr07	59454308	SL4.0ch07_59034519
chr07	59489594	SL4.0ch07_59061614
chr07	59497058	SL4.0ch07_59070609
chr07	59499954	SL4.0ch07_59073508
chr07	59520158	SL4.0ch07_59093507
chr07	59528667	SL4.0ch07_59101992
chr07	59533694	SL4.0ch07_59106966
chr07	59578744	SL4.0ch07_59152105
chr07	59627106	SL4.0ch07_59200609
chr07	59699924	SL4.0ch07_59307365
chr07	59732141	SL4.0ch07_59339848
chr07	59739967	SL4.0ch07_59347664
chr07	59796636	SL4.0ch07_59389763
chr07	59887039	SL4.0ch07_59441499
chr07	59889590	SL4.0ch07_59444048
chr07	59906950	SL4.0ch07_59461489
chr07	59915574	SL4.0ch07_59470121
chr07	59936277	SL4.0ch07_59480831
chr07	59939734	SL4.0ch07_59484289
chr07	59949452	SL4.0ch07_59494009
chr07	59963109	SL4.0ch07_59507670
chr07	60012269	SL4.0ch07_59551729
chr07	60016337	SL4.0ch07_59555760
chr07	60018995	SL4.0ch07_59558346
chr07	60029529	SL4.0ch07_59569430
chr07	60030996	SL4.0ch07_59570897
chr07	60079229	SL4.0ch07_59624471
chr07	60112691	SL4.0ch07_59657730
chr07	60115709	SL4.0ch07_59660748
chr07	60148151	SL4.0ch07_59694816
chr07	60152324	SL4.0ch07_59698990
chr07	60168510	SL4.0ch07_59709500
chr07	60180961	SL4.0ch07_59721923
chr07	60249570	SL4.0ch07_59795416
chr07	60276428	SL4.0ch07_59830109
chr07	60290902	SL4.0ch07_59844661
chr07	60291934	SL4.0ch07_59845689
chr07	60316108	SL4.0ch07_59869915
chr07	60378973	SL4.0ch07_59947406
chr07	60379383	SL4.0ch07_59947816
chr07	60379495	SL4.0ch07_59947928
chr07	60385403	SL4.0ch07_59953806
chr07	60400588	SL4.0ch07_59968975
chr07	60402957	SL4.0ch07_59971344
chr07	60442851	SL4.0ch07_60011182
chr07	60443061	SL4.0ch07_60011392
chr07	60450503	SL4.0ch07_60018873
chr07	60863672	SL4.0ch07_60193902
chr07	60883397	SL4.0ch07_60213614
chr07	60889844	SL4.0ch07_60220065
chr07	60892701	SL4.0ch07_60222921
chr07	60902554	SL4.0ch07_60232771
chr07	60950686	SL4.0ch07_60279138
chr07	60982396	SL4.0ch07_60311324
chr07	60986597	SL4.0ch07_60315522
chr07	61029376	SL4.0ch07_60363465
chr07	61098467	SL4.0ch07_60428950
chr07	61122215	SL4.0ch07_60453410
chr07	61124247	SL4.0ch07_60455444
chr07	61136511	SL4.0ch07_60468103
chr07	61137799	SL4.0ch07_60469388
chr07	61137972	SL4.0ch07_60469562
chr07	61138532	SL4.0ch07_60470125
chr07	61138913	SL4.0ch07_60470506
chr07	61139153	SL4.0ch07_60470746
chr07	61144615	SL4.0ch07_60476205
chr07	61176253	SL4.0ch07_60520688
chr07	61192577	SL4.0ch07_60536888
chr07	61228729	SL4.0ch07_60568072
chr07	61253733	SL4.0ch07_60593085
chr07	61268226	SL4.0ch07_60611100
chr07	61278275	SL4.0ch07_60621136
chr07	61287082	SL4.0ch07_60629888
chr07	61293204	SL4.0ch07_60636014
chr07	61297135	SL4.0ch07_60639950
chr07	61335723	SL4.0ch07_60677852
chr07	61366392	SL4.0ch07_60708679
chr07	61386581	SL4.0ch07_60728775
chr07	61413386	SL4.0ch07_60755492
chr07	61425919	SL4.0ch07_60768026
chr07	61432620	SL4.0ch07_60774732
chr07	61436457	SL4.0ch07_60778537
chr07	61439277	SL4.0ch07_60781334
chr07	61442113	SL4.0ch07_60784166
chr07	61455433	SL4.0ch07_60794367
chr07	61466786	SL4.0ch07_60807842
chr07	61467824	SL4.0ch07_60808877
chr07	61473396	SL4.0ch07_60814414
chr07	61487233	SL4.0ch07_60828190
chr07	61553273	SL4.0ch07_60894028
chr07	61595690	SL4.0ch07_60936089
chr07	61646851	SL4.0ch07_60957067
chr07	61666789	SL4.0ch07_60973956
chr07	61700796	SL4.0ch07_61007711
chr07	61747778	SL4.0ch07_61054833
chr07	61760561	SL4.0ch07_61067620
chr07	61786270	SL4.0ch07_61092379
chr07	61786952	SL4.0ch07_61093061
chr07	61801529	SL4.0ch07_61107690
chr07	61808990	SL4.0ch07_61115144
chr07	61846509	SL4.0ch07_61231291
chr07	61847203	SL4.0ch07_61231985
chr07	61857263	SL4.0ch07_61242030
chr07	61868316	SL4.0ch07_61252088
chr07	61875748	SL4.0ch07_61259520
chr07	61890396	SL4.0ch07_61274130
chr07	61910077	SL4.0ch07_61294306
chr07	61929089	SL4.0ch07_61308466
chr07	61971320	SL4.0ch07_61350927
chr07	61982848	SL4.0ch07_61359713
chr07	61996999	SL4.0ch07_61394251
chr07	62003674	SL4.0ch07_61400925
chr07	62027954	SL4.0ch07_61425217
chr07	62102214	SL4.0ch07_61474943
chr07	62166954	SL4.0ch07_61539623
chr07	62178181	SL4.0ch07_61550852
chr07	62206148	SL4.0ch07_61577684
chr07	62207378	SL4.0ch07_61578914
chr07	62226962	SL4.0ch07_61588406
chr07	62235247	SL4.0ch07_61596702
chr07	62236155	SL4.0ch07_61597610
chr07	62278908	SL4.0ch07_61640505
chr07	62301953	SL4.0ch07_61663590
chr07	62331891	SL4.0ch07_61694263
chr07	62332216	SL4.0ch07_61694590
chr07	62337026	SL4.0ch07_61699400
chr07	62351817	SL4.0ch07_61714141
chr07	62360978	SL4.0ch07_61723290
chr07	62361687	SL4.0ch07_61723978
chr07	62382961	SL4.0ch07_61747305
chr07	62424910	SL4.0ch07_61783697
chr07	62463417	SL4.0ch07_61822976
chr07	62510695	SL4.0ch07_61872087
chr07	62522421	SL4.0ch07_61883859
chr07	62540878	SL4.0ch07_61902490
chr07	62582001	SL4.0ch07_61950685
chr07	62607057	SL4.0ch07_61975735
chr07	62623574	SL4.0ch07_61992252
chr07	62634284	SL4.0ch07_62002887
chr07	62691731	SL4.0ch07_62062266
chr07	62692927	SL4.0ch07_62063462
chr07	62761940	SL4.0ch07_62129111
chr07	62775592	SL4.0ch07_62142854
chr07	62798928	SL4.0ch07_62166240
chr07	62806477	SL4.0ch07_62173785
chr07	62808649	SL4.0ch07_62175957
chr07	62839342	SL4.0ch07_62206590
chr07	62847178	SL4.0ch07_62214407
chr07	62891054	SL4.0ch07_62258529
chr07	62905723	SL4.0ch07_62273296
chr07	62959134	SL4.0ch07_62326622
chr07	62992137	SL4.0ch07_62358983
chr07	63022648	SL4.0ch07_62378219
chr07	63067739	SL4.0ch07_62423098
chr07	63071731	SL4.0ch07_62427093
chr07	63084385	SL4.0ch07_62433553
chr07	63084892	SL4.0ch07_62434060
chr07	63100777	SL4.0ch07_62448522
chr07	63104101	SL4.0ch07_62451977
chr07	63113338	SL4.0ch07_62461211
chr07	63122517	SL4.0ch07_62470403
chr07	63133021	SL4.0ch07_62480888
chr07	63167931	SL4.0ch07_62515749
chr07	63171497	SL4.0ch07_62519311
chr07	63276031	SL4.0ch07_62620332
chr07	63293083	SL4.0ch07_62637381
chr07	63294278	SL4.0ch07_62638576
chr07	63295271	SL4.0ch07_62639569
chr07	63295640	SL4.0ch07_62639938
chr07	63317762	SL4.0ch07_62661330
chr07	63332003	SL4.0ch07_62675594
chr07	63351411	SL4.0ch07_62695059
chr07	63366742	SL4.0ch07_62710547
chr07	63372004	SL4.0ch07_62715807
chr07	63385628	SL4.0ch07_62729430
chr07	63471630	SL4.0ch07_62827959
chr07	63473573	SL4.0ch07_62829898
chr07	63477817	SL4.0ch07_62834180
chr07	63492867	SL4.0ch07_62845167
chr07	63498311	SL4.0ch07_62850392
chr07	63556096	SL4.0ch07_62904710
chr07	63577314	SL4.0ch07_62926092
chr07	63623429	SL4.0ch07_62972243
chr07	63703314	SL4.0ch07_63020126
chr07	63727798	SL4.0ch07_63051449
chr07	63735730	SL4.0ch07_63063562
chr07	63739932	SL4.0ch07_63067771
chr07	63780727	SL4.0ch07_63072341
chr07	63809322	SL4.0ch07_63101280
chr07	63858132	SL4.0ch07_63150071
chr07	63859052	SL4.0ch07_63150982
chr07	63873643	SL4.0ch07_63165633
chr07	63877498	SL4.0ch07_63169485
chr07	63878065	SL4.0ch07_63170052
chr07	63883629	SL4.0ch07_63175617
chr07	63917196	SL4.0ch07_63209315
chr07	63931459	SL4.0ch07_63223536
chr07	63996698	SL4.0ch07_63288249
chr07	63997482	SL4.0ch07_63289033
chr07	64027829	SL4.0ch07_63319330
chr07	64036397	SL4.0ch07_63327887
chr07	64050366	SL4.0ch07_63358447
chr07	64057216	SL4.0ch07_63365252
chr07	64057709	SL4.0ch07_63365745
chr07	64096870	SL4.0ch07_63405894
chr07	64134608	SL4.0ch07_63447082
chr07	64139982	SL4.0ch07_63452455
chr07	64183629	SL4.0ch07_63519449
chr07	64199476	SL4.0ch07_63539879
chr07	64201180	SL4.0ch07_63541584
chr07	64201487	SL4.0ch07_63541891
chr07	64210797	SL4.0ch07_63551152
chr07	64219338	SL4.0ch07_63559670
chr07	64221443	SL4.0ch07_63561776
chr07	64221759	SL4.0ch07_63562092
chr07	64226475	SL4.0ch07_63566814
chr07	64292399	SL4.0ch07_63632123
chr07	64335638	SL4.0ch07_63675450
chr07	64345279	SL4.0ch07_63685091
chr07	64374578	SL4.0ch07_63713246
chr07	64397610	SL4.0ch07_63736286
chr07	64400487	SL4.0ch07_63739173
chr07	64421841	SL4.0ch07_63760487
chr07	64427073	SL4.0ch07_63765720
chr07	64434344	SL4.0ch07_63772962
chr07	64470056	SL4.0ch07_63809116
chr07	64480091	SL4.0ch07_63819154
chr07	64554292	SL4.0ch07_63885674
chr07	64577575	SL4.0ch07_63908712
chr07	64604845	SL4.0ch07_63935876
chr07	64609879	SL4.0ch07_63941192
chr07	64651866	SL4.0ch07_63984547
chr07	64667637	SL4.0ch07_64000343
chr07	64731794	SL4.0ch07_64064412
chr07	64734988	SL4.0ch07_64067633
chr07	64742620	SL4.0ch07_64075244
chr07	64743037	SL4.0ch07_64075644
chr07	64752524	SL4.0ch07_64085220
chr07	64755049	SL4.0ch07_64087749
chr07	64764748	SL4.0ch07_64097403
chr07	64812631	SL4.0ch07_64146745
chr07	64831918	SL4.0ch07_64157979
chr07	64842078	SL4.0ch07_64168962
chr07	64862267	SL4.0ch07_64189124
chr07	64899360	SL4.0ch07_64226129
chr07	64951947	SL4.0ch07_64279078
chr07	64958264	SL4.0ch07_64285406
chr07	64983629	SL4.0ch07_64310691
chr07	64992332	SL4.0ch07_64319355
chr07	65042246	SL4.0ch07_64362125
chr07	65047423	SL4.0ch07_64367329
chr07	65058529	SL4.0ch07_64378429
chr07	65069260	SL4.0ch07_64389140
chr07	65096203	SL4.0ch07_64407119
chr07	65097227	SL4.0ch07_64408144
chr07	65165605	SL4.0ch07_64460882
chr07	65225942	SL4.0ch07_64529785
chr07	65237217	SL4.0ch07_64541073
chr07	65285987	SL4.0ch07_64587131
chr07	65286176	SL4.0ch07_64587320
chr07	65309324	SL4.0ch07_64611891
chr07	65354777	SL4.0ch07_64654277
chr07	65359245	SL4.0ch07_64658752
chr07	65374767	SL4.0ch07_64674266
chr07	65379981	SL4.0ch07_64679480
chr07	65462342	SL4.0ch07_64741514
chr07	65478058	SL4.0ch07_64757238
chr07	65507113	SL4.0ch07_64785579
chr07	65510491	SL4.0ch07_64788957
chr07	65518630	SL4.0ch07_64797092
chr07	65531610	SL4.0ch07_64810034
chr07	65570720	SL4.0ch07_64850025
chr07	65584576	SL4.0ch07_64863851
chr07	65587941	SL4.0ch07_64867231
chr07	65588398	SL4.0ch07_64867688
chr07	65595675	SL4.0ch07_64876878
chr07	65618678	SL4.0ch07_64899917
chr07	65712703	SL4.0ch07_64982657
chr07	65741690	SL4.0ch07_65013075
chr07	65743962	SL4.0ch07_65015344
chr07	65755738	SL4.0ch07_65027143
chr07	65791341	SL4.0ch07_65063029
chr07	65792696	SL4.0ch07_65064384
chr07	65805543	SL4.0ch07_65077221
chr07	65815357	SL4.0ch07_65087061
chr07	65815564	SL4.0ch07_65087268
chr07	65817222	SL4.0ch07_65088992
chr07	65819929	SL4.0ch07_65090498
chr07	65857046	SL4.0ch07_65127769
chr07	65912486	SL4.0ch07_65183950
chr07	65923579	SL4.0ch07_65194994
chr07	65934860	SL4.0ch07_65205948
chr07	65972521	SL4.0ch07_65243735
chr07	65994370	SL4.0ch07_65268053
chr07	66024170	SL4.0ch07_65297796
chr07	66041258	SL4.0ch07_65315097
chr07	66141392	SL4.0ch07_65392831
chr07	66147157	SL4.0ch07_65398593
chr07	66152203	SL4.0ch07_65403638
chr07	66157063	SL4.0ch07_65408496
chr07	66199729	SL4.0ch07_65450889
chr07	66221692	SL4.0ch07_65473030
chr07	66224183	SL4.0ch07_65475539
chr07	66283236	SL4.0ch07_65523902
chr07	66303098	SL4.0ch07_65543709
chr07	66314796	SL4.0ch07_65555360
chr07	66322149	SL4.0ch07_65562730
chr07	66328500	SL4.0ch07_65569060
chr07	66360513	SL4.0ch07_65601034
chr07	66378345	SL4.0ch07_65618990
chr07	66444483	SL4.0ch07_65681446
chr07	66448093	SL4.0ch07_65685054
chr07	66505871	SL4.0ch07_65742797
chr07	66522005	SL4.0ch07_65758932
chr07	66537001	SL4.0ch07_65773939
chr07	66548755	SL4.0ch07_65785583
chr07	66572794	SL4.0ch07_65809560
chr07	66594025	SL4.0ch07_65830773
chr07	66602824	SL4.0ch07_65839574
chr07	66625266	SL4.0ch07_65862006
chr07	66643985	SL4.0ch07_65880700
chr07	66650549	SL4.0ch07_65887272
chr07	66676488	SL4.0ch07_65909996
chr07	66689451	SL4.0ch07_65922833
chr07	66696851	SL4.0ch07_65930233
chr07	66716750	SL4.0ch07_65949390
chr07	66745858	SL4.0ch07_65975213
chr07	66805785	SL4.0ch07_66036983
chr07	66831259	SL4.0ch07_66062474
chr07	66860318	SL4.0ch07_66091934
chr07	66864170	SL4.0ch07_66095739
chr07	66894233	SL4.0ch07_66125821
chr07	66900863	SL4.0ch07_66132409
chr07	66915950	SL4.0ch07_66144550
chr07	66931184	SL4.0ch07_66159802
chr07	66931858	SL4.0ch07_66160478
chr07	66972146	SL4.0ch07_66200544
chr07	66991493	SL4.0ch07_66219879
chr07	66998544	SL4.0ch07_66226931
chr07	67003069	SL4.0ch07_66231454
chr07	67021068	SL4.0ch07_66249421
chr07	67062936	SL4.0ch07_66286107
chr07	67096848	SL4.0ch07_66320016
chr07	67119065	SL4.0ch07_66342338
chr07	67133850	SL4.0ch07_66357100
chr07	67144734	SL4.0ch07_66367966
chr07	67184284	SL4.0ch07_66407275
chr07	67186242	SL4.0ch07_66409233
chr07	67191337	SL4.0ch07_66414325
chr07	67193279	SL4.0ch07_66416273
chr07	67223165	SL4.0ch07_66446098
chr07	67240617	SL4.0ch07_66463488
chr07	67256174	SL4.0ch07_66479023
chr07	67261431	SL4.0ch07_66484280
chr07	67268990	SL4.0ch07_66491831
chr07	67294431	SL4.0ch07_66517497
chr07	67305145	SL4.0ch07_66528222
chr07	67342759	SL4.0ch07_66565915
chr07	67385961	SL4.0ch07_66608906
chr07	67394091	SL4.0ch07_66617043
chr07	67407057	SL4.0ch07_66630011
chr07	67424973	SL4.0ch07_66646015
chr07	67447912	SL4.0ch07_66669165
chr07	67488027	SL4.0ch07_66709463
chr07	67517151	SL4.0ch07_66738782
chr07	67538308	SL4.0ch07_66759978
chr07	67588747	SL4.0ch07_66810393
chr07	67595125	SL4.0ch07_66816741
chr07	67631613	SL4.0ch07_66853304
chr07	67649725	SL4.0ch07_66873258
chr07	67659491	SL4.0ch07_66883032
chr07	67674276	SL4.0ch07_66897837
chr07	67712439	SL4.0ch07_66935328
chr07	67714442	SL4.0ch07_66937332
chr07	67722407	SL4.0ch07_66945328
chr07	67736434	SL4.0ch07_66959364
chr07	67755091	SL4.0ch07_66978064
chr07	67755930	SL4.0ch07_66978640
chr07	67770302	SL4.0ch07_66993390
chr07	67786583	SL4.0ch07_67009679
chr07	67792432	SL4.0ch07_67015529
chr07	67801346	SL4.0ch07_67024424
chr07	67831138	SL4.0ch07_67054039
chr07	67856037	SL4.0ch07_67084626
chr07	67876315	SL4.0ch07_67104929
chr07	67877730	SL4.0ch07_67106346
chr07	67933603	SL4.0ch07_67167374
chr07	68006772	SL4.0ch07_67241408
chr07	68036043	SL4.0ch07_67270568
chr07	68039374	SL4.0ch07_67273912
chr07	68039788	SL4.0ch07_67274326
chr07	68050142	SL4.0ch07_67284693
chr07	68076264	SL4.0ch07_67314215
chr07	68084151	SL4.0ch07_67322094
chr07	68106224	SL4.0ch07_67345027
chr07	68114453	SL4.0ch07_67353254
chr07	68127659	SL4.0ch07_67366344
chr07	68154774	SL4.0ch07_67393563
chr07	68156191	SL4.0ch07_67394977
chr07	68188820	SL4.0ch07_67427434
chr07	68198566	SL4.0ch07_67437178
chr07	68244356	SL4.0ch07_67482545
chr07	68247418	SL4.0ch07_67485629
chr07	68249968	SL4.0ch07_67488411
chr07	68269585	SL4.0ch07_67508486
chr07	68303426	SL4.0ch07_67542227
chr07	68312562	SL4.0ch07_67551347
chr07	68314903	SL4.0ch07_67553701
chr07	68323933	SL4.0ch07_67562681
chr07	68335663	SL4.0ch07_67574441
chr07	68344724	SL4.0ch07_67583515
chr07	68346124	SL4.0ch07_67584913
chr07	68405830	SL4.0ch07_67644578
chr07	68430104	SL4.0ch07_67668837
chr07	68431516	SL4.0ch07_67670247
chr07	68433221	SL4.0ch07_67671978
chr07	68434673	SL4.0ch07_67673455
chr07	68469127	SL4.0ch07_67707983
chr07	68515960	SL4.0ch07_67754624
chr07	68530516	SL4.0ch07_67769533
chr07	68537620	SL4.0ch07_67776637
chr07	68640951	SL4.0ch07_67881797
chr08	378916	SL4.0ch08_32761
chr08	390719	SL4.0ch08_44554
chr08	395958	SL4.0ch08_49736
chr08	422617	SL4.0ch08_76354
chr08	461513	SL4.0ch08_113391
chr08	488766	SL4.0ch08_140653
chr08	504536	SL4.0ch08_156413
chr08	541031	SL4.0ch08_192877
chr08	557395	SL4.0ch08_209286
chr08	580570	SL4.0ch08_232571
chr08	602067	SL4.0ch08_254303
chr08	611222	SL4.0ch08_263455
chr08	626058	SL4.0ch08_278058
chr08	641623	SL4.0ch08_293615
chr08	652102	SL4.0ch08_304035
chr08	669206	SL4.0ch08_321126
chr08	676104	SL4.0ch08_328027
chr08	679024	SL4.0ch08_330969
chr08	679934	SL4.0ch08_331879
chr08	714178	SL4.0ch08_366106
chr08	724475	SL4.0ch08_376415
chr08	752802	SL4.0ch08_404891
chr08	788229	SL4.0ch08_440382
chr08	800749	SL4.0ch08_452976
chr08	849369	SL4.0ch08_500608
chr08	855858	SL4.0ch08_507088
chr08	949127	SL4.0ch08_581317
chr08	950443	SL4.0ch08_583619
chr08	1014720	SL4.0ch08_644484
chr08	1018031	SL4.0ch08_647796
chr08	1034918	SL4.0ch08_664833
chr08	1050467	SL4.0ch08_676959
chr08	1070280	SL4.0ch08_696708
chr08	1071480	SL4.0ch08_697910
chr08	1091862	SL4.0ch08_718263
chr08	1099827	SL4.0ch08_726141
chr08	1114464	SL4.0ch08_740906
chr08	1131024	SL4.0ch08_757008
chr08	1168629	SL4.0ch08_794583
chr08	1204674	SL4.0ch08_830505
chr08	1238158	SL4.0ch08_864425
chr08	1267251	SL4.0ch08_893497
chr08	1282897	SL4.0ch08_909233
chr08	1283731	SL4.0ch08_910067
chr08	1303428	SL4.0ch08_929708
chr08	1335974	SL4.0ch08_965252
chr08	1345066	SL4.0ch08_971956
chr08	1350727	SL4.0ch08_977578
chr08	1371485	SL4.0ch08_998051
chr08	1390687	SL4.0ch08_1017339
chr08	1420536	SL4.0ch08_1046849
chr08	1430523	SL4.0ch08_1056851
chr08	1454203	SL4.0ch08_1080516
chr08	1468532	SL4.0ch08_1094838
chr08	1475810	SL4.0ch08_1102099
chr08	1514234	SL4.0ch08_1140011
chr08	1537542	SL4.0ch08_1163894
chr08	1621661	SL4.0ch08_1246456
chr08	1628247	SL4.0ch08_1253056
chr08	1663443	SL4.0ch08_1288437
chr08	1675428	SL4.0ch08_1300385
chr08	1690094	SL4.0ch08_1315028
chr08	1720454	SL4.0ch08_1344915
chr08	1723005	SL4.0ch08_1347349
chr08	1740246	SL4.0ch08_1364798
chr08	1756670	SL4.0ch08_1381231
chr08	1757395	SL4.0ch08_1381956
chr08	1759837	SL4.0ch08_1384311
chr08	1779604	SL4.0ch08_1400958
chr08	1793147	SL4.0ch08_1414460
chr08	1816337	SL4.0ch08_1438084
chr08	1823370	SL4.0ch08_1445116
chr08	1854169	SL4.0ch08_1476059
chr08	1891075	SL4.0ch08_1512781
chr08	1908797	SL4.0ch08_1531244
chr08	1928898	SL4.0ch08_1552032
chr08	1957172	SL4.0ch08_1560376
chr08	1961537	SL4.0ch08_1564734
chr08	2025452	SL4.0ch08_1617135
chr08	2052559	SL4.0ch08_1637742
chr08	2085859	SL4.0ch08_1670910
chr08	2097973	SL4.0ch08_1683027
chr08	2147702	SL4.0ch08_1733303
chr08	2167567	SL4.0ch08_1753098
chr08	2213954	SL4.0ch08_1799871
chr08	2249845	SL4.0ch08_1839276
chr08	2272800	SL4.0ch08_1862252
chr08	2278952	SL4.0ch08_1868135
chr08	2289595	SL4.0ch08_1878737
chr08	2321537	SL4.0ch08_1912071
chr08	2338670	SL4.0ch08_1929174
chr08	2383087	SL4.0ch08_1973537
chr08	2388160	SL4.0ch08_1978855
chr08	2394333	SL4.0ch08_1985078
chr08	2397511	SL4.0ch08_1988260
chr08	2437154	SL4.0ch08_2027739
chr08	2459115	SL4.0ch08_2049379
chr08	2464409	SL4.0ch08_2054667
chr08	2492642	SL4.0ch08_2082906
chr08	2494424	SL4.0ch08_2084694
chr08	2534320	SL4.0ch08_2124464
chr08	2586633	SL4.0ch08_2176889
chr08	2587922	SL4.0ch08_2178178
chr08	2601053	SL4.0ch08_2191362
chr08	2610966	SL4.0ch08_2202663
chr08	2646536	SL4.0ch08_2240495
chr08	2649945	SL4.0ch08_2244750
chr08	2650851	SL4.0ch08_2245655
chr08	2722733	SL4.0ch08_2318547
chr08	2743734	SL4.0ch08_2339503
chr08	2799224	SL4.0ch08_2394974
chr08	2829367	SL4.0ch08_2428729
chr08	2839988	SL4.0ch08_2439623
chr08	2892335	SL4.0ch08_2458488
chr08	2898057	SL4.0ch08_2464211
chr08	2916412	SL4.0ch08_2482415
chr08	2928256	SL4.0ch08_2494224
chr08	2929009	SL4.0ch08_2494953
chr08	2934924	SL4.0ch08_2500867
chr08	2983743	SL4.0ch08_2551491
chr08	2991018	SL4.0ch08_2558784
chr08	3040490	SL4.0ch08_2607381
chr08	3074790	SL4.0ch08_2641312
chr08	3112708	SL4.0ch08_2679009
chr08	3115288	SL4.0ch08_2681597
chr08	3115511	SL4.0ch08_2681804
chr08	3118317	SL4.0ch08_2684623
chr08	3120217	SL4.0ch08_2686523
chr08	3148985	SL4.0ch08_2715268
chr08	3195934	SL4.0ch08_2762076
chr08	3215533	SL4.0ch08_2781429
chr08	3272191	SL4.0ch08_2837727
chr08	3311596	SL4.0ch08_2876836
chr08	3328856	SL4.0ch08_2894042
chr08	3356825	SL4.0ch08_2913586
chr08	3368938	SL4.0ch08_2925738
chr08	3394438	SL4.0ch08_2951281
chr08	3404627	SL4.0ch08_2961478
chr08	3423718	SL4.0ch08_2985338
chr08	3435993	SL4.0ch08_2997721
chr08	3441859	SL4.0ch08_3003629
chr08	3446263	SL4.0ch08_3008031
chr08	3463843	SL4.0ch08_3025059
chr08	3492210	SL4.0ch08_3064744
chr08	3500146	SL4.0ch08_3072706
chr08	3518542	SL4.0ch08_3091111
chr08	3541221	SL4.0ch08_3113821
chr08	3552953	SL4.0ch08_3125516
chr08	3582557	SL4.0ch08_3153431
chr08	3593228	SL4.0ch08_3165950
chr08	3636913	SL4.0ch08_3204057
chr08	3644451	SL4.0ch08_3211706
chr08	3686229	SL4.0ch08_3248811
chr08	3711003	SL4.0ch08_3271364
chr08	3711831	SL4.0ch08_3272192
chr08	3717073	SL4.0ch08_3277425
chr08	3726281	SL4.0ch08_3286635
chr08	3759534	SL4.0ch08_3319755
chr08	3816632	SL4.0ch08_3377462
chr08	3826109	SL4.0ch08_3386506
chr08	3855070	SL4.0ch08_3414759
chr08	3885462	SL4.0ch08_3441425
chr08	3911655	SL4.0ch08_3467608
chr08	3918830	SL4.0ch08_3474764
chr08	3945972	SL4.0ch08_3501604
chr08	3978214	SL4.0ch08_3535202
chr08	4000956	SL4.0ch08_3559352
chr08	4050840	SL4.0ch08_3608257
chr08	4054803	SL4.0ch08_3612198
chr08	4061079	SL4.0ch08_3618386
chr08	4066296	SL4.0ch08_3623556
chr08	4068845	SL4.0ch08_3626105
chr08	4087109	SL4.0ch08_3644347
chr08	4096452	SL4.0ch08_3652079
chr08	4105813	SL4.0ch08_3661450
chr08	4113028	SL4.0ch08_3670386
chr08	4129112	SL4.0ch08_3685889
chr08	4161943	SL4.0ch08_3718683
chr08	4162215	SL4.0ch08_3718946
chr08	4200311	SL4.0ch08_3760271
chr08	4243019	SL4.0ch08_3804916
chr08	4305853	SL4.0ch08_3853147
chr08	4313537	SL4.0ch08_3860816
chr08	4329217	SL4.0ch08_3881074
chr08	4352337	SL4.0ch08_3904221
chr08	4415365	SL4.0ch08_3969254
chr08	4419414	SL4.0ch08_3973303
chr08	4443538	SL4.0ch08_3997015
chr08	4452974	SL4.0ch08_4006689
chr08	4456417	SL4.0ch08_4010126
chr08	4466580	SL4.0ch08_4018641
chr08	4484761	SL4.0ch08_4036593
chr08	4484888	SL4.0ch08_4036720
chr08	4497577	SL4.0ch08_4049443
chr08	4498765	SL4.0ch08_4050623
chr08	4499857	SL4.0ch08_4051715
chr08	4516218	SL4.0ch08_4068024
chr08	4535127	SL4.0ch08_4083105
chr08	4537278	SL4.0ch08_4085257
chr08	4588771	SL4.0ch08_4136851
chr08	4595541	SL4.0ch08_4143207
chr08	4606338	SL4.0ch08_4153944
chr08	4661328	SL4.0ch08_4218137
chr08	4766288	SL4.0ch08_4316539
chr08	4853679	SL4.0ch08_4404572
chr08	4892660	SL4.0ch08_4434678
chr08	4908657	SL4.0ch08_4451635
chr08	4918680	SL4.0ch08_4461638
chr08	4943127	SL4.0ch08_4486068
chr08	4969231	SL4.0ch08_4512199
chr08	5002544	SL4.0ch08_4545625
chr08	5013836	SL4.0ch08_4559076
chr08	5014436	SL4.0ch08_4559697
chr08	5065749	SL4.0ch08_4613049
chr08	5069433	SL4.0ch08_4618015
chr08	5073570	SL4.0ch08_4635677
chr08	5074170	SL4.0ch08_4636277
chr08	5105027	SL4.0ch08_4665091
chr08	5112458	SL4.0ch08_4672492
chr08	5135728	SL4.0ch08_4696329
chr08	5158751	SL4.0ch08_4716455
chr08	5202744	SL4.0ch08_4760119
chr08	5204153	SL4.0ch08_4761525
chr08	5271983	SL4.0ch08_4829278
chr08	5290357	SL4.0ch08_4848095
chr08	5295207	SL4.0ch08_4859249
chr08	5345573	SL4.0ch08_4895653
chr08	5377653	SL4.0ch08_4927657
chr08	5380001	SL4.0ch08_4930005
chr08	5414711	SL4.0ch08_4969701
chr08	5526789	SL4.0ch08_5121392
chr08	5549951	SL4.0ch08_5139866
chr08	5602561	SL4.0ch08_5194296
chr08	5647640	SL4.0ch08_5239307
chr08	5710092	SL4.0ch08_5301648
chr08	5826916	SL4.0ch08_5417920
chr08	5917434	SL4.0ch08_5502746
chr08	5921107	SL4.0ch08_5506420
chr08	5932183	SL4.0ch08_5517646
chr08	5951744	SL4.0ch08_5537133
chr08	6000566	SL4.0ch08_5586095
chr08	6087594	SL4.0ch08_5672447
chr08	6128527	SL4.0ch08_5714704
chr08	6217166	SL4.0ch08_5803215
chr08	6266907	SL4.0ch08_5859792
chr08	6320403	SL4.0ch08_5913169
chr08	6345095	SL4.0ch08_5937855
chr08	6436443	SL4.0ch08_6028040
chr08	6509843	SL4.0ch08_6101490
chr08	6656218	SL4.0ch08_6257569
chr08	6658419	SL4.0ch08_6259770
chr08	6718933	SL4.0ch08_6321029
chr08	6758645	SL4.0ch08_6360752
chr08	6761067	SL4.0ch08_6363175
chr08	6762857	SL4.0ch08_6364965
chr08	6765115	SL4.0ch08_6367306
chr08	6800535	SL4.0ch08_6402677
chr08	6842000	SL4.0ch08_6444135
chr08	6974057	SL4.0ch08_6585257
chr08	7003095	SL4.0ch08_6613688
chr08	7007280	SL4.0ch08_6617874
chr08	7026988	SL4.0ch08_6636272
chr08	7076059	SL4.0ch08_6685517
chr08	7147665	SL4.0ch08_6762937
chr08	7162653	SL4.0ch08_6783863
chr08	7203775	SL4.0ch08_6818297
chr08	7218961	SL4.0ch08_6833477
chr08	7220618	SL4.0ch08_6835134
chr08	7303003	SL4.0ch08_6908574
chr08	7305222	SL4.0ch08_6910788
chr08	7336045	SL4.0ch08_6941980
chr08	7340202	SL4.0ch08_6946127
chr08	7346751	SL4.0ch08_6952631
chr08	7360947	SL4.0ch08_6968766
chr08	7400894	SL4.0ch08_7008357
chr08	7415769	SL4.0ch08_7023216
chr08	7420629	SL4.0ch08_7028077
chr08	7434633	SL4.0ch08_7042092
chr08	7450351	SL4.0ch08_7057850
chr08	7514602	SL4.0ch08_7120337
chr08	7534266	SL4.0ch08_7139576
chr08	7694280	SL4.0ch08_7299149
chr08	7774495	SL4.0ch08_7379220
chr08	7846746	SL4.0ch08_7451468
chr08	7918473	SL4.0ch08_7523273
chr08	7958914	SL4.0ch08_7563701
chr08	8075592	SL4.0ch08_7673833
chr08	8127036	SL4.0ch08_7725522
chr08	8405766	SL4.0ch08_8004672
chr08	8418120	SL4.0ch08_8017037
chr08	8515146	SL4.0ch08_8110465
chr08	8635065	SL4.0ch08_8230429
chr08	8640048	SL4.0ch08_8235383
chr08	8642453	SL4.0ch08_8237787
chr08	8679652	SL4.0ch08_8274969
chr08	8707806	SL4.0ch08_8303096
chr08	8782726	SL4.0ch08_8388946
chr08	8804750	SL4.0ch08_8410966
chr08	8805030	SL4.0ch08_8411246
chr08	8869741	SL4.0ch08_8475855
chr08	8871362	SL4.0ch08_8477476
chr08	8871871	SL4.0ch08_8477985
chr08	8898053	SL4.0ch08_8509374
chr08	9123494	SL4.0ch08_8725640
chr08	9137357	SL4.0ch08_8739487
chr08	9150837	SL4.0ch08_8752939
chr08	9157080	SL4.0ch08_8759182
chr08	9305673	SL4.0ch08_8917304
chr08	9372100	SL4.0ch08_8974332
chr08	9457983	SL4.0ch08_9060281
chr08	9613799	SL4.0ch08_9215056
chr08	9622084	SL4.0ch08_9222900
chr08	9633676	SL4.0ch08_9234513
chr08	9636005	SL4.0ch08_9236842
chr08	9647158	SL4.0ch08_9247983
chr08	9661136	SL4.0ch08_9261956
chr08	9668030	SL4.0ch08_9268887
chr08	9679122	SL4.0ch08_9279978
chr08	9702971	SL4.0ch08_9292372
chr08	9712176	SL4.0ch08_9301578
chr08	9732368	SL4.0ch08_9321868
chr08	9735946	SL4.0ch08_9325446
chr08	10741299	SL4.0ch08_9601810
chr08	10802974	SL4.0ch08_9663440
chr08	10874530	SL4.0ch08_9737976
chr08	10881209	SL4.0ch08_9744668
chr08	10892597	SL4.0ch08_9756040
chr08	10903329	SL4.0ch08_9766761
chr08	13014579	SL4.0ch08_9991428
chr08	13184612	SL4.0ch08_10161306
chr08	13263933	SL4.0ch08_10225175
chr08	13543304	SL4.0ch08_10499773
chr08	13663582	SL4.0ch08_10620438
chr08	13701307	SL4.0ch08_10658180
chr08	13739048	SL4.0ch08_10706201
chr08	13837907	SL4.0ch08_10784830
chr08	13962380	SL4.0ch08_10909520
chr08	13989014	SL4.0ch08_10936138
chr08	13992457	SL4.0ch08_10939583
chr08	14000676	SL4.0ch08_10947816
chr08	14023056	SL4.0ch08_10970171
chr08	14030707	SL4.0ch08_10977777
chr08	14103077	SL4.0ch08_11049713
chr08	14267093	SL4.0ch08_11212772
chr08	14271636	SL4.0ch08_11217306
chr08	14293594	SL4.0ch08_11239260
chr08	14299366	SL4.0ch08_11245031
chr08	14335181	SL4.0ch08_11280660
chr08	14415342	SL4.0ch08_11361682
chr08	14515708	SL4.0ch08_11453667
chr08	14749273	SL4.0ch08_11672161
chr08	14815640	SL4.0ch08_11739390
chr08	14853505	SL4.0ch08_11777257
chr08	14904575	SL4.0ch08_11828326
chr08	14957210	SL4.0ch08_11880913
chr08	14985241	SL4.0ch08_11908937
chr08	15024720	SL4.0ch08_11945597
chr08	15055754	SL4.0ch08_11966989
chr08	15079278	SL4.0ch08_11990513
chr08	15082535	SL4.0ch08_11993796
chr08	15122605	SL4.0ch08_12033877
chr08	15125693	SL4.0ch08_12036965
chr08	15152226	SL4.0ch08_12063504
chr08	15184239	SL4.0ch08_12095680
chr08	15196243	SL4.0ch08_12108151
chr08	15197331	SL4.0ch08_12109239
chr08	15229520	SL4.0ch08_12141393
chr08	15296464	SL4.0ch08_12207549
chr08	15298459	SL4.0ch08_12209521
chr08	15300983	SL4.0ch08_12212045
chr08	15303037	SL4.0ch08_12214098
chr08	15304570	SL4.0ch08_12215631
chr08	15319421	SL4.0ch08_12230475
chr08	15341938	SL4.0ch08_12252889
chr08	15368477	SL4.0ch08_12273918
chr08	15523705	SL4.0ch08_12429433
chr08	15613913	SL4.0ch08_12519255
chr08	15643850	SL4.0ch08_12549214
chr08	15651678	SL4.0ch08_12556855
chr08	15686852	SL4.0ch08_12591993
chr08	15752750	SL4.0ch08_12651795
chr08	15818037	SL4.0ch08_12716635
chr08	15904724	SL4.0ch08_12804911
chr08	16018171	SL4.0ch08_12918144
chr08	16095098	SL4.0ch08_12994969
chr08	16253761	SL4.0ch08_13153898
chr08	16332837	SL4.0ch08_13470643
chr08	16342672	SL4.0ch08_13480385
chr08	16343052	SL4.0ch08_13480765
chr08	16357391	SL4.0ch08_13495118
chr08	16380543	SL4.0ch08_13517486
chr08	16386344	SL4.0ch08_13523293
chr08	16395669	SL4.0ch08_13532618
chr08	16523216	SL4.0ch08_13660051
chr08	16541972	SL4.0ch08_13671325
chr08	16543697	SL4.0ch08_13673050
chr08	16573612	SL4.0ch08_13702989
chr08	16583611	SL4.0ch08_13712825
chr08	16590922	SL4.0ch08_13720143
chr08	16596319	SL4.0ch08_13725455
chr08	16606776	SL4.0ch08_13735922
chr08	16651496	SL4.0ch08_13780648
chr08	16662124	SL4.0ch08_13791296
chr08	16664789	SL4.0ch08_13793961
chr08	16674126	SL4.0ch08_13803299
chr08	16710987	SL4.0ch08_13841156
chr08	16750767	SL4.0ch08_13880829
chr08	16777608	SL4.0ch08_13907735
chr08	16789105	SL4.0ch08_13919394
chr08	16870208	SL4.0ch08_13999782
chr08	17032806	SL4.0ch08_14185370
chr08	17145787	SL4.0ch08_14305189
chr08	17147609	SL4.0ch08_14307011
chr08	17196668	SL4.0ch08_14356106
chr08	17366409	SL4.0ch08_14525753
chr08	17443298	SL4.0ch08_14602618
chr08	17526354	SL4.0ch08_14689194
chr08	17544140	SL4.0ch08_14721750
chr08	17562094	SL4.0ch08_14740263
chr08	17563468	SL4.0ch08_14741637
chr08	17564542	SL4.0ch08_14742711
chr08	17820239	SL4.0ch08_14996084
chr08	17865477	SL4.0ch08_15047688
chr08	18201551	SL4.0ch08_15342265
chr08	18259802	SL4.0ch08_15400486
chr08	18287198	SL4.0ch08_15441451
chr08	18291393	SL4.0ch08_15445645
chr08	18394652	SL4.0ch08_15551634
chr08	18435148	SL4.0ch08_15588337
chr08	18486713	SL4.0ch08_15640088
chr08	18625064	SL4.0ch08_15776762
chr08	18732178	SL4.0ch08_15843811
chr08	18770216	SL4.0ch08_15881985
chr08	18830301	SL4.0ch08_15954771
chr08	18895055	SL4.0ch08_16004118
chr08	18994014	SL4.0ch08_16100110
chr08	19062750	SL4.0ch08_16168771
chr08	19071980	SL4.0ch08_16178033
chr08	19165913	SL4.0ch08_16271871
chr08	19238191	SL4.0ch08_16342484
chr08	19323811	SL4.0ch08_16420623
chr08	19339539	SL4.0ch08_16436313
chr08	19346254	SL4.0ch08_16442996
chr08	19370936	SL4.0ch08_16465373
chr08	19371394	SL4.0ch08_16465859
chr08	19492837	SL4.0ch08_16586867
chr08	19497326	SL4.0ch08_16591352
chr08	19519594	SL4.0ch08_16613763
chr08	19569161	SL4.0ch08_16663312
chr08	19621149	SL4.0ch08_16715299
chr08	19653430	SL4.0ch08_16747677
chr08	19667133	SL4.0ch08_16761385
chr08	19683191	SL4.0ch08_16777667
chr08	19793322	SL4.0ch08_16887080
chr08	19809191	SL4.0ch08_16902960
chr08	19841300	SL4.0ch08_16935015
chr08	19990594	SL4.0ch08_17084740
chr08	20054978	SL4.0ch08_17149167
chr08	20102735	SL4.0ch08_17196864
chr08	20166695	SL4.0ch08_17261016
chr08	20244691	SL4.0ch08_17322191
chr08	20304127	SL4.0ch08_17470369
chr08	20325800	SL4.0ch08_17492000
chr08	20423010	SL4.0ch08_17570619
chr08	20425751	SL4.0ch08_17573366
chr08	20546691	SL4.0ch08_17694994
chr08	20573861	SL4.0ch08_17722126
chr08	20574045	SL4.0ch08_17722310
chr08	20595337	SL4.0ch08_17743564
chr08	20598243	SL4.0ch08_17746470
chr08	20952006	SL4.0ch08_18123937
chr08	20960193	SL4.0ch08_18132148
chr08	20962041	SL4.0ch08_18133995
chr08	20962657	SL4.0ch08_18134611
chr08	21355937	SL4.0ch08_18621273
chr08	21467225	SL4.0ch08_18732422
chr08	21797097	SL4.0ch08_19088763
chr08	21814603	SL4.0ch08_19106263
chr08	21898654	SL4.0ch08_19183911
chr08	22035349	SL4.0ch08_19321020
chr08	22042707	SL4.0ch08_19328377
chr08	22046426	SL4.0ch08_19332096
chr08	22081063	SL4.0ch08_19366667
chr08	22199123	SL4.0ch08_19484757
chr08	22241166	SL4.0ch08_19526991
chr08	22302118	SL4.0ch08_19587207
chr08	22364326	SL4.0ch08_19672903
chr08	22381844	SL4.0ch08_19690456
chr08	22408250	SL4.0ch08_19716810
chr08	22496595	SL4.0ch08_19799343
chr08	22521861	SL4.0ch08_19824613
chr08	22570555	SL4.0ch08_19873222
chr08	22587900	SL4.0ch08_19890545
chr08	22601562	SL4.0ch08_19904224
chr08	22627721	SL4.0ch08_19929737
chr08	22636138	SL4.0ch08_19938152
chr08	22644595	SL4.0ch08_19946561
chr08	22735875	SL4.0ch08_20052529
chr08	22772788	SL4.0ch08_20089396
chr08	22789209	SL4.0ch08_20105591
chr08	22790471	SL4.0ch08_20106853
chr08	22802431	SL4.0ch08_20118810
chr08	22838297	SL4.0ch08_20154557
chr08	22858003	SL4.0ch08_20174260
chr08	22858343	SL4.0ch08_20174600
chr08	22869470	SL4.0ch08_20185703
chr08	22959508	SL4.0ch08_20276145
chr08	22986053	SL4.0ch08_20302804
chr08	22989418	SL4.0ch08_20306170
chr08	22992310	SL4.0ch08_20309062
chr08	23006843	SL4.0ch08_20323615
chr08	23008355	SL4.0ch08_20325124
chr08	23061665	SL4.0ch08_20378409
chr08	23148535	SL4.0ch08_20465190
chr08	23251134	SL4.0ch08_20568076
chr08	23257234	SL4.0ch08_20574179
chr08	23348943	SL4.0ch08_20670636
chr08	23390386	SL4.0ch08_20710695
chr08	23565764	SL4.0ch08_20884791
chr08	23679301	SL4.0ch08_20998213
chr08	23692655	SL4.0ch08_21011549
chr08	23778294	SL4.0ch08_21164859
chr08	23793711	SL4.0ch08_21180305
chr08	23839656	SL4.0ch08_21226337
chr08	23862161	SL4.0ch08_21239204
chr08	23883055	SL4.0ch08_21261716
chr08	23966836	SL4.0ch08_21345417
chr08	24037288	SL4.0ch08_21415898
chr08	24089721	SL4.0ch08_21470767
chr08	24183494	SL4.0ch08_21564549
chr08	24184736	SL4.0ch08_21565791
chr08	24190404	SL4.0ch08_21571465
chr08	24210587	SL4.0ch08_21591663
chr08	24239152	SL4.0ch08_21620421
chr08	24253156	SL4.0ch08_21634430
chr08	24268458	SL4.0ch08_21649727
chr08	24272001	SL4.0ch08_21653269
chr08	24275201	SL4.0ch08_21656441
chr08	24276730	SL4.0ch08_21658032
chr08	24284304	SL4.0ch08_21670285
chr08	24289436	SL4.0ch08_21675434
chr08	24301838	SL4.0ch08_21687858
chr08	24331823	SL4.0ch08_21714787
chr08	24977028	SL4.0ch08_22089440
chr08	24998420	SL4.0ch08_22111241
chr08	26004663	SL4.0ch08_22537055
chr08	26035019	SL4.0ch08_22567930
chr08	26044529	SL4.0ch08_22577485
chr08	26110919	SL4.0ch08_22623085
chr08	26255270	SL4.0ch08_22767258
chr08	26405201	SL4.0ch08_22933890
chr08	26496519	SL4.0ch08_23032395
chr08	26522420	SL4.0ch08_23057583
chr08	26598593	SL4.0ch08_23126684
chr08	26751091	SL4.0ch08_23222017
chr08	26771600	SL4.0ch08_23242553
chr08	26905198	SL4.0ch08_23362391
chr08	26945116	SL4.0ch08_23402297
chr08	27007359	SL4.0ch08_23464339
chr08	27068883	SL4.0ch08_23524923
chr08	27139292	SL4.0ch08_23595253
chr08	27174158	SL4.0ch08_23630064
chr08	27234528	SL4.0ch08_23690444
chr08	27252899	SL4.0ch08_23708819
chr08	27376562	SL4.0ch08_23828149
chr08	27393195	SL4.0ch08_23844784
chr08	27410865	SL4.0ch08_23862452
chr08	27498114	SL4.0ch08_23949596
chr08	27508336	SL4.0ch08_23959774
chr08	27522808	SL4.0ch08_23981279
chr08	27618056	SL4.0ch08_24076640
chr08	27642780	SL4.0ch08_24101362
chr08	27733209	SL4.0ch08_24191331
chr08	27753489	SL4.0ch08_24211737
chr08	27789775	SL4.0ch08_24248094
chr08	27802137	SL4.0ch08_24260448
chr08	27815906	SL4.0ch08_24274313
chr08	27833550	SL4.0ch08_24293001
chr08	27861976	SL4.0ch08_24321368
chr08	28047898	SL4.0ch08_24595251
chr08	28050319	SL4.0ch08_24592821
chr08	28051834	SL4.0ch08_24591307
chr08	28070947	SL4.0ch08_24572183
chr08	28079044	SL4.0ch08_24564086
chr08	28081884	SL4.0ch08_24561246
chr08	28137041	SL4.0ch08_24505724
chr08	28170143	SL4.0ch08_24472681
chr08	28343688	SL4.0ch08_24808191
chr08	28385123	SL4.0ch08_24849606
chr08	28461567	SL4.0ch08_24926023
chr08	28491607	SL4.0ch08_24956048
chr08	28494737	SL4.0ch08_24959178
chr08	28524225	SL4.0ch08_24992194
chr08	28534277	SL4.0ch08_25002228
chr08	28603734	SL4.0ch08_25071656
chr08	28643300	SL4.0ch08_25111242
chr08	28662914	SL4.0ch08_25130847
chr08	28715031	SL4.0ch08_25175039
chr08	28827252	SL4.0ch08_25287310
chr08	28879868	SL4.0ch08_25339736
chr08	28967553	SL4.0ch08_25420909
chr08	29030179	SL4.0ch08_25483758
chr08	29164971	SL4.0ch08_25618514
chr08	29183924	SL4.0ch08_25637473
chr08	29272513	SL4.0ch08_25792664
chr08	29288137	SL4.0ch08_25808414
chr08	29329428	SL4.0ch08_25868674
chr08	29366684	SL4.0ch08_25905984
chr08	29386617	SL4.0ch08_25925612
chr08	29431984	SL4.0ch08_34059642
chr08	29473055	SL4.0ch08_34018946
chr08	29569555	SL4.0ch08_33922480
chr08	29574121	SL4.0ch08_33917922
chr08	29578280	SL4.0ch08_33913762
chr08	29628620	SL4.0ch08_33863331
chr08	29728924	SL4.0ch08_33763388
chr08	29729018	SL4.0ch08_33763294
chr08	29729131	SL4.0ch08_33763181
chr08	29742398	SL4.0ch08_33749911
chr08	29813608	SL4.0ch08_33678531
chr08	29971892	SL4.0ch08_33520043
chr08	30008202	SL4.0ch08_33481091
chr08	30119223	SL4.0ch08_33322185
chr08	30119455	SL4.0ch08_33321953
chr08	30138487	SL4.0ch08_33302939
chr08	30192048	SL4.0ch08_33248132
chr08	30225556	SL4.0ch08_33214629
chr08	30340029	SL4.0ch08_33115316
chr08	30383305	SL4.0ch08_33046703
chr08	30398482	SL4.0ch08_33031522
chr08	30405043	SL4.0ch08_33024958
chr08	30465820	SL4.0ch08_32966100
chr08	30505909	SL4.0ch08_32934197
chr08	30602355	SL4.0ch08_32844483
chr08	30615275	SL4.0ch08_32831567
chr08	31018563	SL4.0ch08_32454617
chr08	31090456	SL4.0ch08_32384034
chr08	31128285	SL4.0ch08_32346206
chr08	31133457	SL4.0ch08_32341033
chr08	31175525	SL4.0ch08_32298412
chr08	31251484	SL4.0ch08_32222080
chr08	31458769	SL4.0ch08_32031961
chr08	31482556	SL4.0ch08_32008178
chr08	31513986	SL4.0ch08_31977185
chr08	31632446	SL4.0ch08_31867039
chr08	31700996	SL4.0ch08_31798462
chr08	31783175	SL4.0ch08_31716267
chr08	31815238	SL4.0ch08_31684291
chr08	31816764	SL4.0ch08_31682765
chr08	31849070	SL4.0ch08_31650459
chr08	31889157	SL4.0ch08_31610560
chr08	31902757	SL4.0ch08_31596958
chr08	31975232	SL4.0ch08_31524432
chr08	31985687	SL4.0ch08_31513979
chr08	32013679	SL4.0ch08_31485043
chr08	32103562	SL4.0ch08_31388124
chr08	32116651	SL4.0ch08_31375035
chr08	32184090	SL4.0ch08_31308403
chr08	32356302	SL4.0ch08_31177526
chr08	32358987	SL4.0ch08_31174841
chr08	32365940	SL4.0ch08_31167887
chr08	32489535	SL4.0ch08_31022146
chr08	32528872	SL4.0ch08_30982196
chr08	32553866	SL4.0ch08_30957167
chr08	32565099	SL4.0ch08_30945983
chr08	32579275	SL4.0ch08_30931077
chr08	32594768	SL4.0ch08_30915560
chr08	32644287	SL4.0ch08_30870389
chr08	32706445	SL4.0ch08_30816555
chr08	32752469	SL4.0ch08_30771682
chr08	32789188	SL4.0ch08_30735049
chr08	32812891	SL4.0ch08_30711415
chr08	32870063	SL4.0ch08_30678820
chr08	32883448	SL4.0ch08_30665481
chr08	32919863	SL4.0ch08_30629090
chr08	32976285	SL4.0ch08_30605002
chr08	32985316	SL4.0ch08_30595977
chr08	33013638	SL4.0ch08_30567642
chr08	33329478	SL4.0ch08_30520954
chr08	33345584	SL4.0ch08_30509902
chr08	33438007	SL4.0ch08_30421643
chr08	33476131	SL4.0ch08_30382201
chr08	33520704	SL4.0ch08_30337556
chr08	33574319	SL4.0ch08_30273958
chr08	33586734	SL4.0ch08_30261524
chr08	33590801	SL4.0ch08_30257458
chr08	33595250	SL4.0ch08_30252996
chr08	33732079	SL4.0ch08_30115670
chr08	33973093	SL4.0ch08_29849732
chr08	33975221	SL4.0ch08_29847607
chr08	33978338	SL4.0ch08_29844430
chr08	33988143	SL4.0ch08_29834621
chr08	34011621	SL4.0ch08_29811110
chr08	34105734	SL4.0ch08_29716928
chr08	34122812	SL4.0ch08_29699848
chr08	34250243	SL4.0ch08_29572406
chr08	34269826	SL4.0ch08_29552825
chr08	34419981	SL4.0ch08_29403263
chr08	34436524	SL4.0ch08_29386738
chr08	34535044	SL4.0ch08_29288317
chr08	34545864	SL4.0ch08_29277499
chr08	34592991	SL4.0ch08_29230378
chr08	34678154	SL4.0ch08_29144410
chr08	34723533	SL4.0ch08_29098893
chr08	34815504	SL4.0ch08_29007061
chr08	34866010	SL4.0ch08_28956543
chr08	34877340	SL4.0ch08_28953259
chr08	34998542	SL4.0ch08_28846348
chr08	35089728	SL4.0ch08_28758096
chr08	35148574	SL4.0ch08_28699447
chr08	35374976	SL4.0ch08_28458121
chr08	35407179	SL4.0ch08_28425920
chr08	35413845	SL4.0ch08_28419182
chr08	35429323	SL4.0ch08_28403678
chr08	35515957	SL4.0ch08_28317019
chr08	35628874	SL4.0ch08_28204147
chr08	35639123	SL4.0ch08_28193902
chr08	35660749	SL4.0ch08_28171624
chr08	35739139	SL4.0ch08_28059412
chr08	35751618	SL4.0ch08_28046928
chr08	35761717	SL4.0ch08_28036830
chr08	35793092	SL4.0ch08_28005493
chr08	35862398	SL4.0ch08_27936117
chr08	35863988	SL4.0ch08_27934526
chr08	35956528	SL4.0ch08_27837408
chr08	35983088	SL4.0ch08_27811043
chr08	36060603	SL4.0ch08_27735063
chr08	36062466	SL4.0ch08_27733200
chr08	36143792	SL4.0ch08_27651947
chr08	36166342	SL4.0ch08_27629483
chr08	36194077	SL4.0ch08_27601570
chr08	36240673	SL4.0ch08_27555107
chr08	36307352	SL4.0ch08_27492816
chr08	36370565	SL4.0ch08_27429963
chr08	36523622	SL4.0ch08_27276987
chr08	36553997	SL4.0ch08_27246731
chr08	36581735	SL4.0ch08_27218153
chr08	36609328	SL4.0ch08_27190564
chr08	36614020	SL4.0ch08_27185872
chr08	36830608	SL4.0ch08_26969360
chr08	36847634	SL4.0ch08_26952522
chr08	36891809	SL4.0ch08_26893116
chr08	36946185	SL4.0ch08_26838784
chr08	37006219	SL4.0ch08_26778742
chr08	37084624	SL4.0ch08_26700240
chr08	37085091	SL4.0ch08_26699773
chr08	37091739	SL4.0ch08_26693107
chr08	37193449	SL4.0ch08_34941244
chr08	37215245	SL4.0ch08_34919289
chr08	37282117	SL4.0ch08_34874838
chr08	37347845	SL4.0ch08_34811539
chr08	37409527	SL4.0ch08_34749784
chr08	37451884	SL4.0ch08_34707142
chr08	37452938	SL4.0ch08_34706099
chr08	37455678	SL4.0ch08_34703359
chr08	37534901	SL4.0ch08_34624113
chr08	37616382	SL4.0ch08_34542891
chr08	37725866	SL4.0ch08_34439037
chr08	37811022	SL4.0ch08_34353830
chr08	37901847	SL4.0ch08_34260975
chr08	37932441	SL4.0ch08_34229485
chr08	37944996	SL4.0ch08_34217022
chr08	38048656	SL4.0ch08_34093881
chr08	38113020	SL4.0ch08_25997594
chr08	38185946	SL4.0ch08_26070543
chr08	38245535	SL4.0ch08_26130306
chr08	38363198	SL4.0ch08_26253466
chr08	38417386	SL4.0ch08_26307393
chr08	38429335	SL4.0ch08_26319423
chr08	38430314	SL4.0ch08_26320402
chr08	38482473	SL4.0ch08_26382666
chr08	38488696	SL4.0ch08_26388904
chr08	38562884	SL4.0ch08_26467238
chr08	38581200	SL4.0ch08_26485573
chr08	38637174	SL4.0ch08_26540865
chr08	38654016	SL4.0ch08_26557778
chr08	38689249	SL4.0ch08_26593020
chr08	38691072	SL4.0ch08_26594844
chr08	38869269	SL4.0ch08_35116394
chr08	38887536	SL4.0ch08_35134677
chr08	38956636	SL4.0ch08_35204231
chr08	38962157	SL4.0ch08_35209752
chr08	39004132	SL4.0ch08_35252155
chr08	39131413	SL4.0ch08_35379479
chr08	39166154	SL4.0ch08_35413896
chr08	39221871	SL4.0ch08_35469630
chr08	39273997	SL4.0ch08_35518485
chr08	39278329	SL4.0ch08_35522819
chr08	39280360	SL4.0ch08_35524848
chr08	39287624	SL4.0ch08_35532112
chr08	39294967	SL4.0ch08_35539455
chr08	39342851	SL4.0ch08_35587328
chr08	39402137	SL4.0ch08_35647511
chr08	39507720	SL4.0ch08_35753244
chr08	39729409	SL4.0ch08_35979869
chr08	39785444	SL4.0ch08_36035795
chr08	39843216	SL4.0ch08_36094562
chr08	39909749	SL4.0ch08_36161104
chr08	40017004	SL4.0ch08_36261667
chr08	40086522	SL4.0ch08_36331136
chr08	40193388	SL4.0ch08_36437869
chr08	40285502	SL4.0ch08_36529873
chr08	40320833	SL4.0ch08_36565111
chr08	40328276	SL4.0ch08_36572556
chr08	40408898	SL4.0ch08_36653364
chr08	40458165	SL4.0ch08_36702582
chr08	40520891	SL4.0ch08_36765551
chr08	40543150	SL4.0ch08_36787740
chr08	40555030	SL4.0ch08_36799628
chr08	40587761	SL4.0ch08_36832958
chr08	40689150	SL4.0ch08_36936335
chr08	40701470	SL4.0ch08_36946512
chr08	40817936	SL4.0ch08_37055483
chr08	40823002	SL4.0ch08_37060540
chr08	40831269	SL4.0ch08_37068803
chr08	40852231	SL4.0ch08_37088591
chr08	40862128	SL4.0ch08_37098487
chr08	40866215	SL4.0ch08_37102573
chr08	40870076	SL4.0ch08_37106451
chr08	40879807	SL4.0ch08_37116230
chr08	40902293	SL4.0ch08_37138867
chr08	40933666	SL4.0ch08_37170204
chr08	40982860	SL4.0ch08_37219416
chr08	40984839	SL4.0ch08_37221395
chr08	41015496	SL4.0ch08_37252019
chr08	41094003	SL4.0ch08_37330252
chr08	41152317	SL4.0ch08_37388494
chr08	41175846	SL4.0ch08_37412026
chr08	41176321	SL4.0ch08_37412494
chr08	41181777	SL4.0ch08_37417959
chr08	41289230	SL4.0ch08_37443925
chr08	41289410	SL4.0ch08_37444105
chr08	41413779	SL4.0ch08_37578903
chr08	41480993	SL4.0ch08_37638671
chr08	41569827	SL4.0ch08_37725983
chr08	41589196	SL4.0ch08_37745376
chr08	41643031	SL4.0ch08_37799039
chr08	41704694	SL4.0ch08_37860161
chr08	41834473	SL4.0ch08_37989887
chr08	41867769	SL4.0ch08_38020267
chr08	41895830	SL4.0ch08_38048317
chr08	41908064	SL4.0ch08_38060588
chr08	41915640	SL4.0ch08_38067345
chr08	41936301	SL4.0ch08_38088001
chr08	41942933	SL4.0ch08_38094654
chr08	41973850	SL4.0ch08_38125567
chr08	42123037	SL4.0ch08_38274644
chr08	42197026	SL4.0ch08_38337286
chr08	42271125	SL4.0ch08_38401187
chr08	42318882	SL4.0ch08_38448984
chr08	42381855	SL4.0ch08_38505187
chr08	42409224	SL4.0ch08_38532527
chr08	42441045	SL4.0ch08_38564349
chr08	42620207	SL4.0ch08_38678939
chr08	42627766	SL4.0ch08_38686499
chr08	42684450	SL4.0ch08_38768725
chr08	42684798	SL4.0ch08_38769072
chr08	42685816	SL4.0ch08_38770090
chr08	42702223	SL4.0ch08_38786462
chr08	42734424	SL4.0ch08_38818521
chr08	42764611	SL4.0ch08_38849010
chr08	42766281	SL4.0ch08_38850680
chr08	42779503	SL4.0ch08_38864021
chr08	42782545	SL4.0ch08_38867063
chr08	42820521	SL4.0ch08_38902077
chr08	42865111	SL4.0ch08_38946747
chr08	42869380	SL4.0ch08_38951015
chr08	42901773	SL4.0ch08_38983401
chr08	42949132	SL4.0ch08_39030745
chr08	43006425	SL4.0ch08_39062685
chr08	43129208	SL4.0ch08_39138695
chr08	43132487	SL4.0ch08_39141974
chr08	43228044	SL4.0ch08_39522006
chr08	43243306	SL4.0ch08_39537249
chr08	43257845	SL4.0ch08_39551680
chr08	43258175	SL4.0ch08_39552010
chr08	43320388	SL4.0ch08_39614950
chr08	43326265	SL4.0ch08_39620875
chr08	43338180	SL4.0ch08_39632784
chr08	43353812	SL4.0ch08_39648368
chr08	43393403	SL4.0ch08_39687967
chr08	43457113	SL4.0ch08_39751290
chr08	43500478	SL4.0ch08_39793757
chr08	43522172	SL4.0ch08_39815572
chr08	43592836	SL4.0ch08_39886482
chr08	43634039	SL4.0ch08_39918414
chr08	43782197	SL4.0ch08_40066472
chr08	43839583	SL4.0ch08_40151105
chr08	43842434	SL4.0ch08_40153954
chr08	43849176	SL4.0ch08_40160694
chr08	43998417	SL4.0ch08_40397063
chr08	44030398	SL4.0ch08_40421771
chr08	44093247	SL4.0ch08_40482914
chr08	44124572	SL4.0ch08_40514203
chr08	44144643	SL4.0ch08_40534385
chr08	44179463	SL4.0ch08_40576432
chr08	44197740	SL4.0ch08_40594766
chr08	44202126	SL4.0ch08_40599152
chr08	44263775	SL4.0ch08_40661661
chr08	44277005	SL4.0ch08_40674887
chr08	44302538	SL4.0ch08_40700151
chr08	44318301	SL4.0ch08_40715931
chr08	44326044	SL4.0ch08_40723672
chr08	44366139	SL4.0ch08_40764411
chr08	44460098	SL4.0ch08_40829341
chr08	44504460	SL4.0ch08_40873899
chr08	44510741	SL4.0ch08_40880173
chr08	44533122	SL4.0ch08_40902496
chr08	44540607	SL4.0ch08_40909979
chr08	44550334	SL4.0ch08_40919733
chr08	44633684	SL4.0ch08_41006559
chr08	44664278	SL4.0ch08_41040837
chr08	44841772	SL4.0ch08_41244581
chr08	44938560	SL4.0ch08_41333892
chr08	44966652	SL4.0ch08_41362040
chr08	45105108	SL4.0ch08_41505771
chr08	45106152	SL4.0ch08_41506815
chr08	45108537	SL4.0ch08_41509200
chr08	45161592	SL4.0ch08_41569003
chr08	45223415	SL4.0ch08_41638755
chr08	45224869	SL4.0ch08_41640205
chr08	45349846	SL4.0ch08_41772279
chr08	45380169	SL4.0ch08_41795466
chr08	45401194	SL4.0ch08_41816368
chr08	45421339	SL4.0ch08_41836215
chr08	45424714	SL4.0ch08_41839624
chr08	45425990	SL4.0ch08_41840900
chr08	45446318	SL4.0ch08_41861237
chr08	45501003	SL4.0ch08_41916058
chr08	45545221	SL4.0ch08_41956618
chr08	45659790	SL4.0ch08_42062725
chr08	45805877	SL4.0ch08_42238506
chr08	45883231	SL4.0ch08_42310788
chr08	45903558	SL4.0ch08_42331105
chr08	45907021	SL4.0ch08_42334563
chr08	45912591	SL4.0ch08_42340134
chr08	45934262	SL4.0ch08_42361769
chr08	46049970	SL4.0ch08_42524753
chr08	46078274	SL4.0ch08_42553051
chr08	46079862	SL4.0ch08_42554639
chr08	46119774	SL4.0ch08_42595453
chr08	46120608	SL4.0ch08_42596287
chr08	46147872	SL4.0ch08_42628842
chr08	46150858	SL4.0ch08_42631828
chr08	46170525	SL4.0ch08_42645343
chr08	46209623	SL4.0ch08_42649453
chr08	46211480	SL4.0ch08_42651309
chr08	46305755	SL4.0ch08_42751177
chr08	46398067	SL4.0ch08_42846914
chr08	46443649	SL4.0ch08_42892457
chr08	46602398	SL4.0ch08_43051146
chr08	46628169	SL4.0ch08_43076927
chr08	46777625	SL4.0ch08_43335402
chr08	46790415	SL4.0ch08_43348186
chr08	46847226	SL4.0ch08_43404808
chr08	46906504	SL4.0ch08_43464088
chr08	46917483	SL4.0ch08_43475138
chr08	47001142	SL4.0ch08_43552733
chr08	47109679	SL4.0ch08_43654348
chr08	47118210	SL4.0ch08_43662918
chr08	47132965	SL4.0ch08_43677618
chr08	47180441	SL4.0ch08_43725106
chr08	47260779	SL4.0ch08_43803141
chr08	47275083	SL4.0ch08_43817457
chr08	47301350	SL4.0ch08_43843690
chr08	47303805	SL4.0ch08_43846145
chr08	47346077	SL4.0ch08_43888478
chr08	47371241	SL4.0ch08_43905070
chr08	47414363	SL4.0ch08_43949609
chr08	47462456	SL4.0ch08_43997560
chr08	47536394	SL4.0ch08_44072554
chr08	47563854	SL4.0ch08_44100131
chr08	47650363	SL4.0ch08_44186543
chr08	47678480	SL4.0ch08_44213702
chr08	47759892	SL4.0ch08_44295391
chr08	47766360	SL4.0ch08_44301838
chr08	47770922	SL4.0ch08_44306417
chr08	47771437	SL4.0ch08_44306933
chr08	47773154	SL4.0ch08_44308651
chr08	47779147	SL4.0ch08_44314643
chr08	47791479	SL4.0ch08_44326977
chr08	47869750	SL4.0ch08_44430835
chr08	47909567	SL4.0ch08_44470623
chr08	47931206	SL4.0ch08_44492250
chr08	48006242	SL4.0ch08_44567112
chr08	48009062	SL4.0ch08_44569925
chr08	48011086	SL4.0ch08_44571217
chr08	48044756	SL4.0ch08_44592925
chr08	48080453	SL4.0ch08_44628613
chr08	48134055	SL4.0ch08_44682115
chr08	48144597	SL4.0ch08_44692658
chr08	48155660	SL4.0ch08_44703711
chr08	48156391	SL4.0ch08_44704442
chr08	48219153	SL4.0ch08_44769230
chr08	48275509	SL4.0ch08_44822884
chr08	48350123	SL4.0ch08_44905099
chr08	48352860	SL4.0ch08_44907837
chr08	48388906	SL4.0ch08_44943507
chr08	48435276	SL4.0ch08_44989865
chr08	48514858	SL4.0ch08_45070441
chr08	48578882	SL4.0ch08_45134529
chr08	48581909	SL4.0ch08_45137556
chr08	48582724	SL4.0ch08_45138371
chr08	48625429	SL4.0ch08_45184383
chr08	48630753	SL4.0ch08_45189706
chr08	48642207	SL4.0ch08_45201226
chr08	48647895	SL4.0ch08_45206884
chr08	48744507	SL4.0ch08_45303522
chr08	48771246	SL4.0ch08_45330191
chr08	48836370	SL4.0ch08_45395277
chr08	48848933	SL4.0ch08_45407832
chr08	48890802	SL4.0ch08_45449713
chr08	48914786	SL4.0ch08_45538585
chr08	48921095	SL4.0ch08_45544920
chr08	48922521	SL4.0ch08_45546346
chr08	49038617	SL4.0ch08_45662804
chr08	49039381	SL4.0ch08_45663568
chr08	49047311	SL4.0ch08_45671517
chr08	49099279	SL4.0ch08_45705196
chr08	49112570	SL4.0ch08_45718485
chr08	49130068	SL4.0ch08_45736342
chr08	49132482	SL4.0ch08_45738756
chr08	49152053	SL4.0ch08_45758229
chr08	49159340	SL4.0ch08_45765959
chr08	49193739	SL4.0ch08_45800237
chr08	49200003	SL4.0ch08_45807051
chr08	49264909	SL4.0ch08_45872071
chr08	49308047	SL4.0ch08_45915342
chr08	49342726	SL4.0ch08_45950009
chr08	49347696	SL4.0ch08_45954982
chr08	49360906	SL4.0ch08_45968194
chr08	49369898	SL4.0ch08_45977205
chr08	49376683	SL4.0ch08_45984173
chr08	49379653	SL4.0ch08_45987146
chr08	49385925	SL4.0ch08_45993418
chr08	49431260	SL4.0ch08_46038755
chr08	49466414	SL4.0ch08_46073916
chr08	49469073	SL4.0ch08_46075899
chr08	49475827	SL4.0ch08_46082655
chr08	49485259	SL4.0ch08_46092084
chr08	49498800	SL4.0ch08_46105611
chr08	49499240	SL4.0ch08_46106051
chr08	49503578	SL4.0ch08_46110389
chr08	49512323	SL4.0ch08_46119136
chr08	49515150	SL4.0ch08_46121963
chr08	49515764	SL4.0ch08_46122577
chr08	49521085	SL4.0ch08_46127898
chr08	49541876	SL4.0ch08_46148654
chr08	49587705	SL4.0ch08_46194452
chr08	49604348	SL4.0ch08_46211080
chr08	49651329	SL4.0ch08_46259467
chr08	49678357	SL4.0ch08_46286595
chr08	49692733	SL4.0ch08_46300988
chr08	49692975	SL4.0ch08_46301230
chr08	49713030	SL4.0ch08_46321286
chr08	49797861	SL4.0ch08_46403780
chr08	49820692	SL4.0ch08_46420137
chr08	49846348	SL4.0ch08_46445788
chr08	49957680	SL4.0ch08_46562750
chr08	49985239	SL4.0ch08_46589307
chr08	50109731	SL4.0ch08_46714263
chr08	50114786	SL4.0ch08_46719317
chr08	50119606	SL4.0ch08_46724143
chr08	50122697	SL4.0ch08_46727233
chr08	50123112	SL4.0ch08_46727648
chr08	50136274	SL4.0ch08_46740721
chr08	50140362	SL4.0ch08_46744805
chr08	50173345	SL4.0ch08_46777803
chr08	50194339	SL4.0ch08_46798797
chr08	50276254	SL4.0ch08_46881778
chr08	50293167	SL4.0ch08_46898478
chr08	50297097	SL4.0ch08_46902408
chr08	50328699	SL4.0ch08_46931050
chr08	50354648	SL4.0ch08_46956959
chr08	50437270	SL4.0ch08_47038314
chr08	50453704	SL4.0ch08_47054192
chr08	50468869	SL4.0ch08_47069482
chr08	50483648	SL4.0ch08_47084301
chr08	50485451	SL4.0ch08_47086104
chr08	50500854	SL4.0ch08_47101545
chr08	50502841	SL4.0ch08_47103532
chr08	50528652	SL4.0ch08_47127841
chr08	50533868	SL4.0ch08_47133058
chr08	50536784	SL4.0ch08_47135973
chr08	50540764	SL4.0ch08_47139995
chr08	50669256	SL4.0ch08_47268532
chr08	50732332	SL4.0ch08_47331605
chr08	50793687	SL4.0ch08_47396741
chr08	50938136	SL4.0ch08_47526219
chr08	50964414	SL4.0ch08_47553020
chr08	50973096	SL4.0ch08_47561708
chr08	51002255	SL4.0ch08_47593215
chr08	51046755	SL4.0ch08_47637672
chr08	51155560	SL4.0ch08_47745446
chr08	51325602	SL4.0ch08_47916811
chr08	51337989	SL4.0ch08_47929192
chr08	51443282	SL4.0ch08_48032527
chr08	51447152	SL4.0ch08_48036393
chr08	51505157	SL4.0ch08_48100420
chr08	51565409	SL4.0ch08_48156378
chr08	51599414	SL4.0ch08_48190255
chr08	51602290	SL4.0ch08_48193132
chr08	51641499	SL4.0ch08_48231086
chr08	51709477	SL4.0ch08_48309553
chr08	51779084	SL4.0ch08_48381773
chr08	51803229	SL4.0ch08_48405850
chr08	51803555	SL4.0ch08_48406176
chr08	51869715	SL4.0ch08_48472134
chr08	51884289	SL4.0ch08_48483321
chr08	51888336	SL4.0ch08_48487362
chr08	51919253	SL4.0ch08_48518238
chr08	51928989	SL4.0ch08_48527968
chr08	51942923	SL4.0ch08_48541911
chr08	52038190	SL4.0ch08_48675896
chr08	52044092	SL4.0ch08_48681995
chr08	52054034	SL4.0ch08_48691944
chr08	52057363	SL4.0ch08_48695271
chr08	52070719	SL4.0ch08_48708415
chr08	52148439	SL4.0ch08_48785388
chr08	52206115	SL4.0ch08_48840770
chr08	52223042	SL4.0ch08_48857379
chr08	52237178	SL4.0ch08_48871507
chr08	52295018	SL4.0ch08_48925681
chr08	52373894	SL4.0ch08_49004627
chr08	52380590	SL4.0ch08_49011333
chr08	52422096	SL4.0ch08_49052735
chr08	52427712	SL4.0ch08_49058350
chr08	52433826	SL4.0ch08_49064460
chr08	52851663	SL4.0ch08_49358860
chr08	52861613	SL4.0ch08_49368776
chr08	52987984	SL4.0ch08_49480934
chr08	53011067	SL4.0ch08_49504011
chr08	53140809	SL4.0ch08_49633738
chr08	53159772	SL4.0ch08_49652697
chr08	53175491	SL4.0ch08_49668282
chr08	53207284	SL4.0ch08_49700112
chr08	53228738	SL4.0ch08_49721527
chr08	53330991	SL4.0ch08_49823034
chr08	53353212	SL4.0ch08_49844491
chr08	53360318	SL4.0ch08_49851690
chr08	53386830	SL4.0ch08_49878437
chr08	53392592	SL4.0ch08_49884193
chr08	53393349	SL4.0ch08_49884950
chr08	53395309	SL4.0ch08_49886910
chr08	53397645	SL4.0ch08_49889245
chr08	53418954	SL4.0ch08_49910563
chr08	53424503	SL4.0ch08_49916112
chr08	53429329	SL4.0ch08_49920939
chr08	53457394	SL4.0ch08_49948906
chr08	53511265	SL4.0ch08_50002753
chr08	53516753	SL4.0ch08_50008220
chr08	53518891	SL4.0ch08_50010350
chr08	53524256	SL4.0ch08_50015723
chr08	53526032	SL4.0ch08_50017531
chr08	53531225	SL4.0ch08_50022701
chr08	53600029	SL4.0ch08_50091277
chr08	53623941	SL4.0ch08_50114702
chr08	53644748	SL4.0ch08_50135307
chr08	53669617	SL4.0ch08_50157439
chr08	53691033	SL4.0ch08_50178838
chr08	53705276	SL4.0ch08_50193053
chr08	53720122	SL4.0ch08_50207884
chr08	53739908	SL4.0ch08_50227501
chr08	53756363	SL4.0ch08_50243919
chr08	53807415	SL4.0ch08_50296360
chr08	53831986	SL4.0ch08_50334196
chr08	53834748	SL4.0ch08_50336958
chr08	53848093	SL4.0ch08_50351554
chr08	53918418	SL4.0ch08_50428341
chr08	53962190	SL4.0ch08_50450196
chr08	53970516	SL4.0ch08_50458527
chr08	53972897	SL4.0ch08_50460907
chr08	53981819	SL4.0ch08_50469848
chr08	53995084	SL4.0ch08_50483122
chr08	54035527	SL4.0ch08_50523511
chr08	54050635	SL4.0ch08_50538620
chr08	54060750	SL4.0ch08_50548446
chr08	54062999	SL4.0ch08_50550711
chr08	54199702	SL4.0ch08_50678915
chr08	54222005	SL4.0ch08_50701233
chr08	54229996	SL4.0ch08_50709238
chr08	54319942	SL4.0ch08_50799265
chr08	54351653	SL4.0ch08_50831058
chr08	54407301	SL4.0ch08_50895900
chr08	54462988	SL4.0ch08_50951510
chr08	54470868	SL4.0ch08_50959404
chr08	54472857	SL4.0ch08_50961373
chr08	54617261	SL4.0ch08_51082668
chr08	54656229	SL4.0ch08_51121631
chr08	54662310	SL4.0ch08_51127798
chr08	54685418	SL4.0ch08_51153207
chr08	54704013	SL4.0ch08_51164696
chr08	54715309	SL4.0ch08_51175928
chr08	54721578	SL4.0ch08_51181946
chr08	54777254	SL4.0ch08_51237621
chr08	54781727	SL4.0ch08_51242094
chr08	54792947	SL4.0ch08_51253333
chr08	54863255	SL4.0ch08_51323545
chr08	54900200	SL4.0ch08_51361896
chr08	54907023	SL4.0ch08_51368725
chr08	54921442	SL4.0ch08_51383259
chr08	54930810	SL4.0ch08_51392619
chr08	54934884	SL4.0ch08_51396695
chr08	54937124	SL4.0ch08_51398937
chr08	54953659	SL4.0ch08_51415509
chr08	55042974	SL4.0ch08_51490303
chr08	55073894	SL4.0ch08_51521250
chr08	55088718	SL4.0ch08_51536023
chr08	55110553	SL4.0ch08_51557677
chr08	55122457	SL4.0ch08_51569579
chr08	55127698	SL4.0ch08_51574819
chr08	55149260	SL4.0ch08_51596376
chr08	55157625	SL4.0ch08_51604740
chr08	55167165	SL4.0ch08_51613205
chr08	55252531	SL4.0ch08_51681284
chr08	55299812	SL4.0ch08_51728557
chr08	55315425	SL4.0ch08_51742947
chr08	55347022	SL4.0ch08_51779485
chr08	55350401	SL4.0ch08_51782856
chr08	55369368	SL4.0ch08_51800521
chr08	55428622	SL4.0ch08_51854704
chr08	55438587	SL4.0ch08_51864697
chr08	55468039	SL4.0ch08_51901276
chr08	55490170	SL4.0ch08_51923445
chr08	55495819	SL4.0ch08_51929093
chr08	55502040	SL4.0ch08_51935296
chr08	55503059	SL4.0ch08_51936314
chr08	55526423	SL4.0ch08_51959685
chr08	55532987	SL4.0ch08_51966258
chr08	55542104	SL4.0ch08_51975363
chr08	55548085	SL4.0ch08_51981318
chr08	55572037	SL4.0ch08_52005271
chr08	55616909	SL4.0ch08_52050148
chr08	55622597	SL4.0ch08_52055833
chr08	55651253	SL4.0ch08_52083360
chr08	55691639	SL4.0ch08_52122954
chr08	55707888	SL4.0ch08_52139823
chr08	55708994	SL4.0ch08_52140820
chr08	55767410	SL4.0ch08_52199024
chr08	55770745	SL4.0ch08_52202354
chr08	55799772	SL4.0ch08_52231495
chr08	55851156	SL4.0ch08_52279429
chr08	55878678	SL4.0ch08_52300569
chr08	55923884	SL4.0ch08_52341107
chr08	55925743	SL4.0ch08_52342965
chr08	55946915	SL4.0ch08_52364045
chr08	55951078	SL4.0ch08_52377537
chr08	55966283	SL4.0ch08_52392793
chr08	55984857	SL4.0ch08_52411209
chr08	55991907	SL4.0ch08_52418273
chr08	55995001	SL4.0ch08_52421370
chr08	55996650	SL4.0ch08_52432078
chr08	55996733	SL4.0ch08_52432161
chr08	56040557	SL4.0ch08_52476072
chr08	56043114	SL4.0ch08_52478641
chr08	56044129	SL4.0ch08_52479656
chr08	56080837	SL4.0ch08_52515156
chr08	56119720	SL4.0ch08_52554143
chr08	56140458	SL4.0ch08_52574803
chr08	56150483	SL4.0ch08_52584006
chr08	56192301	SL4.0ch08_52617201
chr08	56201846	SL4.0ch08_52626713
chr08	56232553	SL4.0ch08_52657267
chr08	56279429	SL4.0ch08_52705136
chr08	56286679	SL4.0ch08_52712503
chr08	56296167	SL4.0ch08_52721979
chr08	56315642	SL4.0ch08_52741414
chr08	56316061	SL4.0ch08_52741833
chr08	56323237	SL4.0ch08_52750296
chr08	56329492	SL4.0ch08_52756538
chr08	56376212	SL4.0ch08_52803202
chr08	56387770	SL4.0ch08_52814759
chr08	56390021	SL4.0ch08_52816626
chr08	56395838	SL4.0ch08_52822431
chr08	56408830	SL4.0ch08_52835426
chr08	56419976	SL4.0ch08_52846557
chr08	56439230	SL4.0ch08_52865801
chr08	56508134	SL4.0ch08_52946997
chr08	56516370	SL4.0ch08_52955312
chr08	56541641	SL4.0ch08_52980564
chr08	56578361	SL4.0ch08_53017293
chr08	56626800	SL4.0ch08_53056889
chr08	56641904	SL4.0ch08_53072008
chr08	56665598	SL4.0ch08_53114782
chr08	56674543	SL4.0ch08_53123730
chr08	56686192	SL4.0ch08_53135377
chr08	56699327	SL4.0ch08_53148738
chr08	56709781	SL4.0ch08_53158810
chr08	56725009	SL4.0ch08_53175412
chr08	56763465	SL4.0ch08_53213914
chr08	56788340	SL4.0ch08_53238651
chr08	56791866	SL4.0ch08_53242054
chr08	56801927	SL4.0ch08_53252059
chr08	56808986	SL4.0ch08_53259119
chr08	56816098	SL4.0ch08_53266257
chr08	56821326	SL4.0ch08_53271507
chr08	56849285	SL4.0ch08_53299431
chr08	56874862	SL4.0ch08_53324996
chr08	56909994	SL4.0ch08_53360886
chr08	56933292	SL4.0ch08_53384118
chr08	56956902	SL4.0ch08_53407625
chr08	57015631	SL4.0ch08_53466758
chr08	57071447	SL4.0ch08_53529078
chr08	57088213	SL4.0ch08_53545930
chr08	57095025	SL4.0ch08_53552701
chr08	57097632	SL4.0ch08_53555328
chr08	57105130	SL4.0ch08_53562808
chr08	57108186	SL4.0ch08_53569118
chr08	57111492	SL4.0ch08_53572494
chr08	57129465	SL4.0ch08_53590405
chr08	57166226	SL4.0ch08_53617414
chr08	57176458	SL4.0ch08_53627775
chr08	57201653	SL4.0ch08_53652980
chr08	57255542	SL4.0ch08_53697479
chr08	57262971	SL4.0ch08_53704898
chr08	57277471	SL4.0ch08_53736402
chr08	57300080	SL4.0ch08_53759042
chr08	57310774	SL4.0ch08_53769738
chr08	57335043	SL4.0ch08_53793909
chr08	57355273	SL4.0ch08_53811078
chr08	57378342	SL4.0ch08_53828302
chr08	57406052	SL4.0ch08_53856082
chr08	57459318	SL4.0ch08_53947759
chr08	57484056	SL4.0ch08_53972265
chr08	57493820	SL4.0ch08_53981935
chr08	57504016	SL4.0ch08_53992574
chr08	57554691	SL4.0ch08_54046908
chr08	57565250	SL4.0ch08_54057448
chr08	57571851	SL4.0ch08_54064047
chr08	57572924	SL4.0ch08_54065120
chr08	57603847	SL4.0ch08_54096057
chr08	57612412	SL4.0ch08_54104556
chr08	57654018	SL4.0ch08_54146168
chr08	57660409	SL4.0ch08_54152557
chr08	57662959	SL4.0ch08_54155105
chr08	57670097	SL4.0ch08_54162257
chr08	57673377	SL4.0ch08_54165538
chr08	57702344	SL4.0ch08_54195274
chr08	57719389	SL4.0ch08_54218601
chr08	57731061	SL4.0ch08_54230310
chr08	57742734	SL4.0ch08_54241993
chr08	57764112	SL4.0ch08_54259947
chr08	57810976	SL4.0ch08_54306829
chr08	57849842	SL4.0ch08_54345666
chr08	57900492	SL4.0ch08_54396380
chr08	57932384	SL4.0ch08_54428249
chr08	57954965	SL4.0ch08_54450760
chr08	57963299	SL4.0ch08_54459011
chr08	57970627	SL4.0ch08_54466334
chr08	57979085	SL4.0ch08_54474680
chr08	57989155	SL4.0ch08_54485108
chr08	58023296	SL4.0ch08_54519134
chr08	58026284	SL4.0ch08_54522137
chr08	58108429	SL4.0ch08_54593310
chr08	58132785	SL4.0ch08_54617846
chr08	58132990	SL4.0ch08_54618051
chr08	58140093	SL4.0ch08_54625180
chr08	58167045	SL4.0ch08_54651918
chr08	58238413	SL4.0ch08_54723219
chr08	58264142	SL4.0ch08_54748928
chr08	58283167	SL4.0ch08_54766570
chr08	58348299	SL4.0ch08_54838221
chr08	58349421	SL4.0ch08_54839345
chr08	58353445	SL4.0ch08_54848304
chr08	58369859	SL4.0ch08_54862870
chr08	58376825	SL4.0ch08_54869934
chr08	58397865	SL4.0ch08_54895418
chr08	58404131	SL4.0ch08_54901712
chr08	58409084	SL4.0ch08_54906596
chr08	58415813	SL4.0ch08_54913295
chr08	58416729	SL4.0ch08_54914211
chr08	58421020	SL4.0ch08_54918440
chr08	58428816	SL4.0ch08_54926234
chr08	58451512	SL4.0ch08_54948998
chr08	58460045	SL4.0ch08_54957409
chr08	58520417	SL4.0ch08_55016078
chr08	58527885	SL4.0ch08_55023546
chr08	58557397	SL4.0ch08_55053225
chr08	58592057	SL4.0ch08_55088488
chr08	58614356	SL4.0ch08_55110833
chr08	58633674	SL4.0ch08_55130127
chr08	58639567	SL4.0ch08_55136011
chr08	58665698	SL4.0ch08_55156902
chr08	58759731	SL4.0ch08_55249095
chr08	58765885	SL4.0ch08_55255129
chr08	58774342	SL4.0ch08_55263903
chr08	58780266	SL4.0ch08_55269138
chr08	58823957	SL4.0ch08_55307172
chr08	58868441	SL4.0ch08_55352263
chr08	58903437	SL4.0ch08_55385463
chr08	58927420	SL4.0ch08_55409351
chr08	58930870	SL4.0ch08_55412783
chr08	58964368	SL4.0ch08_55446523
chr08	58970509	SL4.0ch08_55452657
chr08	58976331	SL4.0ch08_55458486
chr08	58982207	SL4.0ch08_55464391
chr08	58992802	SL4.0ch08_55474974
chr08	59000712	SL4.0ch08_55482899
chr08	59009588	SL4.0ch08_55491765
chr08	59010418	SL4.0ch08_55492595
chr08	59060965	SL4.0ch08_55543183
chr08	59109779	SL4.0ch08_55591530
chr08	59113329	SL4.0ch08_55595083
chr08	59136744	SL4.0ch08_55618438
chr08	59147542	SL4.0ch08_55629231
chr08	59148076	SL4.0ch08_55629766
chr08	59149899	SL4.0ch08_55631589
chr08	59155838	SL4.0ch08_55637509
chr08	59191215	SL4.0ch08_55676173
chr08	59218323	SL4.0ch08_55703075
chr08	59220577	SL4.0ch08_55705298
chr08	59249384	SL4.0ch08_55736035
chr08	59312841	SL4.0ch08_55799466
chr08	59315532	SL4.0ch08_55802103
chr08	59328757	SL4.0ch08_55815346
chr08	59335215	SL4.0ch08_55821810
chr08	59376115	SL4.0ch08_55871567
chr08	59400663	SL4.0ch08_55896064
chr08	59415737	SL4.0ch08_55911104
chr08	59425976	SL4.0ch08_55920923
chr08	59475272	SL4.0ch08_55995707
chr08	59476067	SL4.0ch08_55996502
chr08	59487568	SL4.0ch08_56007388
chr08	59490650	SL4.0ch08_56010357
chr08	59510425	SL4.0ch08_56030054
chr08	59511442	SL4.0ch08_56031072
chr08	59511528	SL4.0ch08_56031158
chr08	59520117	SL4.0ch08_56039696
chr08	59555891	SL4.0ch08_56056963
chr08	59644580	SL4.0ch08_56130743
chr08	59649509	SL4.0ch08_56135682
chr08	59671196	SL4.0ch08_56144765
chr08	59688052	SL4.0ch08_56161575
chr08	59751144	SL4.0ch08_56224846
chr08	59778491	SL4.0ch08_56254052
chr08	59787567	SL4.0ch08_56263165
chr08	59797014	SL4.0ch08_56272558
chr08	59806272	SL4.0ch08_56279921
chr08	59820908	SL4.0ch08_56294584
chr08	59855061	SL4.0ch08_56328838
chr08	59918646	SL4.0ch08_56394973
chr08	59945532	SL4.0ch08_56424749
chr08	60656370	SL4.0ch08_56623400
chr08	60672956	SL4.0ch08_56606729
chr08	60712714	SL4.0ch08_56568620
chr08	60783515	SL4.0ch08_56497457
chr08	60803319	SL4.0ch08_56477679
chr08	60873469	SL4.0ch08_56698170
chr08	60878841	SL4.0ch08_56703542
chr08	60881721	SL4.0ch08_56706421
chr08	60910992	SL4.0ch08_56735629
chr08	60975371	SL4.0ch08_56800288
chr08	61071672	SL4.0ch08_56884179
chr08	61074327	SL4.0ch08_56886832
chr08	61074456	SL4.0ch08_56886961
chr08	61075139	SL4.0ch08_56887644
chr08	61084928	SL4.0ch08_56897489
chr08	61085849	SL4.0ch08_56898397
chr08	61086012	SL4.0ch08_56898560
chr08	61088468	SL4.0ch08_56904539
chr08	61133677	SL4.0ch08_56944116
chr08	61144330	SL4.0ch08_56954779
chr08	61160298	SL4.0ch08_56971196
chr08	61170605	SL4.0ch08_56981463
chr08	61207348	SL4.0ch08_57018211
chr08	61211469	SL4.0ch08_57022996
chr08	61239848	SL4.0ch08_57051590
chr08	61263134	SL4.0ch08_57074476
chr08	61263977	SL4.0ch08_57075319
chr08	61264356	SL4.0ch08_57075698
chr08	61273183	SL4.0ch08_57084183
chr08	61320921	SL4.0ch08_57130656
chr08	61325330	SL4.0ch08_57135091
chr08	61360561	SL4.0ch08_57169552
chr08	61381702	SL4.0ch08_57193407
chr08	61405573	SL4.0ch08_57216597
chr08	61409636	SL4.0ch08_57220646
chr08	61411877	SL4.0ch08_57222883
chr08	61468977	SL4.0ch08_57280237
chr08	61510234	SL4.0ch08_57328309
chr08	61517630	SL4.0ch08_57336657
chr08	61529291	SL4.0ch08_57348357
chr08	61552267	SL4.0ch08_57371358
chr08	61561585	SL4.0ch08_57380707
chr08	61591546	SL4.0ch08_57410678
chr08	61596329	SL4.0ch08_57415488
chr08	61607004	SL4.0ch08_57426153
chr08	61623695	SL4.0ch08_57443018
chr08	61677833	SL4.0ch08_57490876
chr08	61729147	SL4.0ch08_57541854
chr08	61779933	SL4.0ch08_57572122
chr08	61780033	SL4.0ch08_57572222
chr08	61787677	SL4.0ch08_57579816
chr08	61821785	SL4.0ch08_57613558
chr08	61825325	SL4.0ch08_57617099
chr08	61830762	SL4.0ch08_57622529
chr08	61843684	SL4.0ch08_57635474
chr08	61866243	SL4.0ch08_57657856
chr08	61910517	SL4.0ch08_57701704
chr08	61947120	SL4.0ch08_57738288
chr08	61967154	SL4.0ch08_57758368
chr08	61986063	SL4.0ch08_57777274
chr08	61997833	SL4.0ch08_57788998
chr08	62026575	SL4.0ch08_57817658
chr08	62065351	SL4.0ch08_57848335
chr08	62096772	SL4.0ch08_57877961
chr08	62109229	SL4.0ch08_57890428
chr08	62147497	SL4.0ch08_57911941
chr08	62182224	SL4.0ch08_57946679
chr08	62191464	SL4.0ch08_57955896
chr08	62241726	SL4.0ch08_58001876
chr08	62249914	SL4.0ch08_58009992
chr08	62259761	SL4.0ch08_58020041
chr08	62267124	SL4.0ch08_58027405
chr08	62277895	SL4.0ch08_58038170
chr08	62317706	SL4.0ch08_58075684
chr08	62334895	SL4.0ch08_58092751
chr08	62351382	SL4.0ch08_58111205
chr08	62365845	SL4.0ch08_58125620
chr08	62404825	SL4.0ch08_58164602
chr08	62453528	SL4.0ch08_58213262
chr08	62523046	SL4.0ch08_58282444
chr08	62563640	SL4.0ch08_58322987
chr08	62565447	SL4.0ch08_58324794
chr08	62565875	SL4.0ch08_58325222
chr08	62602265	SL4.0ch08_58361609
chr08	62612874	SL4.0ch08_58373097
chr08	62630345	SL4.0ch08_58390558
chr08	62647340	SL4.0ch08_58407546
chr08	62657148	SL4.0ch08_58420152
chr08	62665024	SL4.0ch08_58427977
chr08	62674478	SL4.0ch08_58437389
chr08	62682101	SL4.0ch08_58445013
chr08	62698519	SL4.0ch08_58461303
chr08	62755285	SL4.0ch08_58517969
chr08	62774947	SL4.0ch08_58540586
chr08	62796689	SL4.0ch08_58562316
chr08	62842034	SL4.0ch08_58607663
chr08	62854136	SL4.0ch08_58619732
chr08	62861801	SL4.0ch08_58627428
chr08	62884895	SL4.0ch08_58649601
chr08	62909860	SL4.0ch08_58672828
chr08	62910741	SL4.0ch08_58673709
chr08	62936537	SL4.0ch08_58699528
chr08	62946735	SL4.0ch08_58709714
chr08	62961940	SL4.0ch08_58725046
chr08	62972648	SL4.0ch08_58735822
chr08	63016262	SL4.0ch08_58778290
chr08	63023258	SL4.0ch08_58785290
chr08	63047370	SL4.0ch08_58804344
chr08	63062029	SL4.0ch08_58818921
chr08	63064372	SL4.0ch08_58821275
chr08	63086482	SL4.0ch08_58843402
chr08	63115183	SL4.0ch08_58872092
chr08	63116467	SL4.0ch08_58873377
chr08	63148527	SL4.0ch08_58905487
chr08	63160374	SL4.0ch08_58917316
chr08	63231629	SL4.0ch08_58988783
chr08	63266272	SL4.0ch08_59023402
chr08	63267731	SL4.0ch08_59024861
chr08	63271108	SL4.0ch08_59028424
chr08	63276109	SL4.0ch08_59033426
chr08	63286409	SL4.0ch08_59044141
chr08	63309046	SL4.0ch08_59064936
chr08	63317335	SL4.0ch08_59073217
chr08	63354505	SL4.0ch08_59110398
chr08	63368097	SL4.0ch08_59123496
chr08	63396652	SL4.0ch08_59151706
chr08	63408860	SL4.0ch08_59163936
chr08	63448733	SL4.0ch08_59204045
chr08	63473706	SL4.0ch08_59228935
chr08	63484500	SL4.0ch08_59239738
chr08	63537470	SL4.0ch08_59286844
chr08	63547826	SL4.0ch08_59297116
chr08	63579858	SL4.0ch08_59329115
chr08	63615948	SL4.0ch08_59365511
chr08	63647193	SL4.0ch08_59397072
chr08	63661991	SL4.0ch08_59411739
chr08	63689895	SL4.0ch08_59439821
chr08	63730378	SL4.0ch08_59479859
chr08	63737887	SL4.0ch08_59487543
chr08	63742295	SL4.0ch08_59491887
chr08	63742678	SL4.0ch08_59492266
chr08	63766390	SL4.0ch08_59515223
chr08	63779866	SL4.0ch08_59530590
chr08	63799026	SL4.0ch08_59550507
chr08	63851482	SL4.0ch08_59603012
chr08	63881032	SL4.0ch08_59632574
chr08	63886214	SL4.0ch08_59637739
chr08	63933996	SL4.0ch08_59685353
chr08	63937637	SL4.0ch08_59688711
chr08	63946264	SL4.0ch08_59697334
chr08	63954605	SL4.0ch08_59705688
chr08	63956485	SL4.0ch08_59707569
chr08	63999809	SL4.0ch08_59749852
chr08	64009418	SL4.0ch08_59759441
chr08	64017003	SL4.0ch08_59767020
chr08	64051210	SL4.0ch08_59801297
chr08	64072344	SL4.0ch08_59822513
chr08	64091326	SL4.0ch08_59841478
chr08	64105364	SL4.0ch08_59855516
chr08	64149289	SL4.0ch08_59899455
chr08	64168480	SL4.0ch08_59918512
chr08	64187663	SL4.0ch08_59932417
chr08	64210730	SL4.0ch08_59955575
chr08	64236114	SL4.0ch08_59980950
chr08	64248299	SL4.0ch08_59993133
chr08	64274956	SL4.0ch08_60019796
chr08	64286921	SL4.0ch08_60031763
chr08	64288269	SL4.0ch08_60033110
chr08	64307523	SL4.0ch08_60051829
chr08	64313665	SL4.0ch08_60060423
chr08	64339636	SL4.0ch08_60086348
chr08	64377233	SL4.0ch08_60124464
chr08	64422980	SL4.0ch08_60169876
chr08	64445918	SL4.0ch08_60192844
chr08	64464863	SL4.0ch08_60211760
chr08	64472769	SL4.0ch08_60219607
chr08	64503667	SL4.0ch08_60251047
chr08	64512985	SL4.0ch08_60260313
chr08	64557323	SL4.0ch08_60311042
chr08	64589965	SL4.0ch08_60343490
chr08	64597798	SL4.0ch08_60351360
chr08	64605320	SL4.0ch08_60358888
chr08	64622094	SL4.0ch08_60376277
chr08	64637224	SL4.0ch08_60391510
chr08	64656058	SL4.0ch08_60410661
chr08	64667314	SL4.0ch08_60421950
chr08	64700109	SL4.0ch08_60454740
chr08	64703572	SL4.0ch08_60458202
chr08	64796773	SL4.0ch08_60548490
chr08	64819416	SL4.0ch08_60571272
chr08	64825875	SL4.0ch08_60577732
chr08	64863552	SL4.0ch08_60612467
chr08	64894217	SL4.0ch08_60643090
chr08	64900011	SL4.0ch08_60648698
chr08	64914610	SL4.0ch08_60660581
chr08	64918668	SL4.0ch08_60664635
chr08	64935874	SL4.0ch08_60680896
chr08	64950632	SL4.0ch08_60695702
chr08	64989248	SL4.0ch08_60721167
chr08	65028084	SL4.0ch08_60759890
chr08	65044317	SL4.0ch08_60776103
chr08	65062470	SL4.0ch08_60794212
chr08	65109041	SL4.0ch08_60831395
chr08	65121729	SL4.0ch08_60844120
chr08	65127989	SL4.0ch08_60850389
chr08	65184923	SL4.0ch08_60906443
chr08	65194405	SL4.0ch08_60915869
chr08	65224648	SL4.0ch08_60961245
chr08	65230213	SL4.0ch08_60966811
chr08	65238489	SL4.0ch08_60975081
chr08	65239837	SL4.0ch08_60976429
chr08	65258614	SL4.0ch08_60995149
chr08	65281628	SL4.0ch08_61012862
chr08	65299411	SL4.0ch08_61030217
chr08	65332528	SL4.0ch08_61064495
chr08	65342322	SL4.0ch08_61071507
chr08	65358001	SL4.0ch08_61087155
chr08	65370453	SL4.0ch08_61099701
chr08	65381154	SL4.0ch08_61110379
chr08	65414526	SL4.0ch08_61143738
chr08	65447488	SL4.0ch08_61176651
chr08	65470231	SL4.0ch08_61202763
chr08	65507694	SL4.0ch08_61239978
chr08	65526539	SL4.0ch08_61258836
chr08	65569796	SL4.0ch08_61300583
chr08	65588194	SL4.0ch08_61319148
chr08	65602777	SL4.0ch08_61333734
chr08	65605007	SL4.0ch08_61335971
chr08	65614714	SL4.0ch08_61345676
chr08	65629719	SL4.0ch08_61360639
chr08	65636787	SL4.0ch08_61367728
chr08	65652822	SL4.0ch08_61383749
chr08	65691716	SL4.0ch08_61422590
chr08	65721773	SL4.0ch08_61452740
chr08	65752598	SL4.0ch08_61484026
chr08	65761170	SL4.0ch08_61492621
chr08	65776533	SL4.0ch08_61508170
chr08	65776964	SL4.0ch08_61508601
chr08	65791443	SL4.0ch08_61523137
chr08	65849189	SL4.0ch08_61580790
chr08	65864509	SL4.0ch08_61596077
chr08	65870527	SL4.0ch08_61601701
chr08	65882486	SL4.0ch08_61613842
chr08	65882749	SL4.0ch08_61614105
chr08	65915967	SL4.0ch08_61647203
chr08	65932137	SL4.0ch08_61663296
chr08	65963466	SL4.0ch08_61694604
chr08	65984616	SL4.0ch08_61715724
chr08	66022325	SL4.0ch08_61760998
chr08	66032333	SL4.0ch08_61771187
chr08	66044935	SL4.0ch08_61783915
chr08	66050852	SL4.0ch08_61789832
chr08	66052491	SL4.0ch08_61791472
chr08	66073154	SL4.0ch08_61817162
chr08	66090112	SL4.0ch08_61834110
chr08	66117120	SL4.0ch08_61861064
chr08	66144646	SL4.0ch08_61888296
chr08	66175312	SL4.0ch08_61918985
chr08	66183648	SL4.0ch08_61927351
chr08	66273258	SL4.0ch08_61963075
chr08	66295975	SL4.0ch08_62019186
chr08	66316253	SL4.0ch08_62039406
chr08	66347720	SL4.0ch08_62069045
chr08	66402349	SL4.0ch08_62111361
chr08	66408546	SL4.0ch08_62117561
chr08	66424463	SL4.0ch08_62130888
chr08	66470708	SL4.0ch08_62176976
chr08	66500148	SL4.0ch08_62206420
chr08	66553175	SL4.0ch08_62259249
chr08	66571521	SL4.0ch08_62277511
chr08	66572414	SL4.0ch08_62278404
chr08	66572741	SL4.0ch08_62278731
chr08	66679617	SL4.0ch08_62384057
chr08	66689870	SL4.0ch08_62394261
chr08	66690070	SL4.0ch08_62394461
chr08	66708510	SL4.0ch08_62412767
chr08	66711924	SL4.0ch08_62416202
chr08	66724063	SL4.0ch08_62428525
chr08	66725495	SL4.0ch08_62429956
chr08	66728805	SL4.0ch08_62433265
chr08	66765817	SL4.0ch08_62470205
chr08	66771897	SL4.0ch08_62476213
chr08	66783614	SL4.0ch08_62487971
chr08	66814215	SL4.0ch08_62518483
chr08	66847688	SL4.0ch08_62551995
chr08	66891460	SL4.0ch08_62591215
chr08	66892290	SL4.0ch08_62592042
chr08	66907256	SL4.0ch08_62604924
chr08	66913749	SL4.0ch08_62611416
chr08	66952420	SL4.0ch08_62650389
chr08	66982989	SL4.0ch08_62680832
chr08	66992799	SL4.0ch08_62690641
chr08	67046070	SL4.0ch08_62744056
chr08	67059922	SL4.0ch08_62757915
chr08	67070382	SL4.0ch08_62768309
chr08	67100775	SL4.0ch08_62798660
chr08	67122988	SL4.0ch08_62820981
chr08	67157727	SL4.0ch08_62855723
chr08	67171557	SL4.0ch08_62869556
chr08	67197194	SL4.0ch08_62895266
chr08	67198883	SL4.0ch08_62896955
chr08	67217087	SL4.0ch08_62915168
chr08	67223921	SL4.0ch08_62922215
chr08	67231449	SL4.0ch08_62929742
chr08	67256267	SL4.0ch08_62954629
chr08	67302127	SL4.0ch08_63000313
chr08	67307519	SL4.0ch08_63005703
chr08	67316408	SL4.0ch08_63014597
chr08	67337875	SL4.0ch08_63035964
chr08	67339694	SL4.0ch08_63037783
chr08	67366932	SL4.0ch08_63065309
chr08	67387435	SL4.0ch08_63085837
chr08	67430436	SL4.0ch08_63128767
chr08	67480900	SL4.0ch08_63179367
chr08	67486840	SL4.0ch08_63190884
chr08	67497405	SL4.0ch08_63201079
chr08	67512163	SL4.0ch08_63215840
chr08	67523672	SL4.0ch08_63227286
chr08	67529311	SL4.0ch08_63232925
chr08	67549680	SL4.0ch08_63268066
chr08	67591738	SL4.0ch08_63310880
chr08	67616097	SL4.0ch08_63335276
chr08	67640186	SL4.0ch08_63358092
chr08	67672522	SL4.0ch08_63390438
chr08	67677361	SL4.0ch08_63395283
chr08	67699131	SL4.0ch08_63420781
chr08	67742778	SL4.0ch08_63464416
chr08	67744635	SL4.0ch08_63466269
chr08	67801620	SL4.0ch08_63525433
chr08	67802962	SL4.0ch08_63526757
chr08	67807960	SL4.0ch08_63531819
chr08	67827081	SL4.0ch08_63550977
chr08	67877542	SL4.0ch08_63601274
chr08	67886058	SL4.0ch08_63609779
chr08	67890392	SL4.0ch08_63614147
chr08	67968213	SL4.0ch08_63692173
chr08	67982111	SL4.0ch08_63705972
chr08	67991670	SL4.0ch08_63715546
chr08	68027360	SL4.0ch08_63751200
chr08	68124299	SL4.0ch08_63848423
chr08	68131095	SL4.0ch08_63855214
chr08	68136138	SL4.0ch08_63860272
chr08	68147219	SL4.0ch08_63871329
chr08	68171969	SL4.0ch08_63897072
chr08	68186349	SL4.0ch08_63911446
chr08	68222462	SL4.0ch08_63947601
chr08	68224075	SL4.0ch08_63949213
chr08	68247029	SL4.0ch08_63972177
chr08	68247127	SL4.0ch08_63972275
chr08	68262537	SL4.0ch08_63987680
chr09	537535	SL4.0ch09_38281
chr09	558343	SL4.0ch09_59096
chr09	558669	SL4.0ch09_59422
chr09	559183	SL4.0ch09_59936
chr09	566810	SL4.0ch09_67564
chr09	623888	SL4.0ch09_137596
chr09	630823	SL4.0ch09_144530
chr09	663940	SL4.0ch09_177535
chr09	672477	SL4.0ch09_186127
chr09	672567	SL4.0ch09_186217
chr09	712161	SL4.0ch09_225874
chr09	717620	SL4.0ch09_231363
chr09	726693	SL4.0ch09_240434
chr09	765374	SL4.0ch09_279393
chr09	765530	SL4.0ch09_279549
chr09	774599	SL4.0ch09_288617
chr09	783329	SL4.0ch09_297393
chr09	786468	SL4.0ch09_300568
chr09	831443	SL4.0ch09_345627
chr09	870072	SL4.0ch09_384265
chr09	893261	SL4.0ch09_407454
chr09	899375	SL4.0ch09_413568
chr09	901133	SL4.0ch09_415326
chr09	903700	SL4.0ch09_417893
chr09	983159	SL4.0ch09_497165
chr09	1009400	SL4.0ch09_523446
chr09	1012028	SL4.0ch09_526074
chr09	1013264	SL4.0ch09_527309
chr09	1098566	SL4.0ch09_542033
chr09	1130121	SL4.0ch09_572668
chr09	1142369	SL4.0ch09_584913
chr09	1186792	SL4.0ch09_629366
chr09	1205052	SL4.0ch09_647608
chr09	1238054	SL4.0ch09_680546
chr09	1240443	SL4.0ch09_682935
chr09	1250594	SL4.0ch09_709079
chr09	1256598	SL4.0ch09_712387
chr09	1262533	SL4.0ch09_718329
chr09	1292572	SL4.0ch09_748744
chr09	1306060	SL4.0ch09_762270
chr09	1306421	SL4.0ch09_762631
chr09	1306596	SL4.0ch09_762806
chr09	1355858	SL4.0ch09_812317
chr09	1391435	SL4.0ch09_847508
chr09	1401493	SL4.0ch09_857600
chr09	1444231	SL4.0ch09_900223
chr09	1457366	SL4.0ch09_913359
chr09	1464629	SL4.0ch09_920634
chr09	1494511	SL4.0ch09_950497
chr09	1550739	SL4.0ch09_1006777
chr09	1560792	SL4.0ch09_1016879
chr09	1563186	SL4.0ch09_1019313
chr09	1577325	SL4.0ch09_1033456
chr09	1593050	SL4.0ch09_1049186
chr09	1603708	SL4.0ch09_1059842
chr09	1610144	SL4.0ch09_1066237
chr09	1651687	SL4.0ch09_1107861
chr09	1679558	SL4.0ch09_1135849
chr09	1727461	SL4.0ch09_1183757
chr09	1765228	SL4.0ch09_1214304
chr09	1783358	SL4.0ch09_1232496
chr09	1800825	SL4.0ch09_1249964
chr09	1814627	SL4.0ch09_1268394
chr09	1881053	SL4.0ch09_1335228
chr09	1888871	SL4.0ch09_1343045
chr09	1934261	SL4.0ch09_1388557
chr09	1948008	SL4.0ch09_1402260
chr09	1951921	SL4.0ch09_1406173
chr09	1971666	SL4.0ch09_1423948
chr09	1982838	SL4.0ch09_1435121
chr09	2013500	SL4.0ch09_1465659
chr09	2031957	SL4.0ch09_1484135
chr09	2045148	SL4.0ch09_1497327
chr09	2046781	SL4.0ch09_1498960
chr09	2058204	SL4.0ch09_1510382
chr09	2080383	SL4.0ch09_1532529
chr09	2081522	SL4.0ch09_1533668
chr09	2085304	SL4.0ch09_1537439
chr09	2139422	SL4.0ch09_1596768
chr09	2155372	SL4.0ch09_1613536
chr09	2188551	SL4.0ch09_1646661
chr09	2193959	SL4.0ch09_1652044
chr09	2290431	SL4.0ch09_1748715
chr09	2297136	SL4.0ch09_1755653
chr09	2304993	SL4.0ch09_1763208
chr09	2314486	SL4.0ch09_1772728
chr09	2317129	SL4.0ch09_1775458
chr09	2320623	SL4.0ch09_1778955
chr09	2347467	SL4.0ch09_1821028
chr09	2360360	SL4.0ch09_1833925
chr09	2380699	SL4.0ch09_1854249
chr09	2396902	SL4.0ch09_1870867
chr09	2407296	SL4.0ch09_1881209
chr09	2412485	SL4.0ch09_1886468
chr09	2423869	SL4.0ch09_1897841
chr09	2461517	SL4.0ch09_1935581
chr09	2486102	SL4.0ch09_1960298
chr09	2496542	SL4.0ch09_1970651
chr09	2544190	SL4.0ch09_2018314
chr09	2559608	SL4.0ch09_2039657
chr09	2578539	SL4.0ch09_2058692
chr09	2601920	SL4.0ch09_2092335
chr09	2647036	SL4.0ch09_2137253
chr09	2675818	SL4.0ch09_2165800
chr09	2676701	SL4.0ch09_2166563
chr09	2677601	SL4.0ch09_2167464
chr09	2685497	SL4.0ch09_2175366
chr09	2694609	SL4.0ch09_2184480
chr09	2695164	SL4.0ch09_2185035
chr09	2712742	SL4.0ch09_2202551
chr09	2730391	SL4.0ch09_2221845
chr09	2740456	SL4.0ch09_2231929
chr09	2743852	SL4.0ch09_2234884
chr09	2795722	SL4.0ch09_2288451
chr09	2826965	SL4.0ch09_2319585
chr09	2845122	SL4.0ch09_2337246
chr09	2847139	SL4.0ch09_2339267
chr09	2848423	SL4.0ch09_2340553
chr09	2898531	SL4.0ch09_2390418
chr09	2921392	SL4.0ch09_2411531
chr09	2939185	SL4.0ch09_2429338
chr09	2962010	SL4.0ch09_2452414
chr09	2988928	SL4.0ch09_2479486
chr09	3037616	SL4.0ch09_2528567
chr09	3045053	SL4.0ch09_2536001
chr09	3049805	SL4.0ch09_2540746
chr09	3075108	SL4.0ch09_2559361
chr09	3085007	SL4.0ch09_2569257
chr09	3108112	SL4.0ch09_2592288
chr09	3125212	SL4.0ch09_2607170
chr09	3136211	SL4.0ch09_2618193
chr09	3153480	SL4.0ch09_2635550
chr09	3200189	SL4.0ch09_2681130
chr09	3201134	SL4.0ch09_2682075
chr09	3211369	SL4.0ch09_2692335
chr09	3228773	SL4.0ch09_2709835
chr09	3267957	SL4.0ch09_2749187
chr09	3289782	SL4.0ch09_2753376
chr09	3369950	SL4.0ch09_2833683
chr09	3416080	SL4.0ch09_2878842
chr09	3417235	SL4.0ch09_2879995
chr09	3432266	SL4.0ch09_2895035
chr09	3455772	SL4.0ch09_2918417
chr09	3471133	SL4.0ch09_2933779
chr09	3487316	SL4.0ch09_2950173
chr09	3506591	SL4.0ch09_2969677
chr09	3536476	SL4.0ch09_2999613
chr09	3545230	SL4.0ch09_3008382
chr09	3591861	SL4.0ch09_3052204
chr09	3597848	SL4.0ch09_3058189
chr09	3603140	SL4.0ch09_3063552
chr09	3607530	SL4.0ch09_3067940
chr09	3637021	SL4.0ch09_3097380
chr09	3646722	SL4.0ch09_3107757
chr09	3652305	SL4.0ch09_3113342
chr09	3701706	SL4.0ch09_3162250
chr09	3809606	SL4.0ch09_3244521
chr09	3837777	SL4.0ch09_3272543
chr09	3838894	SL4.0ch09_3273660
chr09	3847892	SL4.0ch09_3282647
chr09	3850778	SL4.0ch09_3285533
chr09	3866093	SL4.0ch09_3300810
chr09	3912156	SL4.0ch09_3339668
chr09	3956166	SL4.0ch09_3383785
chr09	3979010	SL4.0ch09_3398054
chr09	3999278	SL4.0ch09_3418276
chr09	4014733	SL4.0ch09_3433585
chr09	4020477	SL4.0ch09_3439344
chr09	4026922	SL4.0ch09_3445598
chr09	4030711	SL4.0ch09_3449389
chr09	4032950	SL4.0ch09_3451659
chr09	4069459	SL4.0ch09_3482195
chr09	4097080	SL4.0ch09_3509372
chr09	4098375	SL4.0ch09_3510682
chr09	4099373	SL4.0ch09_3511682
chr09	4114281	SL4.0ch09_3526420
chr09	4122694	SL4.0ch09_3534852
chr09	4137607	SL4.0ch09_3549808
chr09	4174370	SL4.0ch09_3586302
chr09	4210608	SL4.0ch09_3622638
chr09	4221701	SL4.0ch09_3633650
chr09	4285843	SL4.0ch09_3697940
chr09	4308053	SL4.0ch09_3720197
chr09	4310684	SL4.0ch09_3722836
chr09	4320949	SL4.0ch09_3733075
chr09	4357690	SL4.0ch09_3769780
chr09	4377760	SL4.0ch09_3789857
chr09	4394296	SL4.0ch09_3806349
chr09	4413191	SL4.0ch09_3825329
chr09	4414730	SL4.0ch09_3826868
chr09	4438577	SL4.0ch09_3850535
chr09	4445812	SL4.0ch09_3857764
chr09	4500649	SL4.0ch09_3916372
chr09	4502344	SL4.0ch09_3918079
chr09	4509771	SL4.0ch09_3925510
chr09	4528052	SL4.0ch09_3944234
chr09	4541948	SL4.0ch09_3958132
chr09	4586926	SL4.0ch09_4001841
chr09	4593607	SL4.0ch09_4008481
chr09	4595598	SL4.0ch09_4010472
chr09	4604191	SL4.0ch09_4019030
chr09	4626312	SL4.0ch09_4041102
chr09	4646317	SL4.0ch09_4059779
chr09	4652296	SL4.0ch09_4065741
chr09	4656290	SL4.0ch09_4069707
chr09	4702812	SL4.0ch09_4103632
chr09	4708661	SL4.0ch09_4109576
chr09	4711683	SL4.0ch09_4112602
chr09	4724387	SL4.0ch09_4125311
chr09	4735576	SL4.0ch09_4136508
chr09	4741335	SL4.0ch09_4142266
chr09	4797294	SL4.0ch09_4198109
chr09	4823320	SL4.0ch09_4222880
chr09	4847494	SL4.0ch09_4246906
chr09	4882927	SL4.0ch09_4282001
chr09	4897706	SL4.0ch09_4296731
chr09	4927943	SL4.0ch09_4326822
chr09	4950968	SL4.0ch09_4350184
chr09	4968118	SL4.0ch09_4367349
chr09	5006518	SL4.0ch09_4398587
chr09	5012891	SL4.0ch09_4404957
chr09	5027311	SL4.0ch09_4419361
chr09	5058537	SL4.0ch09_4450471
chr09	5102176	SL4.0ch09_4494237
chr09	5147230	SL4.0ch09_4538920
chr09	5159575	SL4.0ch09_4551166
chr09	5190322	SL4.0ch09_4581881
chr09	5191581	SL4.0ch09_4583140
chr09	5194416	SL4.0ch09_4585969
chr09	5196165	SL4.0ch09_4587711
chr09	5197753	SL4.0ch09_4589302
chr09	5214491	SL4.0ch09_4595285
chr09	5230887	SL4.0ch09_4609278
chr09	5238493	SL4.0ch09_4616211
chr09	5247285	SL4.0ch09_4625303
chr09	5310834	SL4.0ch09_4686700
chr09	5312411	SL4.0ch09_4688284
chr09	5322847	SL4.0ch09_4698709
chr09	5362572	SL4.0ch09_4738076
chr09	5472736	SL4.0ch09_4847085
chr09	5520375	SL4.0ch09_4872811
chr09	5522339	SL4.0ch09_4874776
chr09	5550785	SL4.0ch09_4903210
chr09	5551937	SL4.0ch09_4904363
chr09	5566821	SL4.0ch09_4912927
chr09	5591939	SL4.0ch09_4938662
chr09	5650019	SL4.0ch09_4996701
chr09	5691256	SL4.0ch09_5038270
chr09	5708029	SL4.0ch09_5054934
chr09	5711856	SL4.0ch09_5058763
chr09	5760646	SL4.0ch09_5107775
chr09	5771245	SL4.0ch09_5118026
chr09	5789760	SL4.0ch09_5136577
chr09	5821406	SL4.0ch09_5168238
chr09	5828202	SL4.0ch09_5175049
chr09	5848950	SL4.0ch09_5195807
chr09	5854958	SL4.0ch09_5201811
chr09	5869113	SL4.0ch09_5215575
chr09	5869615	SL4.0ch09_5216077
chr09	5876056	SL4.0ch09_5222512
chr09	5887408	SL4.0ch09_5233823
chr09	5899312	SL4.0ch09_5245748
chr09	5923550	SL4.0ch09_5289035
chr09	5925716	SL4.0ch09_5291200
chr09	5940945	SL4.0ch09_5306394
chr09	5949077	SL4.0ch09_5314524
chr09	6005891	SL4.0ch09_5371487
chr09	6254821	SL4.0ch09_5482126
chr09	6255423	SL4.0ch09_5482728
chr09	6268828	SL4.0ch09_5496130
chr09	6306832	SL4.0ch09_5534125
chr09	6309674	SL4.0ch09_5536955
chr09	6323875	SL4.0ch09_5551153
chr09	6324237	SL4.0ch09_5551515
chr09	6344927	SL4.0ch09_5567148
chr09	6372059	SL4.0ch09_5594207
chr09	6393323	SL4.0ch09_5615372
chr09	6418746	SL4.0ch09_5641676
chr09	6444395	SL4.0ch09_5669787
chr09	6465214	SL4.0ch09_5690494
chr09	6476223	SL4.0ch09_5701502
chr09	6476506	SL4.0ch09_5701785
chr09	6477066	SL4.0ch09_5702345
chr09	6491487	SL4.0ch09_5716756
chr09	6512494	SL4.0ch09_5737638
chr09	6528594	SL4.0ch09_5751335
chr09	6563501	SL4.0ch09_5788998
chr09	6593308	SL4.0ch09_5818901
chr09	6605229	SL4.0ch09_5830877
chr09	6610102	SL4.0ch09_5835739
chr09	6663787	SL4.0ch09_5898260
chr09	6716165	SL4.0ch09_5947110
chr09	6719354	SL4.0ch09_5950283
chr09	6733215	SL4.0ch09_5965383
chr09	6790003	SL4.0ch09_6012522
chr09	6800852	SL4.0ch09_6023347
chr09	6818859	SL4.0ch09_6037729
chr09	6855094	SL4.0ch09_6074011
chr09	6855762	SL4.0ch09_6074679
chr09	6899691	SL4.0ch09_6119404
chr09	6899789	SL4.0ch09_6119502
chr09	6902878	SL4.0ch09_6122591
chr09	6946402	SL4.0ch09_6160403
chr09	6968427	SL4.0ch09_6186625
chr09	7016651	SL4.0ch09_6224190
chr09	7080447	SL4.0ch09_6269580
chr09	7096364	SL4.0ch09_6285442
chr09	7130598	SL4.0ch09_6320020
chr09	7132379	SL4.0ch09_6321837
chr09	7132642	SL4.0ch09_6322100
chr09	7139420	SL4.0ch09_6328874
chr09	7139744	SL4.0ch09_6329198
chr09	7167313	SL4.0ch09_6365495
chr09	7221549	SL4.0ch09_6419354
chr09	7259438	SL4.0ch09_6457255
chr09	7290648	SL4.0ch09_6497514
chr09	7301729	SL4.0ch09_6508500
chr09	7339582	SL4.0ch09_6540584
chr09	7352697	SL4.0ch09_6553704
chr09	7388977	SL4.0ch09_6590533
chr09	7427025	SL4.0ch09_6628491
chr09	7461775	SL4.0ch09_6658583
chr09	7583696	SL4.0ch09_6789206
chr09	7588272	SL4.0ch09_6793788
chr09	7619757	SL4.0ch09_6826036
chr09	7622720	SL4.0ch09_6833538
chr09	7623309	SL4.0ch09_6834127
chr09	7623423	SL4.0ch09_6834241
chr09	7623790	SL4.0ch09_6834608
chr09	7623864	SL4.0ch09_6834682
chr09	7683660	SL4.0ch09_6894511
chr09	7684824	SL4.0ch09_6895671
chr09	7685453	SL4.0ch09_6896300
chr09	7685872	SL4.0ch09_6896719
chr09	7728891	SL4.0ch09_6940723
chr09	7736075	SL4.0ch09_6947906
chr09	7783929	SL4.0ch09_7001993
chr09	7790498	SL4.0ch09_7008561
chr09	7872212	SL4.0ch09_7098182
chr09	7885228	SL4.0ch09_7113291
chr09	7889067	SL4.0ch09_7116894
chr09	7896023	SL4.0ch09_7123848
chr09	7924285	SL4.0ch09_7152091
chr09	7942700	SL4.0ch09_7171078
chr09	7967440	SL4.0ch09_7195598
chr09	7967939	SL4.0ch09_7196097
chr09	7991755	SL4.0ch09_7219664
chr09	8022979	SL4.0ch09_7253117
chr09	8064390	SL4.0ch09_7299001
chr09	8073336	SL4.0ch09_7307972
chr09	8089820	SL4.0ch09_7324559
chr09	8090695	SL4.0ch09_7325136
chr09	8098290	SL4.0ch09_7332849
chr09	8098356	SL4.0ch09_7332915
chr09	8114704	SL4.0ch09_7349234
chr09	8123219	SL4.0ch09_7357751
chr09	8170235	SL4.0ch09_7401355
chr09	8170357	SL4.0ch09_7401477
chr09	8170430	SL4.0ch09_7401550
chr09	8203754	SL4.0ch09_7434093
chr09	8229680	SL4.0ch09_7460043
chr09	8299906	SL4.0ch09_7530038
chr09	8300944	SL4.0ch09_7531076
chr09	8347120	SL4.0ch09_7577299
chr09	8354868	SL4.0ch09_7585047
chr09	8361140	SL4.0ch09_7591323
chr09	8362392	SL4.0ch09_7592575
chr09	8365714	SL4.0ch09_7595913
chr09	8367155	SL4.0ch09_7597354
chr09	8367706	SL4.0ch09_7597905
chr09	8375661	SL4.0ch09_7605856
chr09	8432661	SL4.0ch09_7662824
chr09	8450107	SL4.0ch09_7680548
chr09	8463611	SL4.0ch09_7694053
chr09	8468835	SL4.0ch09_7699233
chr09	8474174	SL4.0ch09_7704563
chr09	8578739	SL4.0ch09_7809084
chr09	8592802	SL4.0ch09_7824070
chr09	8627171	SL4.0ch09_7864789
chr09	8645779	SL4.0ch09_7883371
chr09	8781287	SL4.0ch09_7958333
chr09	8810711	SL4.0ch09_7987787
chr09	8898311	SL4.0ch09_8075309
chr09	8898698	SL4.0ch09_8075696
chr09	8925186	SL4.0ch09_8102424
chr09	8964369	SL4.0ch09_8141568
chr09	8964661	SL4.0ch09_8141860
chr09	8967870	SL4.0ch09_8145070
chr09	8992252	SL4.0ch09_8169444
chr09	8996472	SL4.0ch09_8173663
chr09	9045055	SL4.0ch09_8222274
chr09	9065589	SL4.0ch09_8242805
chr09	9070711	SL4.0ch09_8247915
chr09	9073580	SL4.0ch09_8250784
chr09	9114092	SL4.0ch09_8291248
chr09	9116980	SL4.0ch09_8294139
chr09	9117398	SL4.0ch09_8294557
chr09	9118604	SL4.0ch09_8295763
chr09	9160442	SL4.0ch09_8337553
chr09	9255178	SL4.0ch09_8431630
chr09	9255558	SL4.0ch09_8432011
chr09	9282979	SL4.0ch09_8453564
chr09	9284687	SL4.0ch09_8455275
chr09	9365083	SL4.0ch09_8535649
chr09	9395429	SL4.0ch09_8565900
chr09	9401511	SL4.0ch09_8571979
chr09	9404558	SL4.0ch09_8575026
chr09	9430960	SL4.0ch09_8601395
chr09	9460270	SL4.0ch09_8630709
chr09	9461389	SL4.0ch09_8631827
chr09	9472083	SL4.0ch09_8642487
chr09	9479254	SL4.0ch09_8649657
chr09	9526472	SL4.0ch09_8696890
chr09	9535824	SL4.0ch09_8706130
chr09	9573532	SL4.0ch09_8739552
chr09	9643575	SL4.0ch09_8809604
chr09	9653184	SL4.0ch09_8819209
chr09	9662262	SL4.0ch09_8828284
chr09	9681555	SL4.0ch09_8847602
chr09	9682682	SL4.0ch09_8848729
chr09	9715258	SL4.0ch09_8883295
chr09	9715656	SL4.0ch09_8883693
chr09	9724157	SL4.0ch09_8892178
chr09	9753425	SL4.0ch09_8921498
chr09	9767045	SL4.0ch09_8935112
chr09	9794442	SL4.0ch09_8962480
chr09	9816882	SL4.0ch09_8984931
chr09	9836151	SL4.0ch09_9004216
chr09	9905177	SL4.0ch09_9073227
chr09	9910843	SL4.0ch09_9078894
chr09	9913763	SL4.0ch09_9081814
chr09	9914553	SL4.0ch09_9082604
chr09	9918353	SL4.0ch09_9086404
chr09	9945308	SL4.0ch09_9113404
chr09	9972369	SL4.0ch09_9140489
chr09	9986607	SL4.0ch09_9154723
chr09	9988151	SL4.0ch09_9156267
chr09	9993410	SL4.0ch09_9161560
chr09	10006265	SL4.0ch09_9174398
chr09	10029735	SL4.0ch09_9197956
chr09	10046438	SL4.0ch09_9214673
chr09	10091606	SL4.0ch09_9261951
chr09	10132704	SL4.0ch09_9302462
chr09	10245499	SL4.0ch09_9415243
chr09	10332142	SL4.0ch09_9501086
chr09	10357730	SL4.0ch09_9526665
chr09	10370886	SL4.0ch09_9539820
chr09	10384444	SL4.0ch09_9553379
chr09	10385046	SL4.0ch09_9553981
chr09	10478992	SL4.0ch09_9647924
chr09	10492123	SL4.0ch09_9661028
chr09	10576387	SL4.0ch09_9746361
chr09	10593015	SL4.0ch09_9762969
chr09	10594112	SL4.0ch09_9764066
chr09	10632830	SL4.0ch09_9802670
chr09	10669878	SL4.0ch09_9839706
chr09	10678519	SL4.0ch09_9848349
chr09	10731093	SL4.0ch09_9900996
chr09	10750950	SL4.0ch09_9920787
chr09	10816372	SL4.0ch09_9986132
chr09	10836632	SL4.0ch09_10006391
chr09	10838647	SL4.0ch09_10008405
chr09	10843015	SL4.0ch09_10012770
chr09	10843633	SL4.0ch09_10013388
chr09	10845597	SL4.0ch09_10015353
chr09	10850741	SL4.0ch09_10020497
chr09	10895372	SL4.0ch09_10065129
chr09	10924450	SL4.0ch09_10094187
chr09	10974273	SL4.0ch09_10143949
chr09	10996707	SL4.0ch09_10237060
chr09	11031596	SL4.0ch09_10271841
chr09	11055972	SL4.0ch09_10296237
chr09	11077288	SL4.0ch09_10317501
chr09	11086609	SL4.0ch09_10326814
chr09	11092041	SL4.0ch09_10332246
chr09	11094170	SL4.0ch09_10334375
chr09	11094606	SL4.0ch09_10334811
chr09	11095434	SL4.0ch09_10335639
chr09	11147550	SL4.0ch09_10387760
chr09	11178082	SL4.0ch09_10418209
chr09	11284999	SL4.0ch09_10532109
chr09	11354945	SL4.0ch09_10602086
chr09	11358354	SL4.0ch09_10605477
chr09	11436994	SL4.0ch09_10685854
chr09	11477727	SL4.0ch09_10726580
chr09	11495223	SL4.0ch09_10744052
chr09	11581765	SL4.0ch09_10830113
chr09	11619250	SL4.0ch09_10867592
chr09	11649928	SL4.0ch09_10877773
chr09	11701781	SL4.0ch09_10938151
chr09	11732234	SL4.0ch09_10968573
chr09	11804800	SL4.0ch09_11041100
chr09	11868939	SL4.0ch09_11105487
chr09	11872639	SL4.0ch09_11109216
chr09	11969899	SL4.0ch09_11205261
chr09	11977804	SL4.0ch09_11213413
chr09	12013922	SL4.0ch09_11245671
chr09	12111502	SL4.0ch09_11343286
chr09	12363904	SL4.0ch09_11596188
chr09	12383559	SL4.0ch09_11615825
chr09	12408014	SL4.0ch09_11640278
chr09	12497121	SL4.0ch09_11729347
chr09	12624992	SL4.0ch09_11857079
chr09	12762008	SL4.0ch09_11992605
chr09	12879194	SL4.0ch09_12109580
chr09	12895939	SL4.0ch09_12126295
chr09	12902978	SL4.0ch09_12133328
chr09	12994752	SL4.0ch09_12225037
chr09	13013945	SL4.0ch09_12244261
chr09	13070571	SL4.0ch09_12300755
chr09	13132620	SL4.0ch09_12362800
chr09	13243369	SL4.0ch09_12472795
chr09	13358389	SL4.0ch09_12587564
chr09	13441927	SL4.0ch09_12671176
chr09	13510749	SL4.0ch09_12739938
chr09	13520472	SL4.0ch09_12749657
chr09	13547298	SL4.0ch09_12776527
chr09	13616206	SL4.0ch09_12845305
chr09	13731597	SL4.0ch09_12960720
chr09	13744723	SL4.0ch09_12973829
chr09	13754626	SL4.0ch09_12983660
chr09	13757877	SL4.0ch09_12986892
chr09	13867118	SL4.0ch09_13088556
chr09	13938282	SL4.0ch09_13148658
chr09	14032081	SL4.0ch09_13242160
chr09	14042858	SL4.0ch09_13252930
chr09	14213249	SL4.0ch09_13415933
chr09	14226559	SL4.0ch09_13429160
chr09	14226660	SL4.0ch09_13429261
chr09	14226987	SL4.0ch09_13429588
chr09	14241884	SL4.0ch09_13444490
chr09	14380468	SL4.0ch09_13573055
chr09	14453241	SL4.0ch09_13628167
chr09	14460048	SL4.0ch09_13634947
chr09	14473082	SL4.0ch09_13640831
chr09	14489183	SL4.0ch09_13656936
chr09	14489329	SL4.0ch09_13657082
chr09	14489857	SL4.0ch09_13657610
chr09	14489953	SL4.0ch09_13657706
chr09	14490685	SL4.0ch09_13658438
chr09	14612626	SL4.0ch09_13826735
chr09	14614096	SL4.0ch09_13828205
chr09	14625353	SL4.0ch09_13839358
chr09	14650185	SL4.0ch09_13863882
chr09	14652012	SL4.0ch09_13865709
chr09	14681894	SL4.0ch09_13895540
chr09	14758850	SL4.0ch09_13972494
chr09	14784704	SL4.0ch09_13998402
chr09	14785440	SL4.0ch09_13999138
chr09	14790203	SL4.0ch09_14003891
chr09	14801267	SL4.0ch09_14014944
chr09	14874124	SL4.0ch09_14087936
chr09	14929274	SL4.0ch09_14142974
chr09	14968251	SL4.0ch09_14168515
chr09	14971593	SL4.0ch09_14171825
chr09	14972057	SL4.0ch09_14172289
chr09	14973478	SL4.0ch09_14173710
chr09	14976356	SL4.0ch09_14176587
chr09	14994798	SL4.0ch09_14195658
chr09	15127077	SL4.0ch09_14303531
chr09	15195220	SL4.0ch09_14366627
chr09	15349035	SL4.0ch09_14533097
chr09	15359756	SL4.0ch09_14543809
chr09	15363797	SL4.0ch09_14547850
chr09	15386838	SL4.0ch09_14570901
chr09	15477650	SL4.0ch09_14661719
chr09	15520482	SL4.0ch09_14704391
chr09	15530619	SL4.0ch09_14714530
chr09	15595840	SL4.0ch09_14779699
chr09	15719360	SL4.0ch09_14900618
chr09	15753262	SL4.0ch09_14934518
chr09	15767193	SL4.0ch09_14948367
chr09	15822986	SL4.0ch09_15002848
chr09	15824889	SL4.0ch09_15004751
chr09	15884061	SL4.0ch09_15063951
chr09	15898850	SL4.0ch09_15078736
chr09	15955399	SL4.0ch09_15140170
chr09	15955630	SL4.0ch09_15140401
chr09	15957575	SL4.0ch09_15142350
chr09	15966707	SL4.0ch09_15151443
chr09	15971095	SL4.0ch09_15155856
chr09	16016042	SL4.0ch09_15195989
chr09	16087167	SL4.0ch09_15266969
chr09	16126476	SL4.0ch09_15306023
chr09	16216944	SL4.0ch09_15396624
chr09	16260191	SL4.0ch09_15439792
chr09	16291116	SL4.0ch09_15470677
chr09	16315019	SL4.0ch09_15494567
chr09	16338988	SL4.0ch09_15518546
chr09	16342046	SL4.0ch09_15521600
chr09	16345193	SL4.0ch09_15524747
chr09	16382474	SL4.0ch09_15562009
chr09	16470931	SL4.0ch09_15649698
chr09	16559523	SL4.0ch09_24261255
chr09	16639739	SL4.0ch09_24181086
chr09	16663542	SL4.0ch09_24157321
chr09	16850525	SL4.0ch09_23970305
chr09	16948496	SL4.0ch09_23880292
chr09	16964482	SL4.0ch09_23864328
chr09	17000391	SL4.0ch09_23828393
chr09	17051509	SL4.0ch09_23777318
chr09	17068721	SL4.0ch09_23760117
chr09	17195377	SL4.0ch09_23634236
chr09	17204620	SL4.0ch09_23624992
chr09	17227458	SL4.0ch09_23602733
chr09	17251920	SL4.0ch09_23578294
chr09	17296326	SL4.0ch09_23526948
chr09	17458075	SL4.0ch09_23364894
chr09	17463080	SL4.0ch09_23359883
chr09	17493690	SL4.0ch09_23329264
chr09	17569719	SL4.0ch09_23253274
chr09	17585635	SL4.0ch09_23237364
chr09	17602898	SL4.0ch09_23220108
chr09	17623808	SL4.0ch09_23199189
chr09	17626699	SL4.0ch09_23196297
chr09	17631188	SL4.0ch09_23191808
chr09	17631404	SL4.0ch09_23191592
chr09	17638921	SL4.0ch09_23184073
chr09	17654311	SL4.0ch09_23163042
chr09	17776673	SL4.0ch09_23040798
chr09	17777782	SL4.0ch09_23039689
chr09	17864804	SL4.0ch09_22965686
chr09	17869486	SL4.0ch09_22961007
chr09	17916862	SL4.0ch09_22913620
chr09	17934448	SL4.0ch09_22892683
chr09	17986535	SL4.0ch09_22840668
chr09	18089510	SL4.0ch09_22737657
chr09	18153159	SL4.0ch09_22673764
chr09	18204692	SL4.0ch09_22619508
chr09	18274674	SL4.0ch09_22566465
chr09	18276305	SL4.0ch09_22564834
chr09	18333733	SL4.0ch09_22507250
chr09	18490844	SL4.0ch09_22353705
chr09	18507352	SL4.0ch09_22337205
chr09	18555683	SL4.0ch09_22311874
chr09	18617661	SL4.0ch09_22249924
chr09	18700266	SL4.0ch09_22167275
chr09	18719165	SL4.0ch09_22148379
chr09	18740503	SL4.0ch09_22127085
chr09	18740595	SL4.0ch09_22126993
chr09	18784474	SL4.0ch09_22083102
chr09	18840026	SL4.0ch09_22027595
chr09	18909495	SL4.0ch09_21958171
chr09	19110229	SL4.0ch09_21757432
chr09	19182102	SL4.0ch09_21685610
chr09	19205584	SL4.0ch09_21662139
chr09	19209193	SL4.0ch09_21658530
chr09	19230481	SL4.0ch09_21637332
chr09	19325135	SL4.0ch09_21542800
chr09	19408652	SL4.0ch09_21459449
chr09	19490515	SL4.0ch09_21360269
chr09	20126277	SL4.0ch09_20772150
chr09	20182389	SL4.0ch09_20726451
chr09	20190931	SL4.0ch09_20717924
chr09	20193018	SL4.0ch09_20937976
chr09	20412266	SL4.0ch09_20485067
chr09	20432799	SL4.0ch09_20464560
chr09	20492701	SL4.0ch09_20408469
chr09	20545974	SL4.0ch09_20364753
chr09	20572922	SL4.0ch09_20337806
chr09	20742359	SL4.0ch09_20172462
chr09	21090639	SL4.0ch09_20015615
chr09	21295829	SL4.0ch09_19666879
chr09	21341997	SL4.0ch09_19620677
chr09	21413671	SL4.0ch09_19562111
chr09	21418083	SL4.0ch09_19557699
chr09	21517692	SL4.0ch09_19458289
chr09	21519759	SL4.0ch09_19456222
chr09	21540745	SL4.0ch09_19442573
chr09	21557159	SL4.0ch09_19426154
chr09	21682395	SL4.0ch09_19318150
chr09	21683702	SL4.0ch09_19316843
chr09	21684726	SL4.0ch09_19315819
chr09	21717963	SL4.0ch09_19282607
chr09	21818494	SL4.0ch09_19184173
chr09	21841986	SL4.0ch09_19160718
chr09	22447514	SL4.0ch09_19060154
chr09	22486606	SL4.0ch09_19021078
chr09	22547414	SL4.0ch09_18960252
chr09	22593943	SL4.0ch09_18913688
chr09	22641348	SL4.0ch09_18865504
chr09	22675541	SL4.0ch09_18831262
chr09	22698995	SL4.0ch09_18807804
chr09	22716182	SL4.0ch09_18791244
chr09	22734532	SL4.0ch09_18772887
chr09	22816522	SL4.0ch09_18690907
chr09	22928534	SL4.0ch09_18572395
chr09	22977589	SL4.0ch09_18523345
chr09	23126325	SL4.0ch09_18373852
chr09	23169041	SL4.0ch09_18331138
chr09	23561179	SL4.0ch09_18258383
chr09	23573802	SL4.0ch09_18245755
chr09	23753803	SL4.0ch09_18065746
chr09	23819550	SL4.0ch09_18000025
chr09	23831061	SL4.0ch09_17988519
chr09	23986520	SL4.0ch09_17827988
chr09	24064115	SL4.0ch09_17750396
chr09	24082055	SL4.0ch09_17732392
chr09	24143544	SL4.0ch09_17670992
chr09	24163520	SL4.0ch09_17651015
chr09	24264342	SL4.0ch09_17550421
chr09	24333458	SL4.0ch09_17481322
chr09	24395755	SL4.0ch09_17419084
chr09	24517648	SL4.0ch09_17314155
chr09	24738956	SL4.0ch09_17092262
chr09	24754261	SL4.0ch09_17076956
chr09	24792084	SL4.0ch09_17039152
chr09	24798034	SL4.0ch09_17033189
chr09	24923224	SL4.0ch09_16907957
chr09	25041195	SL4.0ch09_16796973
chr09	25183031	SL4.0ch09_16459466
chr09	25838582	SL4.0ch09_16381298
chr09	25950814	SL4.0ch09_16269097
chr09	25979849	SL4.0ch09_16239943
chr09	26146892	SL4.0ch09_16072884
chr09	26242487	SL4.0ch09_15977268
chr09	26322445	SL4.0ch09_15897336
chr09	26348371	SL4.0ch09_15871573
chr09	26370661	SL4.0ch09_15849273
chr09	26506814	SL4.0ch09_15712889
chr09	26603229	SL4.0ch09_24382602
chr09	26685991	SL4.0ch09_24465338
chr09	26700396	SL4.0ch09_24479742
chr09	26851977	SL4.0ch09_24641744
chr09	26892617	SL4.0ch09_24682006
chr09	26909857	SL4.0ch09_24699252
chr09	26978066	SL4.0ch09_24767422
chr09	27001990	SL4.0ch09_24791356
chr09	27007266	SL4.0ch09_24796612
chr09	27026178	SL4.0ch09_24815530
chr09	27260539	SL4.0ch09_24986416
chr09	27275434	SL4.0ch09_25001339
chr09	27304919	SL4.0ch09_25030440
chr09	27475365	SL4.0ch09_25200078
chr09	27481350	SL4.0ch09_25206063
chr09	27485631	SL4.0ch09_25210344
chr09	27499607	SL4.0ch09_25224086
chr09	27605696	SL4.0ch09_25330168
chr09	27625873	SL4.0ch09_25350350
chr09	27714271	SL4.0ch09_25438537
chr09	27752895	SL4.0ch09_25470046
chr09	27783012	SL4.0ch09_25500157
chr09	27803337	SL4.0ch09_25520483
chr09	27820002	SL4.0ch09_25537113
chr09	27830379	SL4.0ch09_25547491
chr09	28062361	SL4.0ch09_25761080
chr09	28092994	SL4.0ch09_25791527
chr09	28124363	SL4.0ch09_25822888
chr09	28277719	SL4.0ch09_25976652
chr09	28295410	SL4.0ch09_25994320
chr09	28473410	SL4.0ch09_26175067
chr09	28489666	SL4.0ch09_26191296
chr09	28786964	SL4.0ch09_26487750
chr09	28789492	SL4.0ch09_26490278
chr09	28796409	SL4.0ch09_26497195
chr09	28816914	SL4.0ch09_26517729
chr09	28849768	SL4.0ch09_26550502
chr09	28854265	SL4.0ch09_26554999
chr09	28883468	SL4.0ch09_26584315
chr09	28981001	SL4.0ch09_26669437
chr09	29161541	SL4.0ch09_26850034
chr09	29313973	SL4.0ch09_27002518
chr09	29360068	SL4.0ch09_27048262
chr09	29475825	SL4.0ch09_27163821
chr09	29642152	SL4.0ch09_27330090
chr09	29674316	SL4.0ch09_27362256
chr09	29870765	SL4.0ch09_27543482
chr09	29888374	SL4.0ch09_27561035
chr09	29976096	SL4.0ch09_27648604
chr09	30041100	SL4.0ch09_27707533
chr09	30122691	SL4.0ch09_27787569
chr09	30231811	SL4.0ch09_27883722
chr09	30244936	SL4.0ch09_27896846
chr09	30344223	SL4.0ch09_27996123
chr09	30391932	SL4.0ch09_28043835
chr09	30397783	SL4.0ch09_28049652
chr09	30397979	SL4.0ch09_28049848
chr09	30398556	SL4.0ch09_28050433
chr09	30399008	SL4.0ch09_28050885
chr09	30399560	SL4.0ch09_28051437
chr09	30500578	SL4.0ch09_28152471
chr09	30510400	SL4.0ch09_28162298
chr09	30524613	SL4.0ch09_28176509
chr09	30529479	SL4.0ch09_28181375
chr09	30533005	SL4.0ch09_28184901
chr09	30614123	SL4.0ch09_28265636
chr09	30643057	SL4.0ch09_28294569
chr09	30651590	SL4.0ch09_28303105
chr09	30694176	SL4.0ch09_28345647
chr09	30783780	SL4.0ch09_28435168
chr09	30810990	SL4.0ch09_28462313
chr09	30855754	SL4.0ch09_28499773
chr09	30944876	SL4.0ch09_28588969
chr09	31041461	SL4.0ch09_28685478
chr09	31052319	SL4.0ch09_28696336
chr09	31155440	SL4.0ch09_28799392
chr09	31313729	SL4.0ch09_28957643
chr09	31393923	SL4.0ch09_29037703
chr09	31440335	SL4.0ch09_29084154
chr09	31567910	SL4.0ch09_29211719
chr09	31578905	SL4.0ch09_29222714
chr09	31633609	SL4.0ch09_29300317
chr09	31636621	SL4.0ch09_29303331
chr09	31655873	SL4.0ch09_29322580
chr09	31796088	SL4.0ch09_29460991
chr09	31796863	SL4.0ch09_29461766
chr09	31815825	SL4.0ch09_29480726
chr09	31969710	SL4.0ch09_29629237
chr09	32029487	SL4.0ch09_29688960
chr09	32224637	SL4.0ch09_29884705
chr09	32391839	SL4.0ch09_30034508
chr09	32471280	SL4.0ch09_30114182
chr09	32591799	SL4.0ch09_30229277
chr09	32729041	SL4.0ch09_30366710
chr09	32816273	SL4.0ch09_30454174
chr09	32923944	SL4.0ch09_30550087
chr09	33065063	SL4.0ch09_30702617
chr09	33095200	SL4.0ch09_30735525
chr09	33151502	SL4.0ch09_30792023
chr09	33173227	SL4.0ch09_30813559
chr09	33175470	SL4.0ch09_30815802
chr09	33277943	SL4.0ch09_30918215
chr09	33285234	SL4.0ch09_30925506
chr09	33309271	SL4.0ch09_30949470
chr09	33344353	SL4.0ch09_30984544
chr09	33414050	SL4.0ch09_31054237
chr09	33424634	SL4.0ch09_31064816
chr09	33736330	SL4.0ch09_31573404
chr09	33748247	SL4.0ch09_31585225
chr09	33750565	SL4.0ch09_31587542
chr09	33762988	SL4.0ch09_31604685
chr09	33766783	SL4.0ch09_31608476
chr09	33871774	SL4.0ch09_31713513
chr09	33898060	SL4.0ch09_31739736
chr09	34068686	SL4.0ch09_31909440
chr09	34102262	SL4.0ch09_31943005
chr09	34314130	SL4.0ch09_32154672
chr09	34366865	SL4.0ch09_32207388
chr09	34402109	SL4.0ch09_32242622
chr09	34500362	SL4.0ch09_32340729
chr09	34586314	SL4.0ch09_32426673
chr09	34730342	SL4.0ch09_32572751
chr09	34764705	SL4.0ch09_32607102
chr09	34765394	SL4.0ch09_32607790
chr09	34842265	SL4.0ch09_32684673
chr09	35071881	SL4.0ch09_32836562
chr09	35072325	SL4.0ch09_32837006
chr09	35428037	SL4.0ch09_32992151
chr09	35455113	SL4.0ch09_33019179
chr09	35476657	SL4.0ch09_33040629
chr09	35496367	SL4.0ch09_33060327
chr09	35664141	SL4.0ch09_33223792
chr09	35718183	SL4.0ch09_33303506
chr09	35726325	SL4.0ch09_33311648
chr09	35832838	SL4.0ch09_33418128
chr09	35865740	SL4.0ch09_33451027
chr09	35935955	SL4.0ch09_33521265
chr09	35968833	SL4.0ch09_33554069
chr09	36134397	SL4.0ch09_33716333
chr09	36210795	SL4.0ch09_33792895
chr09	36255669	SL4.0ch09_33837804
chr09	36298789	SL4.0ch09_33880923
chr09	36416821	SL4.0ch09_33995687
chr09	36483780	SL4.0ch09_34062672
chr09	36560262	SL4.0ch09_34135964
chr09	36663100	SL4.0ch09_34238301
chr09	36679345	SL4.0ch09_34254552
chr09	36715226	SL4.0ch09_34290434
chr09	36775961	SL4.0ch09_34349108
chr09	36847608	SL4.0ch09_34420754
chr09	36911909	SL4.0ch09_34485040
chr09	37069558	SL4.0ch09_34642772
chr09	37109962	SL4.0ch09_34682406
chr09	37208793	SL4.0ch09_34781058
chr09	37213630	SL4.0ch09_34785893
chr09	37215976	SL4.0ch09_34788239
chr09	37266415	SL4.0ch09_34838682
chr09	37519279	SL4.0ch09_35076306
chr09	37672117	SL4.0ch09_35190920
chr09	37736383	SL4.0ch09_35255208
chr09	37757886	SL4.0ch09_35276703
chr09	37776247	SL4.0ch09_35295042
chr09	37864089	SL4.0ch09_35382934
chr09	37972937	SL4.0ch09_35491862
chr09	38015601	SL4.0ch09_35534544
chr09	38068710	SL4.0ch09_35582181
chr09	38215930	SL4.0ch09_35724352
chr09	38346162	SL4.0ch09_35854721
chr09	38356017	SL4.0ch09_35864606
chr09	38356813	SL4.0ch09_35865402
chr09	38386231	SL4.0ch09_35894825
chr09	38494722	SL4.0ch09_36003536
chr09	38573603	SL4.0ch09_36082401
chr09	38657904	SL4.0ch09_36166644
chr09	38975393	SL4.0ch09_36484064
chr09	38979368	SL4.0ch09_36488039
chr09	39000062	SL4.0ch09_36508552
chr09	39074238	SL4.0ch09_36582751
chr09	39084062	SL4.0ch09_36592582
chr09	39114294	SL4.0ch09_36622817
chr09	39128320	SL4.0ch09_36636837
chr09	39128881	SL4.0ch09_36637398
chr09	39139507	SL4.0ch09_36648061
chr09	39147394	SL4.0ch09_36657202
chr09	39236963	SL4.0ch09_36746779
chr09	39256034	SL4.0ch09_36765850
chr09	39373662	SL4.0ch09_36880516
chr09	39384251	SL4.0ch09_36891034
chr09	39616937	SL4.0ch09_36968911
chr09	39673563	SL4.0ch09_37024649
chr09	39706026	SL4.0ch09_37059615
chr09	39821917	SL4.0ch09_37223623
chr09	39916596	SL4.0ch09_37320637
chr09	39932220	SL4.0ch09_37336171
chr09	39949755	SL4.0ch09_37353534
chr09	40114265	SL4.0ch09_37518998
chr09	40225201	SL4.0ch09_37629807
chr09	40321998	SL4.0ch09_37726381
chr09	40329987	SL4.0ch09_37734363
chr09	40443333	SL4.0ch09_37844649
chr09	40483439	SL4.0ch09_37884922
chr09	40540785	SL4.0ch09_37942293
chr09	40653259	SL4.0ch09_38059809
chr09	40769798	SL4.0ch09_38175923
chr09	40908736	SL4.0ch09_38314840
chr09	40966353	SL4.0ch09_38372505
chr09	40969234	SL4.0ch09_38375386
chr09	41010166	SL4.0ch09_38416267
chr09	41040224	SL4.0ch09_38446107
chr09	41109552	SL4.0ch09_38515556
chr09	41193893	SL4.0ch09_38599945
chr09	41234955	SL4.0ch09_38633933
chr09	41282428	SL4.0ch09_38681404
chr09	41305128	SL4.0ch09_38704097
chr09	41316411	SL4.0ch09_38715373
chr09	41334187	SL4.0ch09_38733156
chr09	41345139	SL4.0ch09_38744104
chr09	41347764	SL4.0ch09_38746727
chr09	41348773	SL4.0ch09_38747735
chr09	41357817	SL4.0ch09_38756791
chr09	41379110	SL4.0ch09_38824167
chr09	41478312	SL4.0ch09_38923339
chr09	41484378	SL4.0ch09_38929406
chr09	41496321	SL4.0ch09_38941349
chr09	41500653	SL4.0ch09_38945681
chr09	41558999	SL4.0ch09_39003619
chr09	41602434	SL4.0ch09_39053754
chr09	41619833	SL4.0ch09_39071356
chr09	41666243	SL4.0ch09_39117406
chr09	41758289	SL4.0ch09_39209420
chr09	41868945	SL4.0ch09_39327024
chr09	41891079	SL4.0ch09_39350437
chr09	41894830	SL4.0ch09_39354188
chr09	42010099	SL4.0ch09_39469405
chr09	42037617	SL4.0ch09_39496892
chr09	42132019	SL4.0ch09_39578334
chr09	42190680	SL4.0ch09_39636515
chr09	42410896	SL4.0ch09_39855659
chr09	42452601	SL4.0ch09_39897909
chr09	42514814	SL4.0ch09_39960121
chr09	42554295	SL4.0ch09_39999554
chr09	42576400	SL4.0ch09_40021656
chr09	42684570	SL4.0ch09_40129758
chr09	42736033	SL4.0ch09_40181223
chr09	42763679	SL4.0ch09_40208850
chr09	42801778	SL4.0ch09_40246929
chr09	42846190	SL4.0ch09_40291363
chr09	42884632	SL4.0ch09_40329793
chr09	42958990	SL4.0ch09_40404036
chr09	43025804	SL4.0ch09_40470290
chr09	43081855	SL4.0ch09_40525672
chr09	43160812	SL4.0ch09_40604601
chr09	43180208	SL4.0ch09_40623992
chr09	43333271	SL4.0ch09_40777189
chr09	43435966	SL4.0ch09_40875001
chr09	43443727	SL4.0ch09_40882759
chr09	43462128	SL4.0ch09_40901112
chr09	43519335	SL4.0ch09_40983095
chr09	43530688	SL4.0ch09_40994449
chr09	43533466	SL4.0ch09_40997227
chr09	43852346	SL4.0ch09_41316536
chr09	43864671	SL4.0ch09_41328857
chr09	43981944	SL4.0ch09_41444488
chr09	44092889	SL4.0ch09_41555663
chr09	44113347	SL4.0ch09_41576116
chr09	44220095	SL4.0ch09_41682865
chr09	44307423	SL4.0ch09_41770196
chr09	44366248	SL4.0ch09_41828862
chr09	44436502	SL4.0ch09_41899069
chr09	44489084	SL4.0ch09_41951663
chr09	44506442	SL4.0ch09_41969017
chr09	44556807	SL4.0ch09_42019228
chr09	44697890	SL4.0ch09_42170121
chr09	44809037	SL4.0ch09_42281208
chr09	44881081	SL4.0ch09_42353442
chr09	44889184	SL4.0ch09_42361464
chr09	44981146	SL4.0ch09_42453192
chr09	44998458	SL4.0ch09_42470505
chr09	45145581	SL4.0ch09_42617634
chr09	45361671	SL4.0ch09_42832624
chr09	45399838	SL4.0ch09_42870772
chr09	45447768	SL4.0ch09_42918335
chr09	45514769	SL4.0ch09_42985330
chr09	45576798	SL4.0ch09_43046739
chr09	45615188	SL4.0ch09_43085124
chr09	45721933	SL4.0ch09_43191891
chr09	45805925	SL4.0ch09_43275965
chr09	45847177	SL4.0ch09_43317907
chr09	45922733	SL4.0ch09_43388662
chr09	46324353	SL4.0ch09_43789592
chr09	46330827	SL4.0ch09_43796111
chr09	46371112	SL4.0ch09_46120710
chr09	46553844	SL4.0ch09_45938211
chr09	46554140	SL4.0ch09_45937915
chr09	46877230	SL4.0ch09_45774847
chr09	46957881	SL4.0ch09_45694276
chr09	46995784	SL4.0ch09_45656361
chr09	47259390	SL4.0ch09_45398804
chr09	47272060	SL4.0ch09_45386130
chr09	47317849	SL4.0ch09_45340457
chr09	47326830	SL4.0ch09_45331480
chr09	47327951	SL4.0ch09_45330360
chr09	47369882	SL4.0ch09_45288418
chr09	47374987	SL4.0ch09_45283314
chr09	47519768	SL4.0ch09_45146645
chr09	47544139	SL4.0ch09_45122279
chr09	47565433	SL4.0ch09_45102876
chr09	47655858	SL4.0ch09_45012060
chr09	47761163	SL4.0ch09_44906811
chr09	47813033	SL4.0ch09_44855151
chr09	47868959	SL4.0ch09_44798793
chr09	47945089	SL4.0ch09_44722642
chr09	47945844	SL4.0ch09_44721887
chr09	47953073	SL4.0ch09_44714660
chr09	48209077	SL4.0ch09_44460610
chr09	48214471	SL4.0ch09_44455217
chr09	48225863	SL4.0ch09_44443824
chr09	48235396	SL4.0ch09_44434288
chr09	48251299	SL4.0ch09_44418377
chr09	48292719	SL4.0ch09_44376972
chr09	48417457	SL4.0ch09_44252317
chr09	48486339	SL4.0ch09_44183445
chr09	48531603	SL4.0ch09_44138337
chr09	48636582	SL4.0ch09_44034132
chr09	48709480	SL4.0ch09_43961298
chr09	48716896	SL4.0ch09_43953883
chr09	48826704	SL4.0ch09_43853644
chr09	48830307	SL4.0ch09_43850040
chr09	48941049	SL4.0ch09_46217877
chr09	49067239	SL4.0ch09_46343932
chr09	49516486	SL4.0ch09_46553100
chr09	49572798	SL4.0ch09_46604757
chr09	49633871	SL4.0ch09_46665347
chr09	49665539	SL4.0ch09_46697008
chr09	49674227	SL4.0ch09_46705662
chr09	49678783	SL4.0ch09_46710219
chr09	49800062	SL4.0ch09_46831479
chr09	49868967	SL4.0ch09_46895021
chr09	49893405	SL4.0ch09_46919471
chr09	49983505	SL4.0ch09_46996024
chr09	49990755	SL4.0ch09_47003316
chr09	50010974	SL4.0ch09_47023538
chr09	50016942	SL4.0ch09_47029000
chr09	50022360	SL4.0ch09_47034419
chr09	50034937	SL4.0ch09_47046998
chr09	50039442	SL4.0ch09_47051505
chr09	50160940	SL4.0ch09_47133130
chr09	50192440	SL4.0ch09_47164631
chr09	50195366	SL4.0ch09_47167557
chr09	50329026	SL4.0ch09_47300590
chr09	50394438	SL4.0ch09_47365969
chr09	50496511	SL4.0ch09_47477348
chr09	50534378	SL4.0ch09_47515164
chr09	50550508	SL4.0ch09_47531293
chr09	50552530	SL4.0ch09_47533314
chr09	50568197	SL4.0ch09_47548987
chr09	50900254	SL4.0ch09_47881726
chr09	50920511	SL4.0ch09_47904939
chr09	50937292	SL4.0ch09_47921661
chr09	50948598	SL4.0ch09_47932970
chr09	51068684	SL4.0ch09_48054845
chr09	51102699	SL4.0ch09_48088834
chr09	51340476	SL4.0ch09_48327191
chr09	51449796	SL4.0ch09_48436706
chr09	51471546	SL4.0ch09_48458454
chr09	51487366	SL4.0ch09_48474271
chr09	51489538	SL4.0ch09_48476440
chr09	51490449	SL4.0ch09_48477351
chr09	51551080	SL4.0ch09_48537794
chr09	51660196	SL4.0ch09_48646889
chr09	51788438	SL4.0ch09_48775012
chr09	51864677	SL4.0ch09_48851272
chr09	51873290	SL4.0ch09_48859831
chr09	52129018	SL4.0ch09_49095033
chr09	52135132	SL4.0ch09_49101155
chr09	52145139	SL4.0ch09_49111189
chr09	52166474	SL4.0ch09_49132530
chr09	52268935	SL4.0ch09_49233123
chr09	52373353	SL4.0ch09_49333115
chr09	52457768	SL4.0ch09_49417409
chr09	52630950	SL4.0ch09_49590594
chr09	52768611	SL4.0ch09_49728311
chr09	52809367	SL4.0ch09_49769068
chr09	52842898	SL4.0ch09_49802620
chr09	52854088	SL4.0ch09_49813811
chr09	52977317	SL4.0ch09_49936869
chr09	52999223	SL4.0ch09_49958969
chr09	53012210	SL4.0ch09_49971981
chr09	53018301	SL4.0ch09_49978062
chr09	53044617	SL4.0ch09_50004373
chr09	53080837	SL4.0ch09_50040640
chr09	53127418	SL4.0ch09_50087213
chr09	53194953	SL4.0ch09_50154693
chr09	53211554	SL4.0ch09_50175021
chr09	53297072	SL4.0ch09_50260538
chr09	53338515	SL4.0ch09_50301993
chr09	53351173	SL4.0ch09_50314649
chr09	53351594	SL4.0ch09_50315070
chr09	53454317	SL4.0ch09_50414633
chr09	53468605	SL4.0ch09_50428860
chr09	53556165	SL4.0ch09_50516364
chr09	53559150	SL4.0ch09_50519344
chr09	53589583	SL4.0ch09_50549760
chr09	53647255	SL4.0ch09_50607235
chr09	53648854	SL4.0ch09_50608835
chr09	53655072	SL4.0ch09_50615051
chr09	53696291	SL4.0ch09_50659839
chr09	53754028	SL4.0ch09_50717551
chr09	53760956	SL4.0ch09_50724476
chr09	53798276	SL4.0ch09_50763314
chr09	53868230	SL4.0ch09_50833212
chr09	53932719	SL4.0ch09_50897992
chr09	53987463	SL4.0ch09_50952748
chr09	53989004	SL4.0ch09_50954289
chr09	53989176	SL4.0ch09_50954461
chr09	53989280	SL4.0ch09_50954565
chr09	53989589	SL4.0ch09_50954874
chr09	54046065	SL4.0ch09_51011301
chr09	54048075	SL4.0ch09_51013311
chr09	54068707	SL4.0ch09_51033973
chr09	54094975	SL4.0ch09_51060193
chr09	54105436	SL4.0ch09_51070662
chr09	54105774	SL4.0ch09_51071000
chr09	54106730	SL4.0ch09_51071956
chr09	54117268	SL4.0ch09_51082482
chr09	54204937	SL4.0ch09_51175866
chr09	54222230	SL4.0ch09_51193171
chr09	54300723	SL4.0ch09_51271698
chr09	54476213	SL4.0ch09_51446378
chr09	54596503	SL4.0ch09_51571025
chr09	54646794	SL4.0ch09_51621245
chr09	54675955	SL4.0ch09_51650372
chr09	54689611	SL4.0ch09_51664026
chr09	54694084	SL4.0ch09_51668500
chr09	54697318	SL4.0ch09_51671734
chr09	54711130	SL4.0ch09_51685508
chr09	54761661	SL4.0ch09_51736848
chr09	54776612	SL4.0ch09_51751796
chr09	54804414	SL4.0ch09_51779664
chr09	54932022	SL4.0ch09_51907264
chr09	54956958	SL4.0ch09_51932661
chr09	54965145	SL4.0ch09_51940848
chr09	54989897	SL4.0ch09_51965596
chr09	54990804	SL4.0ch09_51966503
chr09	55000574	SL4.0ch09_51976272
chr09	55007070	SL4.0ch09_51982769
chr09	55014528	SL4.0ch09_51990232
chr09	55064748	SL4.0ch09_52040466
chr09	55126923	SL4.0ch09_52102759
chr09	55320891	SL4.0ch09_52300691
chr09	55331586	SL4.0ch09_52311382
chr09	55338998	SL4.0ch09_52318776
chr09	55372470	SL4.0ch09_52352251
chr09	55376529	SL4.0ch09_52356310
chr09	55516706	SL4.0ch09_52500886
chr09	55757830	SL4.0ch09_52823509
chr09	55759735	SL4.0ch09_52825416
chr09	55974813	SL4.0ch09_53009595
chr09	55975183	SL4.0ch09_53009965
chr09	55986575	SL4.0ch09_53021356
chr09	56053084	SL4.0ch09_53087815
chr09	56143079	SL4.0ch09_53178626
chr09	56253479	SL4.0ch09_53288991
chr09	56391783	SL4.0ch09_53419470
chr09	56392342	SL4.0ch09_53420030
chr09	56450352	SL4.0ch09_53478115
chr09	56572098	SL4.0ch09_53599827
chr09	56590174	SL4.0ch09_53617903
chr09	56612402	SL4.0ch09_53640075
chr09	56641518	SL4.0ch09_53669152
chr09	56641861	SL4.0ch09_53669495
chr09	56643605	SL4.0ch09_53671239
chr09	56644590	SL4.0ch09_53672224
chr09	56645202	SL4.0ch09_53672836
chr09	56717771	SL4.0ch09_53745340
chr09	56742306	SL4.0ch09_53769883
chr09	56755739	SL4.0ch09_53783316
chr09	56777005	SL4.0ch09_53804575
chr09	56792368	SL4.0ch09_53819945
chr09	56794665	SL4.0ch09_53822241
chr09	56800181	SL4.0ch09_53827755
chr09	56810770	SL4.0ch09_53838350
chr09	56821659	SL4.0ch09_53849239
chr09	56834817	SL4.0ch09_53853967
chr09	56852063	SL4.0ch09_53871288
chr09	56893266	SL4.0ch09_53921742
chr09	56926685	SL4.0ch09_53955108
chr09	56942034	SL4.0ch09_53970364
chr09	56985602	SL4.0ch09_54013982
chr09	56987684	SL4.0ch09_54016064
chr09	56988088	SL4.0ch09_54016468
chr09	57017615	SL4.0ch09_54052037
chr09	57033168	SL4.0ch09_54067571
chr09	57040503	SL4.0ch09_54074911
chr09	57044233	SL4.0ch09_54078637
chr09	57070090	SL4.0ch09_54104818
chr09	57073944	SL4.0ch09_54108672
chr09	57123075	SL4.0ch09_54157735
chr09	57160684	SL4.0ch09_54195315
chr09	57247929	SL4.0ch09_54282531
chr09	57314427	SL4.0ch09_54349039
chr09	57372096	SL4.0ch09_54403163
chr09	57404701	SL4.0ch09_54435757
chr09	57538474	SL4.0ch09_54569736
chr09	57585541	SL4.0ch09_54609961
chr09	57624913	SL4.0ch09_54649333
chr09	57626552	SL4.0ch09_54650961
chr09	57658822	SL4.0ch09_54682949
chr09	57668104	SL4.0ch09_54692197
chr09	57684749	SL4.0ch09_54708837
chr09	57697665	SL4.0ch09_54721756
chr09	57712055	SL4.0ch09_54736132
chr09	57719310	SL4.0ch09_54743383
chr09	57726535	SL4.0ch09_54750609
chr09	57728463	SL4.0ch09_54752535
chr09	57759211	SL4.0ch09_54783276
chr09	57771064	SL4.0ch09_54795129
chr09	57786112	SL4.0ch09_54810176
chr09	57844662	SL4.0ch09_54868811
chr09	57906270	SL4.0ch09_54930388
chr09	57940772	SL4.0ch09_54964876
chr09	57947483	SL4.0ch09_54971587
chr09	57948621	SL4.0ch09_54972725
chr09	58008438	SL4.0ch09_55032583
chr09	58074957	SL4.0ch09_55096823
chr09	58119337	SL4.0ch09_55140193
chr09	58138890	SL4.0ch09_55159720
chr09	58146107	SL4.0ch09_55166935
chr09	58166536	SL4.0ch09_55187346
chr09	58168524	SL4.0ch09_55189334
chr09	58193209	SL4.0ch09_55208520
chr09	58200818	SL4.0ch09_55216133
chr09	58213163	SL4.0ch09_55228475
chr09	58262486	SL4.0ch09_55287198
chr09	58273105	SL4.0ch09_55297806
chr09	58279923	SL4.0ch09_55304624
chr09	58286633	SL4.0ch09_55311331
chr09	58288297	SL4.0ch09_55312993
chr09	58293307	SL4.0ch09_55317974
chr09	58299811	SL4.0ch09_55324468
chr09	58381039	SL4.0ch09_55405665
chr09	58413101	SL4.0ch09_55437716
chr09	58492342	SL4.0ch09_55516594
chr09	58513108	SL4.0ch09_55537123
chr09	58601029	SL4.0ch09_55623176
chr09	58719750	SL4.0ch09_55741473
chr09	58721424	SL4.0ch09_55743144
chr09	58724381	SL4.0ch09_55746103
chr09	58751110	SL4.0ch09_55772677
chr09	58774751	SL4.0ch09_55796306
chr09	58796165	SL4.0ch09_55817699
chr09	58930664	SL4.0ch09_55952672
chr09	58944303	SL4.0ch09_55966284
chr09	58944961	SL4.0ch09_55966913
chr09	58953642	SL4.0ch09_55975585
chr09	58958704	SL4.0ch09_55980637
chr09	58980831	SL4.0ch09_56002659
chr09	58983628	SL4.0ch09_56005453
chr09	59026347	SL4.0ch09_56049086
chr09	59058128	SL4.0ch09_56071600
chr09	59123375	SL4.0ch09_56136848
chr09	59172931	SL4.0ch09_56186480
chr09	59194698	SL4.0ch09_56208199
chr09	59214939	SL4.0ch09_56228382
chr09	59276035	SL4.0ch09_56279148
chr09	59290161	SL4.0ch09_56293382
chr09	59323687	SL4.0ch09_56326903
chr09	59360960	SL4.0ch09_56363967
chr09	59361401	SL4.0ch09_56364408
chr09	59381112	SL4.0ch09_56384141
chr09	59384870	SL4.0ch09_56394999
chr09	59385927	SL4.0ch09_56396052
chr09	59389831	SL4.0ch09_56399957
chr09	59392952	SL4.0ch09_56403082
chr09	59436204	SL4.0ch09_56446690
chr09	59561180	SL4.0ch09_56513766
chr09	59615931	SL4.0ch09_56568838
chr09	59617876	SL4.0ch09_56570781
chr09	59676281	SL4.0ch09_56620776
chr09	59684145	SL4.0ch09_56624214
chr09	59686493	SL4.0ch09_56626562
chr09	59687377	SL4.0ch09_56627446
chr09	59691577	SL4.0ch09_56631645
chr09	59693816	SL4.0ch09_56633856
chr09	59705328	SL4.0ch09_56645353
chr09	59821224	SL4.0ch09_56761630
chr09	59840602	SL4.0ch09_56781009
chr09	59854239	SL4.0ch09_56794699
chr09	59854776	SL4.0ch09_56795236
chr09	59859504	SL4.0ch09_56799964
chr09	59907410	SL4.0ch09_56847874
chr09	59970066	SL4.0ch09_56910524
chr09	60038938	SL4.0ch09_56972568
chr09	60085345	SL4.0ch09_57019781
chr09	60085563	SL4.0ch09_57019999
chr09	60085780	SL4.0ch09_57020216
chr09	60130198	SL4.0ch09_57063273
chr09	60133971	SL4.0ch09_57067044
chr09	60143595	SL4.0ch09_57076658
chr09	60204620	SL4.0ch09_57137450
chr09	60213460	SL4.0ch09_57146289
chr09	60217628	SL4.0ch09_57150458
chr09	60217976	SL4.0ch09_57150806
chr09	60220001	SL4.0ch09_57152830
chr09	60285019	SL4.0ch09_57217989
chr09	60310348	SL4.0ch09_57242881
chr09	60311526	SL4.0ch09_57244062
chr09	60324610	SL4.0ch09_57257107
chr09	60448753	SL4.0ch09_57377018
chr09	60451581	SL4.0ch09_57379841
chr09	60487051	SL4.0ch09_57411245
chr09	60504989	SL4.0ch09_57429703
chr09	60562638	SL4.0ch09_57486747
chr09	60563264	SL4.0ch09_57487373
chr09	60588610	SL4.0ch09_57512707
chr09	60621116	SL4.0ch09_57545743
chr09	60705066	SL4.0ch09_57629836
chr09	60706205	SL4.0ch09_57630976
chr09	60724035	SL4.0ch09_57648614
chr09	60741229	SL4.0ch09_57665804
chr09	60828278	SL4.0ch09_57759312
chr09	60836877	SL4.0ch09_57775147
chr09	60880523	SL4.0ch09_57818060
chr09	60886766	SL4.0ch09_57824304
chr09	60896898	SL4.0ch09_57834441
chr09	60901200	SL4.0ch09_57838745
chr09	60907091	SL4.0ch09_57844635
chr09	60916080	SL4.0ch09_57853888
chr09	60951037	SL4.0ch09_57889113
chr09	60952270	SL4.0ch09_57890345
chr09	60970947	SL4.0ch09_57909004
chr09	60971455	SL4.0ch09_57909512
chr09	60975495	SL4.0ch09_57913552
chr09	60975595	SL4.0ch09_57913652
chr09	60984293	SL4.0ch09_57922348
chr09	61014008	SL4.0ch09_57960121
chr09	61075659	SL4.0ch09_58020991
chr09	61082072	SL4.0ch09_58027394
chr09	61086488	SL4.0ch09_58031793
chr09	61087301	SL4.0ch09_58032603
chr09	61103282	SL4.0ch09_58048388
chr09	61148131	SL4.0ch09_58093204
chr09	61193138	SL4.0ch09_58138149
chr09	61225733	SL4.0ch09_58170751
chr09	61228458	SL4.0ch09_58173479
chr09	61271787	SL4.0ch09_58216397
chr09	61327727	SL4.0ch09_58272255
chr09	61337774	SL4.0ch09_58282251
chr09	61363575	SL4.0ch09_58308117
chr09	61365877	SL4.0ch09_58310419
chr09	61365997	SL4.0ch09_58310539
chr09	61370174	SL4.0ch09_58314697
chr09	61372493	SL4.0ch09_58317017
chr09	61455107	SL4.0ch09_58394549
chr09	61475765	SL4.0ch09_58415205
chr09	61509068	SL4.0ch09_58448867
chr09	61511735	SL4.0ch09_58451534
chr09	61512253	SL4.0ch09_58452052
chr09	61512610	SL4.0ch09_58452409
chr09	61518383	SL4.0ch09_58458168
chr09	61526849	SL4.0ch09_58466640
chr09	61589030	SL4.0ch09_58516854
chr09	61596088	SL4.0ch09_58523906
chr09	61625236	SL4.0ch09_58553139
chr09	61652870	SL4.0ch09_58586072
chr09	61654028	SL4.0ch09_58587236
chr09	61658321	SL4.0ch09_58591509
chr09	61684219	SL4.0ch09_58617447
chr09	61684482	SL4.0ch09_58617710
chr09	61692462	SL4.0ch09_58625554
chr09	61696927	SL4.0ch09_58630069
chr09	61749888	SL4.0ch09_58726540
chr09	61772201	SL4.0ch09_58748788
chr09	61813646	SL4.0ch09_58790110
chr09	61873067	SL4.0ch09_58845369
chr09	61909407	SL4.0ch09_58870468
chr09	61909505	SL4.0ch09_58870566
chr09	61928152	SL4.0ch09_58892172
chr09	61976741	SL4.0ch09_58940637
chr09	61977368	SL4.0ch09_58941264
chr09	61977526	SL4.0ch09_58941422
chr09	61985781	SL4.0ch09_58949659
chr09	62014651	SL4.0ch09_58978528
chr09	62073229	SL4.0ch09_59037083
chr09	62091116	SL4.0ch09_59054955
chr09	62102912	SL4.0ch09_59066757
chr09	62115805	SL4.0ch09_59079594
chr09	62122048	SL4.0ch09_59085915
chr09	62124801	SL4.0ch09_59088667
chr09	62127484	SL4.0ch09_59091350
chr09	62133487	SL4.0ch09_59097743
chr09	62139896	SL4.0ch09_59104150
chr09	62139961	SL4.0ch09_59104215
chr09	62197280	SL4.0ch09_59160889
chr09	62205884	SL4.0ch09_59169480
chr09	62244642	SL4.0ch09_59207463
chr09	62272610	SL4.0ch09_59235869
chr09	62313830	SL4.0ch09_59276978
chr09	62314850	SL4.0ch09_59277994
chr09	62325448	SL4.0ch09_59288599
chr09	62380051	SL4.0ch09_59342981
chr09	62394612	SL4.0ch09_59360766
chr09	62432806	SL4.0ch09_59398038
chr09	62454958	SL4.0ch09_59413172
chr09	62486927	SL4.0ch09_59445182
chr09	62536218	SL4.0ch09_59494531
chr09	62537510	SL4.0ch09_59495821
chr09	62556981	SL4.0ch09_59515191
chr09	62583403	SL4.0ch09_59541470
chr09	62584938	SL4.0ch09_59542999
chr09	62595134	SL4.0ch09_59553296
chr09	62601809	SL4.0ch09_59560353
chr09	62641965	SL4.0ch09_59603884
chr09	62669184	SL4.0ch09_59631160
chr09	62681838	SL4.0ch09_59643612
chr09	62711568	SL4.0ch09_59673559
chr09	62716701	SL4.0ch09_59679207
chr09	62732845	SL4.0ch09_59695364
chr09	62746567	SL4.0ch09_59709714
chr09	62761336	SL4.0ch09_59724191
chr09	62779582	SL4.0ch09_59742116
chr09	62820818	SL4.0ch09_59784722
chr09	62828062	SL4.0ch09_59791967
chr09	62831473	SL4.0ch09_59795432
chr09	62842570	SL4.0ch09_59811282
chr09	62842891	SL4.0ch09_59811603
chr09	62884252	SL4.0ch09_59852842
chr09	62903836	SL4.0ch09_59872835
chr09	62936300	SL4.0ch09_59904095
chr09	62968869	SL4.0ch09_59936813
chr09	62987686	SL4.0ch09_59955740
chr09	63051551	SL4.0ch09_60017112
chr09	63077634	SL4.0ch09_60043196
chr09	63089712	SL4.0ch09_60055586
chr09	63116135	SL4.0ch09_60082019
chr09	63150399	SL4.0ch09_60116335
chr09	63165782	SL4.0ch09_60131626
chr09	63191677	SL4.0ch09_60157792
chr09	63204840	SL4.0ch09_60171004
chr09	63219169	SL4.0ch09_60185310
chr09	63224166	SL4.0ch09_60190307
chr09	63231282	SL4.0ch09_60197391
chr09	63234459	SL4.0ch09_60200557
chr09	63255111	SL4.0ch09_60221495
chr09	63277524	SL4.0ch09_60243927
chr09	63342972	SL4.0ch09_60296952
chr09	63360722	SL4.0ch09_60313773
chr09	63370225	SL4.0ch09_60323249
chr09	63403279	SL4.0ch09_60355932
chr09	63433274	SL4.0ch09_60383957
chr09	63444582	SL4.0ch09_60395237
chr09	63453906	SL4.0ch09_60404609
chr09	63466353	SL4.0ch09_60417069
chr09	63532759	SL4.0ch09_60483403
chr09	63533202	SL4.0ch09_60483846
chr09	63609520	SL4.0ch09_60560156
chr09	63616197	SL4.0ch09_60566822
chr09	63622511	SL4.0ch09_60573131
chr09	63685649	SL4.0ch09_60636027
chr09	63695135	SL4.0ch09_60645510
chr09	63704377	SL4.0ch09_60674495
chr09	63719279	SL4.0ch09_60685453
chr09	63719362	SL4.0ch09_60685536
chr09	63740412	SL4.0ch09_60707180
chr09	63742168	SL4.0ch09_60708935
chr09	63747184	SL4.0ch09_60713889
chr09	63759524	SL4.0ch09_60726114
chr09	63770362	SL4.0ch09_60736979
chr09	63774195	SL4.0ch09_60740808
chr09	63801227	SL4.0ch09_60764121
chr09	63852979	SL4.0ch09_60816522
chr09	63869691	SL4.0ch09_60833163
chr09	63900169	SL4.0ch09_60863669
chr09	63911646	SL4.0ch09_60875133
chr09	63962008	SL4.0ch09_60919524
chr09	63968359	SL4.0ch09_60925910
chr09	63994238	SL4.0ch09_60952328
chr09	64013351	SL4.0ch09_60971530
chr09	64048111	SL4.0ch09_61006382
chr09	64066978	SL4.0ch09_61018771
chr09	64080155	SL4.0ch09_61026356
chr09	64114753	SL4.0ch09_61108978
chr09	64159413	SL4.0ch09_61153161
chr09	64165825	SL4.0ch09_61159510
chr09	64621509	SL4.0ch09_61218444
chr09	64626278	SL4.0ch09_61223208
chr09	64634504	SL4.0ch09_61231424
chr09	64680648	SL4.0ch09_61277268
chr09	64681975	SL4.0ch09_61278595
chr09	64758297	SL4.0ch09_61353320
chr09	64786468	SL4.0ch09_61381188
chr09	64787464	SL4.0ch09_61382184
chr09	64798446	SL4.0ch09_61393092
chr09	64798538	SL4.0ch09_61393184
chr09	64807572	SL4.0ch09_61403001
chr09	64839059	SL4.0ch09_61427226
chr09	64854922	SL4.0ch09_61443740
chr09	64881931	SL4.0ch09_61470772
chr09	65001835	SL4.0ch09_61617699
chr09	65014309	SL4.0ch09_61630161
chr09	65029042	SL4.0ch09_61647182
chr09	65044163	SL4.0ch09_61662363
chr09	65053354	SL4.0ch09_61671544
chr09	65064577	SL4.0ch09_61682801
chr09	65111329	SL4.0ch09_61729771
chr09	65118845	SL4.0ch09_61737315
chr09	65142925	SL4.0ch09_61761369
chr09	65157709	SL4.0ch09_61776157
chr09	65160304	SL4.0ch09_61778749
chr09	65160969	SL4.0ch09_61779558
chr09	65180906	SL4.0ch09_61799542
chr09	65191021	SL4.0ch09_61809685
chr09	65250727	SL4.0ch09_61858216
chr09	65271288	SL4.0ch09_61884147
chr09	65295038	SL4.0ch09_61947880
chr09	65315123	SL4.0ch09_61968000
chr09	65324452	SL4.0ch09_61977352
chr09	65334716	SL4.0ch09_61987618
chr09	65338150	SL4.0ch09_61991049
chr09	65358326	SL4.0ch09_62011164
chr09	65403928	SL4.0ch09_62056624
chr09	65446604	SL4.0ch09_62090119
chr09	65448193	SL4.0ch09_62091708
chr09	65538314	SL4.0ch09_62166339
chr09	65559171	SL4.0ch09_62187354
chr09	65576819	SL4.0ch09_62204847
chr09	65598828	SL4.0ch09_62227570
chr09	65626969	SL4.0ch09_62255754
chr09	65628607	SL4.0ch09_62257402
chr09	65643959	SL4.0ch09_62272763
chr09	65650302	SL4.0ch09_62279050
chr09	65666813	SL4.0ch09_62295473
chr09	65735812	SL4.0ch09_62376319
chr09	65744187	SL4.0ch09_62384668
chr09	65762398	SL4.0ch09_62402786
chr09	65775610	SL4.0ch09_62415980
chr09	65784409	SL4.0ch09_62424768
chr09	65827943	SL4.0ch09_62464061
chr09	65840592	SL4.0ch09_62476699
chr09	65859822	SL4.0ch09_62495656
chr09	65885025	SL4.0ch09_62520875
chr09	65909210	SL4.0ch09_62544937
chr09	65960886	SL4.0ch09_62589698
chr09	66008587	SL4.0ch09_62646534
chr09	66039700	SL4.0ch09_62675897
chr09	66054770	SL4.0ch09_62690955
chr09	66056641	SL4.0ch09_62692826
chr09	66061531	SL4.0ch09_62697716
chr09	66079000	SL4.0ch09_62715001
chr09	66092456	SL4.0ch09_62728442
chr09	66134774	SL4.0ch09_62770871
chr09	66171097	SL4.0ch09_62809153
chr09	66171905	SL4.0ch09_62809961
chr09	66180125	SL4.0ch09_62818177
chr09	66188354	SL4.0ch09_62835735
chr09	66212578	SL4.0ch09_62868655
chr09	66226642	SL4.0ch09_62882755
chr09	66233043	SL4.0ch09_62889151
chr09	66274458	SL4.0ch09_62917983
chr09	66275693	SL4.0ch09_62919217
chr09	66310037	SL4.0ch09_62953606
chr09	66328996	SL4.0ch09_62972669
chr09	66336789	SL4.0ch09_62980456
chr09	66361215	SL4.0ch09_63004847
chr09	66397438	SL4.0ch09_63041091
chr09	66403852	SL4.0ch09_63047507
chr09	66405318	SL4.0ch09_63048988
chr09	66423747	SL4.0ch09_63062690
chr09	66471474	SL4.0ch09_63101473
chr09	66490471	SL4.0ch09_63119558
chr09	66495464	SL4.0ch09_63124578
chr09	66516667	SL4.0ch09_63145511
chr09	66529709	SL4.0ch09_63158764
chr09	66539484	SL4.0ch09_63168503
chr09	66541259	SL4.0ch09_63170249
chr09	66573732	SL4.0ch09_63202661
chr09	66582345	SL4.0ch09_63211301
chr09	66624591	SL4.0ch09_63253554
chr09	66680593	SL4.0ch09_63312983
chr09	66708226	SL4.0ch09_63340523
chr09	66734327	SL4.0ch09_63365781
chr09	66747563	SL4.0ch09_63378890
chr09	66771373	SL4.0ch09_63402654
chr09	66791855	SL4.0ch09_63422799
chr09	66819341	SL4.0ch09_63450609
chr09	66850187	SL4.0ch09_63481251
chr09	66863012	SL4.0ch09_63494084
chr09	66872340	SL4.0ch09_63503072
chr09	66874984	SL4.0ch09_63505716
chr09	66881175	SL4.0ch09_63513798
chr09	66918422	SL4.0ch09_63530888
chr09	66920801	SL4.0ch09_63533266
chr09	66948346	SL4.0ch09_63553925
chr09	66963616	SL4.0ch09_63569193
chr09	66991818	SL4.0ch09_63597412
chr09	66993336	SL4.0ch09_63598930
chr09	67013134	SL4.0ch09_63618893
chr09	67019926	SL4.0ch09_63625679
chr09	67056873	SL4.0ch09_63662700
chr09	67096333	SL4.0ch09_63701772
chr09	67099995	SL4.0ch09_63705435
chr09	67109925	SL4.0ch09_63712697
chr09	67122086	SL4.0ch09_63721541
chr09	67151178	SL4.0ch09_63742337
chr09	67180979	SL4.0ch09_63772042
chr09	67203448	SL4.0ch09_63802252
chr09	67205875	SL4.0ch09_63804671
chr09	67296923	SL4.0ch09_63888700
chr09	67328962	SL4.0ch09_63910672
chr09	67342632	SL4.0ch09_63924273
chr09	67344586	SL4.0ch09_63926232
chr09	67373373	SL4.0ch09_63954813
chr09	68023897	SL4.0ch09_64024494
chr09	68033908	SL4.0ch09_64034569
chr09	68050936	SL4.0ch09_64051657
chr09	68060519	SL4.0ch09_64061245
chr09	68077309	SL4.0ch09_64078034
chr09	68085815	SL4.0ch09_64086542
chr09	68087839	SL4.0ch09_64088566
chr09	68088016	SL4.0ch09_64088743
chr09	68088748	SL4.0ch09_64089475
chr09	68111360	SL4.0ch09_64112036
chr09	68138754	SL4.0ch09_64139279
chr09	68193120	SL4.0ch09_64186035
chr09	68214368	SL4.0ch09_64207562
chr09	68258667	SL4.0ch09_64250144
chr09	68266343	SL4.0ch09_64257734
chr09	68284555	SL4.0ch09_64275991
chr09	68291615	SL4.0ch09_64283013
chr09	68308364	SL4.0ch09_64302955
chr09	68332208	SL4.0ch09_64326912
chr09	68344188	SL4.0ch09_64338825
chr09	68351066	SL4.0ch09_64345703
chr09	68406156	SL4.0ch09_64398745
chr09	68438010	SL4.0ch09_64426741
chr09	68445142	SL4.0ch09_64433875
chr09	68449279	SL4.0ch09_64438024
chr09	68462938	SL4.0ch09_64451576
chr09	68506920	SL4.0ch09_64502395
chr09	68516206	SL4.0ch09_64511678
chr09	68536494	SL4.0ch09_64531960
chr09	68566940	SL4.0ch09_64561789
chr09	68597252	SL4.0ch09_64592073
chr09	68602535	SL4.0ch09_64597356
chr09	68616189	SL4.0ch09_64611227
chr09	68647363	SL4.0ch09_64629318
chr09	68664494	SL4.0ch09_64646487
chr09	68700576	SL4.0ch09_64682271
chr09	68713477	SL4.0ch09_64691877
chr09	68722059	SL4.0ch09_64700409
chr09	68722517	SL4.0ch09_64700867
chr09	68723100	SL4.0ch09_64701568
chr09	68726693	SL4.0ch09_64705170
chr09	68787376	SL4.0ch09_64779119
chr09	68790075	SL4.0ch09_64781809
chr09	68822130	SL4.0ch09_64813578
chr09	68824319	SL4.0ch09_64815777
chr09	68848537	SL4.0ch09_64841742
chr09	68905924	SL4.0ch09_64898350
chr09	68923468	SL4.0ch09_64916040
chr09	68982650	SL4.0ch09_64959321
chr09	68998752	SL4.0ch09_64975597
chr09	69045875	SL4.0ch09_65022670
chr09	69077831	SL4.0ch09_65055084
chr09	69105717	SL4.0ch09_65082900
chr09	69114146	SL4.0ch09_65091114
chr09	69126159	SL4.0ch09_65103070
chr09	69129549	SL4.0ch09_65106461
chr09	69135146	SL4.0ch09_65112079
chr09	69150599	SL4.0ch09_65127521
chr09	69165502	SL4.0ch09_65142556
chr09	69183392	SL4.0ch09_65161054
chr09	69190435	SL4.0ch09_65168044
chr09	69193521	SL4.0ch09_65171111
chr09	69199110	SL4.0ch09_65176707
chr09	69204971	SL4.0ch09_65182568
chr09	69349632	SL4.0ch09_65325383
chr09	69361815	SL4.0ch09_65337574
chr09	69366849	SL4.0ch09_65342161
chr09	69370405	SL4.0ch09_65345781
chr09	69384406	SL4.0ch09_65359774
chr09	69427541	SL4.0ch09_65402861
chr09	69454342	SL4.0ch09_65435488
chr09	69456882	SL4.0ch09_65438022
chr09	69484644	SL4.0ch09_65461200
chr09	69549383	SL4.0ch09_65526054
chr09	69569057	SL4.0ch09_65545793
chr09	69580124	SL4.0ch09_65557167
chr09	69593037	SL4.0ch09_65570095
chr09	69600551	SL4.0ch09_65581363
chr09	69610113	SL4.0ch09_65590503
chr09	69649973	SL4.0ch09_65630372
chr09	69663595	SL4.0ch09_65643767
chr09	69673624	SL4.0ch09_65653436
chr09	69713551	SL4.0ch09_65669695
chr09	69722067	SL4.0ch09_65678093
chr09	69725766	SL4.0ch09_65682499
chr09	69735229	SL4.0ch09_65691959
chr09	69742001	SL4.0ch09_65698506
chr09	69743419	SL4.0ch09_65699924
chr09	69766514	SL4.0ch09_65723465
chr09	69784598	SL4.0ch09_65741588
chr09	69791704	SL4.0ch09_65748696
chr09	69831355	SL4.0ch09_65788348
chr09	69844722	SL4.0ch09_65801712
chr09	69912222	SL4.0ch09_65868073
chr09	69929426	SL4.0ch09_65885280
chr09	69946298	SL4.0ch09_65902162
chr09	69955459	SL4.0ch09_65911426
chr09	69960166	SL4.0ch09_65916117
chr09	70005564	SL4.0ch09_65961451
chr09	70068904	SL4.0ch09_66024461
chr09	70077905	SL4.0ch09_66033445
chr09	70107559	SL4.0ch09_66062791
chr09	70135505	SL4.0ch09_66090725
chr09	70146511	SL4.0ch09_66096972
chr09	70162249	SL4.0ch09_66112704
chr09	70205378	SL4.0ch09_66155855
chr09	70215329	SL4.0ch09_66165818
chr09	70228738	SL4.0ch09_66179299
chr09	70235030	SL4.0ch09_66185594
chr09	70277931	SL4.0ch09_66228357
chr09	70288114	SL4.0ch09_66238552
chr09	70298452	SL4.0ch09_66248852
chr09	70310015	SL4.0ch09_66260510
chr09	70345317	SL4.0ch09_66296297
chr09	70367326	SL4.0ch09_66314937
chr09	70383916	SL4.0ch09_66331623
chr09	70404812	SL4.0ch09_66352156
chr09	70458146	SL4.0ch09_66405430
chr09	70460323	SL4.0ch09_66407604
chr09	70460445	SL4.0ch09_66407726
chr09	70486268	SL4.0ch09_66432649
chr09	70522643	SL4.0ch09_66469025
chr09	70533428	SL4.0ch09_66479831
chr09	70543201	SL4.0ch09_66489638
chr09	70567468	SL4.0ch09_66513920
chr09	70584870	SL4.0ch09_66531307
chr09	70612113	SL4.0ch09_66558573
chr09	70623432	SL4.0ch09_66569855
chr09	70634370	SL4.0ch09_66580796
chr09	70640137	SL4.0ch09_66585844
chr09	70669304	SL4.0ch09_66614902
chr09	70674201	SL4.0ch09_66619786
chr09	70698625	SL4.0ch09_66643951
chr09	70744986	SL4.0ch09_66692133
chr09	70770640	SL4.0ch09_66708169
chr09	70837924	SL4.0ch09_66782370
chr09	70839561	SL4.0ch09_66784007
chr09	70850257	SL4.0ch09_66796326
chr09	70898939	SL4.0ch09_66845065
chr09	70913489	SL4.0ch09_66858224
chr09	70916525	SL4.0ch09_66861260
chr09	70930482	SL4.0ch09_66875132
chr09	70935175	SL4.0ch09_66879832
chr09	70945902	SL4.0ch09_66890264
chr09	70971475	SL4.0ch09_66915555
chr09	70974760	SL4.0ch09_66918841
chr09	70991612	SL4.0ch09_66935623
chr09	71023914	SL4.0ch09_66970654
chr09	71064632	SL4.0ch09_67011165
chr09	71104380	SL4.0ch09_67050888
chr09	71120399	SL4.0ch09_67066922
chr09	71127550	SL4.0ch09_67074051
chr09	71174055	SL4.0ch09_67120495
chr09	71177801	SL4.0ch09_67124247
chr09	71187127	SL4.0ch09_67133711
chr09	71206942	SL4.0ch09_67153415
chr09	71215359	SL4.0ch09_67161829
chr09	71237231	SL4.0ch09_67183743
chr09	71249371	SL4.0ch09_67194230
chr09	71291120	SL4.0ch09_67237989
chr09	71297112	SL4.0ch09_67243980
chr09	71316405	SL4.0ch09_67263221
chr09	71335055	SL4.0ch09_67281966
chr09	71364496	SL4.0ch09_67310980
chr09	71373834	SL4.0ch09_67320204
chr09	71394210	SL4.0ch09_67340546
chr09	71437792	SL4.0ch09_67384185
chr09	71445917	SL4.0ch09_67392266
chr09	71463698	SL4.0ch09_67410008
chr09	71475999	SL4.0ch09_67422348
chr09	71501258	SL4.0ch09_67449633
chr09	71504476	SL4.0ch09_67452834
chr09	71512659	SL4.0ch09_67461038
chr09	71552795	SL4.0ch09_67501335
chr09	71571493	SL4.0ch09_67551765
chr09	71637851	SL4.0ch09_67620847
chr09	71652723	SL4.0ch09_67635705
chr09	71655120	SL4.0ch09_67638102
chr09	71656401	SL4.0ch09_67639383
chr09	71659577	SL4.0ch09_67642557
chr09	71678619	SL4.0ch09_67661510
chr09	71684321	SL4.0ch09_67667220
chr09	71692687	SL4.0ch09_67675601
chr09	71720866	SL4.0ch09_67703022
chr09	71729323	SL4.0ch09_67711522
chr09	71748193	SL4.0ch09_67725152
chr09	71773895	SL4.0ch09_67751912
chr09	71792673	SL4.0ch09_67770668
chr09	71797097	SL4.0ch09_67775237
chr09	71849243	SL4.0ch09_67839212
chr09	71898397	SL4.0ch09_67884214
chr09	71911989	SL4.0ch09_67897985
chr09	71923132	SL4.0ch09_67909140
chr09	71955250	SL4.0ch09_67941370
chr09	71969107	SL4.0ch09_67955221
chr09	72002698	SL4.0ch09_67988793
chr09	72006969	SL4.0ch09_67994044
chr09	72043086	SL4.0ch09_68029800
chr09	72055965	SL4.0ch09_68042677
chr09	72118681	SL4.0ch09_68079975
chr09	72123137	SL4.0ch09_68084432
chr09	72126668	SL4.0ch09_68087952
chr09	72131154	SL4.0ch09_68092386
chr09	72147039	SL4.0ch09_68106339
chr09	72166080	SL4.0ch09_68125365
chr09	72171667	SL4.0ch09_68130942
chr09	72173744	SL4.0ch09_68133027
chr09	72199053	SL4.0ch09_68158348
chr09	72254982	SL4.0ch09_68214203
chr09	72271405	SL4.0ch09_68230607
chr09	72289143	SL4.0ch09_68248324
chr09	72317418	SL4.0ch09_68276790
chr09	72321412	SL4.0ch09_68280736
chr09	72331451	SL4.0ch09_68290758
chr09	72342266	SL4.0ch09_68322754
chr09	72392642	SL4.0ch09_68372656
chr09	72405884	SL4.0ch09_68385900
chr09	72410694	SL4.0ch09_68390714
chr09	72452914	SL4.0ch09_68432924
chr09	72456069	SL4.0ch09_68436051
chr10	266442	SL4.0ch10_64677948
chr10	276199	SL4.0ch10_64687769
chr10	298469	SL4.0ch10_64715806
chr10	316501	SL4.0ch10_64733824
chr10	319892	SL4.0ch10_64737215
chr10	332479	SL4.0ch10_64749807
chr10	337379	SL4.0ch10_64754705
chr10	360093	SL4.0ch10_64777108
chr10	418254	SL4.0ch10_42280
chr10	430723	SL4.0ch10_54648
chr10	433222	SL4.0ch10_57154
chr10	438290	SL4.0ch10_62221
chr10	444421	SL4.0ch10_68755
chr10	453489	SL4.0ch10_77903
chr10	454194	SL4.0ch10_78608
chr10	478779	SL4.0ch10_103165
chr10	492514	SL4.0ch10_116861
chr10	495372	SL4.0ch10_119725
chr10	543784	SL4.0ch10_191400
chr10	572956	SL4.0ch10_221541
chr10	573495	SL4.0ch10_222080
chr10	634408	SL4.0ch10_297205
chr10	648564	SL4.0ch10_311360
chr10	706018	SL4.0ch10_369652
chr10	733567	SL4.0ch10_397406
chr10	762846	SL4.0ch10_426662
chr10	775200	SL4.0ch10_439056
chr10	776813	SL4.0ch10_440668
chr10	790421	SL4.0ch10_454410
chr10	811287	SL4.0ch10_475180
chr10	817628	SL4.0ch10_481519
chr10	821653	SL4.0ch10_485540
chr10	870303	SL4.0ch10_535005
chr10	900201	SL4.0ch10_564878
chr10	903006	SL4.0ch10_567683
chr10	903318	SL4.0ch10_567996
chr10	921128	SL4.0ch10_585838
chr10	929233	SL4.0ch10_593937
chr10	934252	SL4.0ch10_598956
chr10	948104	SL4.0ch10_612807
chr10	955262	SL4.0ch10_619781
chr10	1030705	SL4.0ch10_694593
chr10	1065942	SL4.0ch10_728824
chr10	1087913	SL4.0ch10_750567
chr10	1092808	SL4.0ch10_755451
chr10	1134570	SL4.0ch10_797120
chr10	1137622	SL4.0ch10_800170
chr10	1146451	SL4.0ch10_809008
chr10	1187892	SL4.0ch10_850144
chr10	1275194	SL4.0ch10_936712
chr10	1281610	SL4.0ch10_943136
chr10	1297687	SL4.0ch10_959505
chr10	1312774	SL4.0ch10_974598
chr10	1322106	SL4.0ch10_983937
chr10	1332393	SL4.0ch10_994192
chr10	1336648	SL4.0ch10_999090
chr10	1346707	SL4.0ch10_1009103
chr10	1348272	SL4.0ch10_1010768
chr10	1360434	SL4.0ch10_1022875
chr10	1370353	SL4.0ch10_1032433
chr10	1392932	SL4.0ch10_1055270
chr10	1430071	SL4.0ch10_1091939
chr10	1443914	SL4.0ch10_1105769
chr10	1453899	SL4.0ch10_1115692
chr10	1475140	SL4.0ch10_1136920
chr10	1499709	SL4.0ch10_1162210
chr10	1517588	SL4.0ch10_1180687
chr10	1531178	SL4.0ch10_1193727
chr10	1556485	SL4.0ch10_1218993
chr10	1575108	SL4.0ch10_1237526
chr10	1586638	SL4.0ch10_1248957
chr10	1611107	SL4.0ch10_1273305
chr10	1615451	SL4.0ch10_1277652
chr10	1619404	SL4.0ch10_1281606
chr10	1645741	SL4.0ch10_1307738
chr10	1662587	SL4.0ch10_1324591
chr10	1710524	SL4.0ch10_1372594
chr10	1751164	SL4.0ch10_1412624
chr10	1777328	SL4.0ch10_1438766
chr10	1817991	SL4.0ch10_1473281
chr10	1827607	SL4.0ch10_1487488
chr10	1846498	SL4.0ch10_1505645
chr10	1863411	SL4.0ch10_1522860
chr10	1882722	SL4.0ch10_1542205
chr10	1888148	SL4.0ch10_1547626
chr10	1904002	SL4.0ch10_1564324
chr10	1907040	SL4.0ch10_1567361
chr10	1972831	SL4.0ch10_1633645
chr10	1996486	SL4.0ch10_1657308
chr10	2010657	SL4.0ch10_1671506
chr10	2036472	SL4.0ch10_1695504
chr10	2058040	SL4.0ch10_1717094
chr10	2073430	SL4.0ch10_1732438
chr10	2119046	SL4.0ch10_1778044
chr10	2144497	SL4.0ch10_1803386
chr10	2192110	SL4.0ch10_1850858
chr10	2201710	SL4.0ch10_1860011
chr10	2227625	SL4.0ch10_1885797
chr10	2251133	SL4.0ch10_1909629
chr10	2258609	SL4.0ch10_1917135
chr10	2260042	SL4.0ch10_1918568
chr10	2264183	SL4.0ch10_1922700
chr10	2270886	SL4.0ch10_1929396
chr10	2283072	SL4.0ch10_1941556
chr10	2291203	SL4.0ch10_1949579
chr10	2323643	SL4.0ch10_1980588
chr10	2326591	SL4.0ch10_1983495
chr10	2374010	SL4.0ch10_2029288
chr10	2410539	SL4.0ch10_2065572
chr10	2421998	SL4.0ch10_2077030
chr10	2423091	SL4.0ch10_2078135
chr10	2426211	SL4.0ch10_2081281
chr10	2433843	SL4.0ch10_2088983
chr10	2443650	SL4.0ch10_2098786
chr10	2467879	SL4.0ch10_2122956
chr10	2468017	SL4.0ch10_2123094
chr10	2489150	SL4.0ch10_2144211
chr10	2494209	SL4.0ch10_2149119
chr10	2499602	SL4.0ch10_2154312
chr10	2515590	SL4.0ch10_2170355
chr10	2550788	SL4.0ch10_2197233
chr10	2559070	SL4.0ch10_2206275
chr10	2578065	SL4.0ch10_2225277
chr10	2584690	SL4.0ch10_2231873
chr10	2620013	SL4.0ch10_2274100
chr10	2654050	SL4.0ch10_2308872
chr10	2672175	SL4.0ch10_2329102
chr10	2701618	SL4.0ch10_2358126
chr10	2757153	SL4.0ch10_2434183
chr10	2792289	SL4.0ch10_2462931
chr10	2801555	SL4.0ch10_2472186
chr10	2806208	SL4.0ch10_2476839
chr10	2829719	SL4.0ch10_2500161
chr10	2835046	SL4.0ch10_2505502
chr10	2888221	SL4.0ch10_2556916
chr10	2899879	SL4.0ch10_2568578
chr10	2925642	SL4.0ch10_2596342
chr10	2987617	SL4.0ch10_2643081
chr10	2987887	SL4.0ch10_2643353
chr10	3002171	SL4.0ch10_2657534
chr10	3043583	SL4.0ch10_2697854
chr10	3054931	SL4.0ch10_2709313
chr10	3072877	SL4.0ch10_2733488
chr10	3073209	SL4.0ch10_2733820
chr10	3117079	SL4.0ch10_2777471
chr10	3185018	SL4.0ch10_2842745
chr10	3194640	SL4.0ch10_2852449
chr10	3205363	SL4.0ch10_2861318
chr10	3207840	SL4.0ch10_2863751
chr10	3219890	SL4.0ch10_2875732
chr10	3235922	SL4.0ch10_2894967
chr10	3275994	SL4.0ch10_2935032
chr10	3291149	SL4.0ch10_2950211
chr10	3291933	SL4.0ch10_2950995
chr10	3335360	SL4.0ch10_2989444
chr10	3358866	SL4.0ch10_3012950
chr10	3373223	SL4.0ch10_3027839
chr10	3382096	SL4.0ch10_3036371
chr10	3402488	SL4.0ch10_3055262
chr10	3473761	SL4.0ch10_3125216
chr10	3483319	SL4.0ch10_3134791
chr10	3488666	SL4.0ch10_3140132
chr10	3498812	SL4.0ch10_3150261
chr10	3527205	SL4.0ch10_3175144
chr10	3547751	SL4.0ch10_3188679
chr10	3555782	SL4.0ch10_3196748
chr10	3584457	SL4.0ch10_3224460
chr10	3589142	SL4.0ch10_3229144
chr10	3619037	SL4.0ch10_3259267
chr10	3627043	SL4.0ch10_3267272
chr10	3648593	SL4.0ch10_3288603
chr10	3665303	SL4.0ch10_3305656
chr10	3687436	SL4.0ch10_3327346
chr10	3707385	SL4.0ch10_3347334
chr10	3725832	SL4.0ch10_3366053
chr10	3735047	SL4.0ch10_3375280
chr10	3785903	SL4.0ch10_3432555
chr10	3803711	SL4.0ch10_3452099
chr10	3823635	SL4.0ch10_3472239
chr10	3828653	SL4.0ch10_3477257
chr10	3853867	SL4.0ch10_3502383
chr10	3857573	SL4.0ch10_3506062
chr10	3860796	SL4.0ch10_3509285
chr10	3887782	SL4.0ch10_3536221
chr10	3888982	SL4.0ch10_3537419
chr10	3892350	SL4.0ch10_3540770
chr10	3918317	SL4.0ch10_3564370
chr10	3928950	SL4.0ch10_3575026
chr10	3966441	SL4.0ch10_3616845
chr10	3976461	SL4.0ch10_3631502
chr10	4155253	SL4.0ch10_3698021
chr10	4176147	SL4.0ch10_3719181
chr10	4197463	SL4.0ch10_3741410
chr10	4213568	SL4.0ch10_3764310
chr10	4231657	SL4.0ch10_3783333
chr10	4235288	SL4.0ch10_3787180
chr10	4298024	SL4.0ch10_3848473
chr10	4317989	SL4.0ch10_3868342
chr10	4331417	SL4.0ch10_3884002
chr10	4336626	SL4.0ch10_3889288
chr10	4359647	SL4.0ch10_3912282
chr10	4379594	SL4.0ch10_3932062
chr10	4386098	SL4.0ch10_3938529
chr10	4425698	SL4.0ch10_3974448
chr10	4439703	SL4.0ch10_3988631
chr10	4441421	SL4.0ch10_3990364
chr10	4453352	SL4.0ch10_4016907
chr10	4469974	SL4.0ch10_4033522
chr10	4483912	SL4.0ch10_4047519
chr10	4491060	SL4.0ch10_4054660
chr10	4493570	SL4.0ch10_4057177
chr10	4513288	SL4.0ch10_4076937
chr10	4593455	SL4.0ch10_4157077
chr10	4608031	SL4.0ch10_4171636
chr10	4642785	SL4.0ch10_4204836
chr10	4648045	SL4.0ch10_4210112
chr10	4662774	SL4.0ch10_4224819
chr10	4743646	SL4.0ch10_4286139
chr10	4746262	SL4.0ch10_4288759
chr10	4749252	SL4.0ch10_4291750
chr10	4749316	SL4.0ch10_4291814
chr10	4755233	SL4.0ch10_4297731
chr10	4774101	SL4.0ch10_4316370
chr10	4777178	SL4.0ch10_4319447
chr10	4890894	SL4.0ch10_4457150
chr10	4949074	SL4.0ch10_4515346
chr10	5002161	SL4.0ch10_4568445
chr10	5116919	SL4.0ch10_37753765
chr10	5311453	SL4.0ch10_37560917
chr10	5311950	SL4.0ch10_37560420
chr10	5411855	SL4.0ch10_37467721
chr10	5500978	SL4.0ch10_37381086
chr10	5532912	SL4.0ch10_37349370
chr10	5647203	SL4.0ch10_37243031
chr10	5924488	SL4.0ch10_36906902
chr10	5949075	SL4.0ch10_36882246
chr10	6042579	SL4.0ch10_36806198
chr10	6055560	SL4.0ch10_36791674
chr10	6092423	SL4.0ch10_36753674
chr10	6179861	SL4.0ch10_36643277
chr10	6272338	SL4.0ch10_36556979
chr10	6487886	SL4.0ch10_36461086
chr10	6529981	SL4.0ch10_36425198
chr10	6635261	SL4.0ch10_36319059
chr10	6640955	SL4.0ch10_36313367
chr10	6665334	SL4.0ch10_36288990
chr10	6778337	SL4.0ch10_36176023
chr10	6792727	SL4.0ch10_36161572
chr10	6921051	SL4.0ch10_36033352
chr10	7061207	SL4.0ch10_35893184
chr10	7179215	SL4.0ch10_35775254
chr10	7281143	SL4.0ch10_35662459
chr10	7427541	SL4.0ch10_35514787
chr10	7482506	SL4.0ch10_35453842
chr10	7494952	SL4.0ch10_35441395
chr10	7595013	SL4.0ch10_35341846
chr10	7644717	SL4.0ch10_35292344
chr10	7725478	SL4.0ch10_35214635
chr10	7771460	SL4.0ch10_35168655
chr10	7864994	SL4.0ch10_35061982
chr10	8011234	SL4.0ch10_34885054
chr10	8028328	SL4.0ch10_34902193
chr10	8049157	SL4.0ch10_34923042
chr10	8159216	SL4.0ch10_34790230
chr10	8201924	SL4.0ch10_34732295
chr10	8257038	SL4.0ch10_34669134
chr10	8693300	SL4.0ch10_34248860
chr10	8720375	SL4.0ch10_34221780
chr10	8770533	SL4.0ch10_34164671
chr10	9055044	SL4.0ch10_33992183
chr10	9076744	SL4.0ch10_33970517
chr10	9175368	SL4.0ch10_33878201
chr10	9334435	SL4.0ch10_33719402
chr10	9518607	SL4.0ch10_33535265
chr10	9738139	SL4.0ch10_33316638
chr10	9765022	SL4.0ch10_33289780
chr10	9776412	SL4.0ch10_33278374
chr10	9950609	SL4.0ch10_33137658
chr10	10025848	SL4.0ch10_33062684
chr10	10063157	SL4.0ch10_33025441
chr10	10132040	SL4.0ch10_32964966
chr10	10208614	SL4.0ch10_32888475
chr10	10368851	SL4.0ch10_32728947
chr10	10479680	SL4.0ch10_32620442
chr10	10580668	SL4.0ch10_32526678
chr10	10616188	SL4.0ch10_32491206
chr10	10638341	SL4.0ch10_32469074
chr10	10746081	SL4.0ch10_32361382
chr10	10888394	SL4.0ch10_32226210
chr10	10968930	SL4.0ch10_32146579
chr10	10989188	SL4.0ch10_32126236
chr10	11044490	SL4.0ch10_32070946
chr10	11096878	SL4.0ch10_32018456
chr10	11232071	SL4.0ch10_31883227
chr10	11336416	SL4.0ch10_31778693
chr10	11431642	SL4.0ch10_31683500
chr10	11451648	SL4.0ch10_31663548
chr10	11454431	SL4.0ch10_31660765
chr10	11456856	SL4.0ch10_31658342
chr10	11458923	SL4.0ch10_31656280
chr10	11519477	SL4.0ch10_31595646
chr10	11883398	SL4.0ch10_31531407
chr10	11925559	SL4.0ch10_31489131
chr10	12020840	SL4.0ch10_31393870
chr10	12036980	SL4.0ch10_31377732
chr10	12093504	SL4.0ch10_31320859
chr10	12106011	SL4.0ch10_31304549
chr10	12189361	SL4.0ch10_31221116
chr10	12262983	SL4.0ch10_31147646
chr10	12299718	SL4.0ch10_31110884
chr10	12383477	SL4.0ch10_31047896
chr10	12510657	SL4.0ch10_30920707
chr10	12552059	SL4.0ch10_30880968
chr10	12678030	SL4.0ch10_30752804
chr10	12686900	SL4.0ch10_30743933
chr10	12711542	SL4.0ch10_30719331
chr10	12849899	SL4.0ch10_30580729
chr10	13017925	SL4.0ch10_30414447
chr10	13139549	SL4.0ch10_30310377
chr10	13164002	SL4.0ch10_30285933
chr10	13165686	SL4.0ch10_30284249
chr10	13166089	SL4.0ch10_30283846
chr10	13170332	SL4.0ch10_30279603
chr10	13321305	SL4.0ch10_30130515
chr10	13415899	SL4.0ch10_30064563
chr10	13747503	SL4.0ch10_29745722
chr10	13796104	SL4.0ch10_29697126
chr10	13865974	SL4.0ch10_29622187
chr10	13952873	SL4.0ch10_29531612
chr10	14054895	SL4.0ch10_29429444
chr10	14147225	SL4.0ch10_29337270
chr10	14170884	SL4.0ch10_29318172
chr10	14180707	SL4.0ch10_29308315
chr10	14283244	SL4.0ch10_29205671
chr10	14378883	SL4.0ch10_29112147
chr10	14418052	SL4.0ch10_29073416
chr10	14468481	SL4.0ch10_29041844
chr10	14471460	SL4.0ch10_29038866
chr10	14559944	SL4.0ch10_28950064
chr10	14567666	SL4.0ch10_28942359
chr10	14621097	SL4.0ch10_28896478
chr10	14857734	SL4.0ch10_28604268
chr10	15133946	SL4.0ch10_28329683
chr10	15159930	SL4.0ch10_28303932
chr10	15268815	SL4.0ch10_28198827
chr10	15326231	SL4.0ch10_28141236
chr10	15536548	SL4.0ch10_27925155
chr10	15696840	SL4.0ch10_27764685
chr10	15704745	SL4.0ch10_27756757
chr10	15821828	SL4.0ch10_27657862
chr10	15915732	SL4.0ch10_27565613
chr10	15965674	SL4.0ch10_27515736
chr10	16011152	SL4.0ch10_27475032
chr10	16116258	SL4.0ch10_27369906
chr10	16134521	SL4.0ch10_27351646
chr10	16239264	SL4.0ch10_27239554
chr10	16345581	SL4.0ch10_27133176
chr10	16488008	SL4.0ch10_26998202
chr10	16489745	SL4.0ch10_26996465
chr10	16496950	SL4.0ch10_26989261
chr10	16508042	SL4.0ch10_26978201
chr10	16522825	SL4.0ch10_26963535
chr10	16594465	SL4.0ch10_26925495
chr10	16672584	SL4.0ch10_26847135
chr10	16707119	SL4.0ch10_26765561
chr10	16961226	SL4.0ch10_26493531
chr10	17048463	SL4.0ch10_26406790
chr10	17091795	SL4.0ch10_26363464
chr10	17184254	SL4.0ch10_26269270
chr10	17346863	SL4.0ch10_26117212
chr10	17409681	SL4.0ch10_26064927
chr10	17510738	SL4.0ch10_25968340
chr10	17533096	SL4.0ch10_25945981
chr10	17579354	SL4.0ch10_25899926
chr10	17619683	SL4.0ch10_25859479
chr10	17774332	SL4.0ch10_25731188
chr10	17872828	SL4.0ch10_25631728
chr10	17924646	SL4.0ch10_25583437
chr10	17980883	SL4.0ch10_25527253
chr10	18190035	SL4.0ch10_25427594
chr10	18204310	SL4.0ch10_25413313
chr10	18219795	SL4.0ch10_25397831
chr10	18751716	SL4.0ch10_12910404
chr10	18757065	SL4.0ch10_12915752
chr10	18852112	SL4.0ch10_13014512
chr10	18906701	SL4.0ch10_13069085
chr10	19020883	SL4.0ch10_13183820
chr10	19035705	SL4.0ch10_13198657
chr10	19073425	SL4.0ch10_13224640
chr10	19101720	SL4.0ch10_13252839
chr10	19143430	SL4.0ch10_13291546
chr10	19157617	SL4.0ch10_13305676
chr10	19348885	SL4.0ch10_13505164
chr10	19386084	SL4.0ch10_13542320
chr10	19419117	SL4.0ch10_13573154
chr10	19439185	SL4.0ch10_13593163
chr10	19511261	SL4.0ch10_13664908
chr10	19559458	SL4.0ch10_13706185
chr10	19685947	SL4.0ch10_13830233
chr10	19760625	SL4.0ch10_13904740
chr10	19848637	SL4.0ch10_13991479
chr10	19903922	SL4.0ch10_14046681
chr10	20043029	SL4.0ch10_14186423
chr10	20073670	SL4.0ch10_14215823
chr10	20157442	SL4.0ch10_14299641
chr10	20303937	SL4.0ch10_14432098
chr10	21108165	SL4.0ch10_14698091
chr10	21108870	SL4.0ch10_14698794
chr10	21115484	SL4.0ch10_14705277
chr10	21129192	SL4.0ch10_14718730
chr10	21186686	SL4.0ch10_14739452
chr10	21212746	SL4.0ch10_14792121
chr10	21311134	SL4.0ch10_14973033
chr10	21324079	SL4.0ch10_14985995
chr10	21430926	SL4.0ch10_15094985
chr10	21803450	SL4.0ch10_15549538
chr10	21921603	SL4.0ch10_15612740
chr10	21989945	SL4.0ch10_15679284
chr10	22094230	SL4.0ch10_16884945
chr10	22225508	SL4.0ch10_16751283
chr10	22268956	SL4.0ch10_16707815
chr10	22288076	SL4.0ch10_16688707
chr10	22291235	SL4.0ch10_16685548
chr10	22304190	SL4.0ch10_16672586
chr10	22468551	SL4.0ch10_16637807
chr10	22662546	SL4.0ch10_16485595
chr10	22736909	SL4.0ch10_16429677
chr10	22757546	SL4.0ch10_16411269
chr10	22815233	SL4.0ch10_16350279
chr10	22898651	SL4.0ch10_16275232
chr10	22913308	SL4.0ch10_16260563
chr10	22941242	SL4.0ch10_16232607
chr10	22943623	SL4.0ch10_16230226
chr10	22951125	SL4.0ch10_16222722
chr10	22995478	SL4.0ch10_16178335
chr10	23033054	SL4.0ch10_16140798
chr10	23056341	SL4.0ch10_16124620
chr10	23068574	SL4.0ch10_16112386
chr10	23090412	SL4.0ch10_16097537
chr10	23092054	SL4.0ch10_16095895
chr10	23121896	SL4.0ch10_16066115
chr10	23135126	SL4.0ch10_16058672
chr10	23318117	SL4.0ch10_15873194
chr10	23349229	SL4.0ch10_15842588
chr10	23428362	SL4.0ch10_15763817
chr10	23517585	SL4.0ch10_16987470
chr10	23519534	SL4.0ch10_16989516
chr10	23545103	SL4.0ch10_17014916
chr10	23635008	SL4.0ch10_17104713
chr10	23677571	SL4.0ch10_17147256
chr10	23720732	SL4.0ch10_17198070
chr10	23830324	SL4.0ch10_17297808
chr10	23894753	SL4.0ch10_17362067
chr10	24012325	SL4.0ch10_17480986
chr10	24091157	SL4.0ch10_17558685
chr10	24187861	SL4.0ch10_17654980
chr10	24396185	SL4.0ch10_17856223
chr10	24472971	SL4.0ch10_17932646
chr10	24644651	SL4.0ch10_18104049
chr10	24706128	SL4.0ch10_18165325
chr10	24813325	SL4.0ch10_18272617
chr10	24847760	SL4.0ch10_18307027
chr10	24987632	SL4.0ch10_18447638
chr10	25160007	SL4.0ch10_18619809
chr10	25231804	SL4.0ch10_18692416
chr10	25264642	SL4.0ch10_18725201
chr10	25363522	SL4.0ch10_18832568
chr10	25410135	SL4.0ch10_18879154
chr10	25562051	SL4.0ch10_19031199
chr10	25572418	SL4.0ch10_19042215
chr10	25754162	SL4.0ch10_19222080
chr10	25762678	SL4.0ch10_19229494
chr10	25806624	SL4.0ch10_19278876
chr10	25914807	SL4.0ch10_19386303
chr10	26003714	SL4.0ch10_19493668
chr10	26150727	SL4.0ch10_19669709
chr10	26254951	SL4.0ch10_19770772
chr10	26274072	SL4.0ch10_19789906
chr10	26317847	SL4.0ch10_19843430
chr10	26477553	SL4.0ch10_20000014
chr10	26491698	SL4.0ch10_20014136
chr10	26555344	SL4.0ch10_20077855
chr10	26612131	SL4.0ch10_20134664
chr10	26739711	SL4.0ch10_20261957
chr10	26742162	SL4.0ch10_20264408
chr10	26795840	SL4.0ch10_20329077
chr10	26906740	SL4.0ch10_20439487
chr10	26920759	SL4.0ch10_20453515
chr10	26935663	SL4.0ch10_20468416
chr10	26956277	SL4.0ch10_20502396
chr10	27082897	SL4.0ch10_20559994
chr10	27108159	SL4.0ch10_20585251
chr10	27183790	SL4.0ch10_20660433
chr10	27212968	SL4.0ch10_20689163
chr10	27267626	SL4.0ch10_20743813
chr10	27330578	SL4.0ch10_20806759
chr10	27355842	SL4.0ch10_20832012
chr10	27362221	SL4.0ch10_20838393
chr10	27483174	SL4.0ch10_20959393
chr10	27496377	SL4.0ch10_20972632
chr10	27596037	SL4.0ch10_21072361
chr10	27692942	SL4.0ch10_21170266
chr10	27698489	SL4.0ch10_21175807
chr10	27721496	SL4.0ch10_21195644
chr10	27832247	SL4.0ch10_21255437
chr10	27871902	SL4.0ch10_21305657
chr10	27897121	SL4.0ch10_21330907
chr10	27989241	SL4.0ch10_21413403
chr10	27990028	SL4.0ch10_21414190
chr10	28133764	SL4.0ch10_21557579
chr10	28149579	SL4.0ch10_21573349
chr10	28171745	SL4.0ch10_21595461
chr10	28602621	SL4.0ch10_21619292
chr10	28736919	SL4.0ch10_22896029
chr10	28756096	SL4.0ch10_22876858
chr10	28780398	SL4.0ch10_22852564
chr10	28785935	SL4.0ch10_22846442
chr10	28882731	SL4.0ch10_21755962
chr10	28945728	SL4.0ch10_21820179
chr10	29153022	SL4.0ch10_22006658
chr10	29189324	SL4.0ch10_22048620
chr10	29196240	SL4.0ch10_22055536
chr10	29253255	SL4.0ch10_22112612
chr10	29306069	SL4.0ch10_22177098
chr10	29340416	SL4.0ch10_22211385
chr10	29442699	SL4.0ch10_22314843
chr10	29514006	SL4.0ch10_22382605
chr10	29529603	SL4.0ch10_22398192
chr10	29621221	SL4.0ch10_22491509
chr10	29685676	SL4.0ch10_22555826
chr10	29728055	SL4.0ch10_22598275
chr10	29755503	SL4.0ch10_22635482
chr10	29888855	SL4.0ch10_22752117
chr10	29983794	SL4.0ch10_22979631
chr10	30015588	SL4.0ch10_23011331
chr10	30072484	SL4.0ch10_23067884
chr10	30089842	SL4.0ch10_23091464
chr10	30175212	SL4.0ch10_23171776
chr10	30226345	SL4.0ch10_23222872
chr10	30340053	SL4.0ch10_23312381
chr10	30367653	SL4.0ch10_23347606
chr10	30460253	SL4.0ch10_23439440
chr10	30480619	SL4.0ch10_23459796
chr10	30482873	SL4.0ch10_23462050
chr10	30604617	SL4.0ch10_23577740
chr10	30697437	SL4.0ch10_23669717
chr10	30850943	SL4.0ch10_23838718
chr10	31045190	SL4.0ch10_24040413
chr10	31132593	SL4.0ch10_24135809
chr10	31208544	SL4.0ch10_24213936
chr10	31210970	SL4.0ch10_24216337
chr10	31212850	SL4.0ch10_24218219
chr10	31304716	SL4.0ch10_24309485
chr10	31391846	SL4.0ch10_24396783
chr10	31413589	SL4.0ch10_24418516
chr10	31416531	SL4.0ch10_24421456
chr10	31422609	SL4.0ch10_24466531
chr10	31426465	SL4.0ch10_24470386
chr10	31428678	SL4.0ch10_24472600
chr10	31479905	SL4.0ch10_24523818
chr10	31567982	SL4.0ch10_24594134
chr10	31591853	SL4.0ch10_24617875
chr10	31592269	SL4.0ch10_24618291
chr10	31640397	SL4.0ch10_24666504
chr10	31896619	SL4.0ch10_24910130
chr10	31917333	SL4.0ch10_24930787
chr10	31922584	SL4.0ch10_24936038
chr10	31977663	SL4.0ch10_24990808
chr10	31983170	SL4.0ch10_24996317
chr10	31986049	SL4.0ch10_24999194
chr10	32001194	SL4.0ch10_25014336
chr10	32003024	SL4.0ch10_25016155
chr10	32041456	SL4.0ch10_25054436
chr10	32057364	SL4.0ch10_25070993
chr10	32078011	SL4.0ch10_25091673
chr10	32124835	SL4.0ch10_25148186
chr10	32272000	SL4.0ch10_12708223
chr10	32335911	SL4.0ch10_12644328
chr10	32388402	SL4.0ch10_12592723
chr10	32449263	SL4.0ch10_12527549
chr10	32471377	SL4.0ch10_12505599
chr10	32632764	SL4.0ch10_12344885
chr10	32724652	SL4.0ch10_12253022
chr10	32867215	SL4.0ch10_12103053
chr10	33139390	SL4.0ch10_11838500
chr10	33274597	SL4.0ch10_11703337
chr10	33362729	SL4.0ch10_11615420
chr10	33398928	SL4.0ch10_11572189
chr10	33405782	SL4.0ch10_11565335
chr10	33437244	SL4.0ch10_11533952
chr10	33576201	SL4.0ch10_11395268
chr10	33755655	SL4.0ch10_11220790
chr10	33792577	SL4.0ch10_11183874
chr10	33909500	SL4.0ch10_11056697
chr10	33960126	SL4.0ch10_11007346
chr10	34010295	SL4.0ch10_10899783
chr10	34170938	SL4.0ch10_10739047
chr10	34312912	SL4.0ch10_10601557
chr10	34364474	SL4.0ch10_10550069
chr10	34544265	SL4.0ch10_10384408
chr10	34658147	SL4.0ch10_10270561
chr10	34986084	SL4.0ch10_9949390
chr10	35098871	SL4.0ch10_9836558
chr10	35151939	SL4.0ch10_9783528
chr10	35191577	SL4.0ch10_9743935
chr10	35334035	SL4.0ch10_9601694
chr10	35361039	SL4.0ch10_9574704
chr10	35408845	SL4.0ch10_9527096
chr10	35541565	SL4.0ch10_9431414
chr10	35601455	SL4.0ch10_9371305
chr10	35666431	SL4.0ch10_9306334
chr10	35686807	SL4.0ch10_9285961
chr10	35697790	SL4.0ch10_9274982
chr10	35820577	SL4.0ch10_9166734
chr10	35835080	SL4.0ch10_9152234
chr10	35942984	SL4.0ch10_9048989
chr10	36040850	SL4.0ch10_8942781
chr10	36118526	SL4.0ch10_8864745
chr10	36174967	SL4.0ch10_8808518
chr10	36459939	SL4.0ch10_8530074
chr10	36538738	SL4.0ch10_8450904
chr10	36659031	SL4.0ch10_8330814
chr10	36794021	SL4.0ch10_8195040
chr10	36795965	SL4.0ch10_8193096
chr10	36806662	SL4.0ch10_8182834
chr10	36807463	SL4.0ch10_8182032
chr10	36808651	SL4.0ch10_8180850
chr10	36828778	SL4.0ch10_8153495
chr10	36912068	SL4.0ch10_8070413
chr10	36991617	SL4.0ch10_7991147
chr10	37199049	SL4.0ch10_7839009
chr10	37247897	SL4.0ch10_7790106
chr10	37250071	SL4.0ch10_7787933
chr10	37393514	SL4.0ch10_7643385
chr10	37464890	SL4.0ch10_7572042
chr10	37468086	SL4.0ch10_7568920
chr10	37589967	SL4.0ch10_7445556
chr10	37612484	SL4.0ch10_7423075
chr10	37630572	SL4.0ch10_7404987
chr10	37715393	SL4.0ch10_7320437
chr10	37747169	SL4.0ch10_7288655
chr10	37875624	SL4.0ch10_7159040
chr10	37879565	SL4.0ch10_7155060
chr10	37924040	SL4.0ch10_7115297
chr10	37929040	SL4.0ch10_7110300
chr10	37979298	SL4.0ch10_7059986
chr10	37980512	SL4.0ch10_7058772
chr10	38007424	SL4.0ch10_7031892
chr10	38016464	SL4.0ch10_7022867
chr10	38017731	SL4.0ch10_7021601
chr10	38030400	SL4.0ch10_7008932
chr10	38030807	SL4.0ch10_7008525
chr10	38030954	SL4.0ch10_7008378
chr10	38033248	SL4.0ch10_7006087
chr10	38048617	SL4.0ch10_6990893
chr10	38048744	SL4.0ch10_6990766
chr10	38050098	SL4.0ch10_6989412
chr10	38050297	SL4.0ch10_6989213
chr10	38162099	SL4.0ch10_6872113
chr10	38286492	SL4.0ch10_6750646
chr10	38408439	SL4.0ch10_6628652
chr10	38416004	SL4.0ch10_6621057
chr10	38440730	SL4.0ch10_6596381
chr10	38496257	SL4.0ch10_6540918
chr10	38507081	SL4.0ch10_6530046
chr10	38509987	SL4.0ch10_6527128
chr10	38512555	SL4.0ch10_6524713
chr10	38572656	SL4.0ch10_6464571
chr10	38574212	SL4.0ch10_6463013
chr10	38574418	SL4.0ch10_6462807
chr10	38611738	SL4.0ch10_6431807
chr10	38615679	SL4.0ch10_6427866
chr10	38626178	SL4.0ch10_6417367
chr10	38626318	SL4.0ch10_6417227
chr10	38626439	SL4.0ch10_6417106
chr10	38626684	SL4.0ch10_6416861
chr10	38626925	SL4.0ch10_6416620
chr10	38645467	SL4.0ch10_6398094
chr10	38651722	SL4.0ch10_6391884
chr10	38653702	SL4.0ch10_6389906
chr10	38682476	SL4.0ch10_6361224
chr10	38832565	SL4.0ch10_6216592
chr10	38939627	SL4.0ch10_6109273
chr10	39006899	SL4.0ch10_6037406
chr10	39113040	SL4.0ch10_5922928
chr10	39136208	SL4.0ch10_5899762
chr10	39143310	SL4.0ch10_5892646
chr10	39155941	SL4.0ch10_5880010
chr10	39159291	SL4.0ch10_5876659
chr10	39161138	SL4.0ch10_5874812
chr10	39171830	SL4.0ch10_5864072
chr10	39180626	SL4.0ch10_5855273
chr10	39220635	SL4.0ch10_5816160
chr10	39289502	SL4.0ch10_5784649
chr10	39408963	SL4.0ch10_5671415
chr10	39445414	SL4.0ch10_5633583
chr10	39449971	SL4.0ch10_5628991
chr10	39451775	SL4.0ch10_5627186
chr10	39512806	SL4.0ch10_5566070
chr10	39513541	SL4.0ch10_5565335
chr10	39526142	SL4.0ch10_5552751
chr10	39536762	SL4.0ch10_5542111
chr10	39550152	SL4.0ch10_5528666
chr10	39667450	SL4.0ch10_5460541
chr10	39675046	SL4.0ch10_5452937
chr10	39758290	SL4.0ch10_5367397
chr10	39778432	SL4.0ch10_5345898
chr10	39821972	SL4.0ch10_5291890
chr10	39845957	SL4.0ch10_5267930
chr10	39869887	SL4.0ch10_5243885
chr10	39910616	SL4.0ch10_5208844
chr10	39922264	SL4.0ch10_5197204
chr10	39935262	SL4.0ch10_5184114
chr10	39940665	SL4.0ch10_5178711
chr10	39944710	SL4.0ch10_5168617
chr10	39959367	SL4.0ch10_5153933
chr10	39983275	SL4.0ch10_5129929
chr10	39999215	SL4.0ch10_5114032
chr10	40027567	SL4.0ch10_5085498
chr10	40037842	SL4.0ch10_5075218
chr10	40058744	SL4.0ch10_5054343
chr10	40112232	SL4.0ch10_5000910
chr10	40184084	SL4.0ch10_4929265
chr10	40196801	SL4.0ch10_4916549
chr10	40243594	SL4.0ch10_4874830
chr10	40249493	SL4.0ch10_4868950
chr10	40305837	SL4.0ch10_4813486
chr10	40319121	SL4.0ch10_4800141
chr10	40393486	SL4.0ch10_4725816
chr10	40544989	SL4.0ch10_37855790
chr10	40670063	SL4.0ch10_37980623
chr10	40673279	SL4.0ch10_37983794
chr10	40736639	SL4.0ch10_38046815
chr10	40857925	SL4.0ch10_38173160
chr10	40882033	SL4.0ch10_38197249
chr10	40913703	SL4.0ch10_38229058
chr10	40950729	SL4.0ch10_38266048
chr10	41034049	SL4.0ch10_38349476
chr10	41102917	SL4.0ch10_38418483
chr10	41188609	SL4.0ch10_38498733
chr10	41207361	SL4.0ch10_38517522
chr10	41237358	SL4.0ch10_38547443
chr10	41330189	SL4.0ch10_38647412
chr10	41375123	SL4.0ch10_38691980
chr10	41396089	SL4.0ch10_38712950
chr10	41458053	SL4.0ch10_38774998
chr10	41546583	SL4.0ch10_38863512
chr10	41568766	SL4.0ch10_38885696
chr10	41602019	SL4.0ch10_38918982
chr10	41622475	SL4.0ch10_38939425
chr10	41727335	SL4.0ch10_39043985
chr10	41881668	SL4.0ch10_39197083
chr10	41886542	SL4.0ch10_39201959
chr10	41908006	SL4.0ch10_39223468
chr10	42000979	SL4.0ch10_39317688
chr10	42109450	SL4.0ch10_39419771
chr10	42249871	SL4.0ch10_39559943
chr10	42279552	SL4.0ch10_39589710
chr10	42389938	SL4.0ch10_39696752
chr10	42422514	SL4.0ch10_39729340
chr10	42441915	SL4.0ch10_39750245
chr10	42443228	SL4.0ch10_39751558
chr10	42445867	SL4.0ch10_39754197
chr10	42448298	SL4.0ch10_39756625
chr10	42460632	SL4.0ch10_39768959
chr10	42488135	SL4.0ch10_39796488
chr10	42491771	SL4.0ch10_39800122
chr10	42713826	SL4.0ch10_40021453
chr10	42730099	SL4.0ch10_40037702
chr10	42779674	SL4.0ch10_40087317
chr10	42815275	SL4.0ch10_40123031
chr10	42883142	SL4.0ch10_40191321
chr10	43095744	SL4.0ch10_41101965
chr10	43183900	SL4.0ch10_41013814
chr10	43224474	SL4.0ch10_40973386
chr10	43311501	SL4.0ch10_40886279
chr10	43313765	SL4.0ch10_40884015
chr10	43390656	SL4.0ch10_40806990
chr10	43496176	SL4.0ch10_40704426
chr10	43532883	SL4.0ch10_40667832
chr10	43581450	SL4.0ch10_40619373
chr10	43729147	SL4.0ch10_40488323
chr10	43809814	SL4.0ch10_40407710
chr10	43972991	SL4.0ch10_40244509
chr10	44399803	SL4.0ch10_41201798
chr10	44561375	SL4.0ch10_41353474
chr10	44654025	SL4.0ch10_41446040
chr10	44686971	SL4.0ch10_41479886
chr10	44715808	SL4.0ch10_41508647
chr10	44851630	SL4.0ch10_41644386
chr10	45117240	SL4.0ch10_41909073
chr10	45132703	SL4.0ch10_41924518
chr10	45347327	SL4.0ch10_42138458
chr10	45432337	SL4.0ch10_42223386
chr10	45543336	SL4.0ch10_42334316
chr10	45644620	SL4.0ch10_42435683
chr10	45705442	SL4.0ch10_42475975
chr10	45713079	SL4.0ch10_42483611
chr10	45778340	SL4.0ch10_42548170
chr10	45829641	SL4.0ch10_42599458
chr10	45873865	SL4.0ch10_42643690
chr10	45876375	SL4.0ch10_42646200
chr10	45878566	SL4.0ch10_42648390
chr10	45992544	SL4.0ch10_42762504
chr10	46085080	SL4.0ch10_42855221
chr10	46122436	SL4.0ch10_42892563
chr10	46146628	SL4.0ch10_42916716
chr10	46152229	SL4.0ch10_42922316
chr10	46377807	SL4.0ch10_43163130
chr10	46412269	SL4.0ch10_43197555
chr10	46642964	SL4.0ch10_43438043
chr10	46699849	SL4.0ch10_43494766
chr10	46833810	SL4.0ch10_43680247
chr10	47073801	SL4.0ch10_43964995
chr10	47096891	SL4.0ch10_44094187
chr10	47117380	SL4.0ch10_44073581
chr10	47225203	SL4.0ch10_44106579
chr10	47232847	SL4.0ch10_44114251
chr10	47427695	SL4.0ch10_45790510
chr10	47428398	SL4.0ch10_45789819
chr10	47448101	SL4.0ch10_45728856
chr10	47550546	SL4.0ch10_45626866
chr10	47630300	SL4.0ch10_45557099
chr10	47632177	SL4.0ch10_45555221
chr10	47633680	SL4.0ch10_45553718
chr10	47695189	SL4.0ch10_45498579
chr10	47751817	SL4.0ch10_45442098
chr10	47756674	SL4.0ch10_45437273
chr10	47933551	SL4.0ch10_45278019
chr10	48039852	SL4.0ch10_45177207
chr10	48057850	SL4.0ch10_45159158
chr10	48228447	SL4.0ch10_45093867
chr10	48237315	SL4.0ch10_45083898
chr10	48241161	SL4.0ch10_45079963
chr10	48245938	SL4.0ch10_45075149
chr10	48258317	SL4.0ch10_45062767
chr10	48272560	SL4.0ch10_45048513
chr10	48279297	SL4.0ch10_45041783
chr10	48287391	SL4.0ch10_45033713
chr10	48457027	SL4.0ch10_44879699
chr10	48489661	SL4.0ch10_44847299
chr10	48711414	SL4.0ch10_44627135
chr10	48812548	SL4.0ch10_44509592
chr10	48838988	SL4.0ch10_44483072
chr10	48863345	SL4.0ch10_44458677
chr10	48943306	SL4.0ch10_44378947
chr10	48945558	SL4.0ch10_44376695
chr10	49029761	SL4.0ch10_44292746
chr10	49050265	SL4.0ch10_44268299
chr10	49076145	SL4.0ch10_44247083
chr10	49084142	SL4.0ch10_44239239
chr10	49107720	SL4.0ch10_44215622
chr10	49192400	SL4.0ch10_45922227
chr10	49276668	SL4.0ch10_46008513
chr10	49295265	SL4.0ch10_46027117
chr10	49426349	SL4.0ch10_46147920
chr10	49427131	SL4.0ch10_46148704
chr10	49428508	SL4.0ch10_46150080
chr10	49557347	SL4.0ch10_46266318
chr10	49707841	SL4.0ch10_46424647
chr10	49712360	SL4.0ch10_46429981
chr10	49715174	SL4.0ch10_46432820
chr10	49822341	SL4.0ch10_46528638
chr10	49964726	SL4.0ch10_46706103
chr10	50056958	SL4.0ch10_46799008
chr10	50249865	SL4.0ch10_46931986
chr10	50324299	SL4.0ch10_47006610
chr10	50349679	SL4.0ch10_47031093
chr10	50431056	SL4.0ch10_47126072
chr10	50509502	SL4.0ch10_47205081
chr10	50535489	SL4.0ch10_47231067
chr10	50662829	SL4.0ch10_47331077
chr10	50687111	SL4.0ch10_47355395
chr10	50702402	SL4.0ch10_47370679
chr10	50732854	SL4.0ch10_47401106
chr10	50753799	SL4.0ch10_47422052
chr10	50900648	SL4.0ch10_47567010
chr10	50904027	SL4.0ch10_47570372
chr10	50982723	SL4.0ch10_47930149
chr10	50982801	SL4.0ch10_47930071
chr10	51240064	SL4.0ch10_47684762
chr10	51326119	SL4.0ch10_47598692
chr10	51404714	SL4.0ch10_48058584
chr10	51427283	SL4.0ch10_48081227
chr10	51437376	SL4.0ch10_48092783
chr10	51576835	SL4.0ch10_48232022
chr10	51671817	SL4.0ch10_48310370
chr10	51932833	SL4.0ch10_48564627
chr10	51970089	SL4.0ch10_48607429
chr10	52133533	SL4.0ch10_48739594
chr10	52173700	SL4.0ch10_48779732
chr10	52259835	SL4.0ch10_48864764
chr10	52263927	SL4.0ch10_48868885
chr10	52274596	SL4.0ch10_48879610
chr10	52298869	SL4.0ch10_48903955
chr10	52301143	SL4.0ch10_48906230
chr10	52314403	SL4.0ch10_48919528
chr10	52383987	SL4.0ch10_48989031
chr10	52424243	SL4.0ch10_49029258
chr10	52518965	SL4.0ch10_49124427
chr10	52551569	SL4.0ch10_49157021
chr10	52552417	SL4.0ch10_49157869
chr10	52645369	SL4.0ch10_49250070
chr10	52733617	SL4.0ch10_49348042
chr10	52753195	SL4.0ch10_49367619
chr10	53196115	SL4.0ch10_49825138
chr10	53201198	SL4.0ch10_49830220
chr10	53288522	SL4.0ch10_49912667
chr10	53370463	SL4.0ch10_49994576
chr10	53395117	SL4.0ch10_50019210
chr10	53419717	SL4.0ch10_50043780
chr10	53429363	SL4.0ch10_50060274
chr10	53448358	SL4.0ch10_50087012
chr10	53649776	SL4.0ch10_50269883
chr10	53652287	SL4.0ch10_50272400
chr10	53669798	SL4.0ch10_50280584
chr10	53675708	SL4.0ch10_50286494
chr10	53760922	SL4.0ch10_50371726
chr10	53785299	SL4.0ch10_50396142
chr10	53893242	SL4.0ch10_50493724
chr10	53920620	SL4.0ch10_50521088
chr10	53960865	SL4.0ch10_50569314
chr10	53965804	SL4.0ch10_50574277
chr10	53969979	SL4.0ch10_50578443
chr10	53975400	SL4.0ch10_50583825
chr10	54074691	SL4.0ch10_50672257
chr10	54084519	SL4.0ch10_50688211
chr10	54093385	SL4.0ch10_50693196
chr10	54198796	SL4.0ch10_50807072
chr10	54199194	SL4.0ch10_50807470
chr10	54209201	SL4.0ch10_50817433
chr10	54356546	SL4.0ch10_50966118
chr10	54445007	SL4.0ch10_51054612
chr10	54469043	SL4.0ch10_51078401
chr10	54584973	SL4.0ch10_51192215
chr10	54725821	SL4.0ch10_51343366
chr10	54754785	SL4.0ch10_51372358
chr10	54855824	SL4.0ch10_51473135
chr10	54870084	SL4.0ch10_51526763
chr10	54870677	SL4.0ch10_51527359
chr10	54916709	SL4.0ch10_51573672
chr10	54932474	SL4.0ch10_51583185
chr10	55039815	SL4.0ch10_51690532
chr10	55091056	SL4.0ch10_51742477
chr10	55092355	SL4.0ch10_51743777
chr10	55093217	SL4.0ch10_51744641
chr10	55103148	SL4.0ch10_51754588
chr10	55122455	SL4.0ch10_51773833
chr10	55140467	SL4.0ch10_51791848
chr10	55161342	SL4.0ch10_51812735
chr10	55200944	SL4.0ch10_51852764
chr10	55227902	SL4.0ch10_51879696
chr10	55287297	SL4.0ch10_51912953
chr10	55293844	SL4.0ch10_51919496
chr10	55305501	SL4.0ch10_51931114
chr10	55331458	SL4.0ch10_51952204
chr10	55348791	SL4.0ch10_51969631
chr10	55369077	SL4.0ch10_51989972
chr10	55379422	SL4.0ch10_52000306
chr10	55451000	SL4.0ch10_52071962
chr10	55452194	SL4.0ch10_52073155
chr10	55453815	SL4.0ch10_52074776
chr10	55596956	SL4.0ch10_52218296
chr10	55609117	SL4.0ch10_52230449
chr10	55612781	SL4.0ch10_52234113
chr10	55637093	SL4.0ch10_52258570
chr10	55670419	SL4.0ch10_52291875
chr10	55675331	SL4.0ch10_52296785
chr10	55700297	SL4.0ch10_52320410
chr10	55730212	SL4.0ch10_52361672
chr10	55738731	SL4.0ch10_52370187
chr10	55758617	SL4.0ch10_52390094
chr10	55771898	SL4.0ch10_52403375
chr10	55772582	SL4.0ch10_52404059
chr10	55784380	SL4.0ch10_52415843
chr10	55822333	SL4.0ch10_52453587
chr10	55854882	SL4.0ch10_52486137
chr10	55855386	SL4.0ch10_52486641
chr10	55856046	SL4.0ch10_52487301
chr10	55882186	SL4.0ch10_52513396
chr10	55889387	SL4.0ch10_52520601
chr10	55896433	SL4.0ch10_52527028
chr10	55901635	SL4.0ch10_52532229
chr10	55911560	SL4.0ch10_52542163
chr10	55923669	SL4.0ch10_52554271
chr10	55924695	SL4.0ch10_52555297
chr10	55925991	SL4.0ch10_52556593
chr10	55929720	SL4.0ch10_52560321
chr10	55949156	SL4.0ch10_52580360
chr10	56053362	SL4.0ch10_52683771
chr10	56054748	SL4.0ch10_52685157
chr10	56091387	SL4.0ch10_52721174
chr10	56161663	SL4.0ch10_52777722
chr10	56169299	SL4.0ch10_52785357
chr10	56171078	SL4.0ch10_52787136
chr10	56232866	SL4.0ch10_52848910
chr10	56237333	SL4.0ch10_52853377
chr10	56239868	SL4.0ch10_52855912
chr10	56247210	SL4.0ch10_52863085
chr10	56314189	SL4.0ch10_52930080
chr10	56389657	SL4.0ch10_53006569
chr10	56450380	SL4.0ch10_53066626
chr10	56455022	SL4.0ch10_53071268
chr10	56483074	SL4.0ch10_53099331
chr10	56489371	SL4.0ch10_53105687
chr10	56514492	SL4.0ch10_53130860
chr10	56593947	SL4.0ch10_53210322
chr10	56640040	SL4.0ch10_53256415
chr10	56643530	SL4.0ch10_53259905
chr10	56646084	SL4.0ch10_53266952
chr10	56646531	SL4.0ch10_53267399
chr10	56668939	SL4.0ch10_53292056
chr10	56679623	SL4.0ch10_53302494
chr10	56717382	SL4.0ch10_53343401
chr10	56736038	SL4.0ch10_53362034
chr10	56749418	SL4.0ch10_53375412
chr10	56755812	SL4.0ch10_53381805
chr10	56777568	SL4.0ch10_53403562
chr10	56815709	SL4.0ch10_53441555
chr10	56878275	SL4.0ch10_53503316
chr10	56878386	SL4.0ch10_53503427
chr10	56902000	SL4.0ch10_53526683
chr10	56910606	SL4.0ch10_53535285
chr10	56933243	SL4.0ch10_53557918
chr10	56953083	SL4.0ch10_53577757
chr10	56958701	SL4.0ch10_53583412
chr10	56963711	SL4.0ch10_53588420
chr10	56963814	SL4.0ch10_53588523
chr10	56965182	SL4.0ch10_53589892
chr10	56990710	SL4.0ch10_53615401
chr10	57010079	SL4.0ch10_53634755
chr10	57025061	SL4.0ch10_53649843
chr10	57040099	SL4.0ch10_53664913
chr10	57088040	SL4.0ch10_53712977
chr10	57150535	SL4.0ch10_53767971
chr10	57417971	SL4.0ch10_54043482
chr10	57623705	SL4.0ch10_54235478
chr10	57641562	SL4.0ch10_54253341
chr10	57652520	SL4.0ch10_54265192
chr10	57700595	SL4.0ch10_54312801
chr10	57710856	SL4.0ch10_54323072
chr10	57721359	SL4.0ch10_54333569
chr10	57852746	SL4.0ch10_54472476
chr10	57856462	SL4.0ch10_54476202
chr10	57870190	SL4.0ch10_54483124
chr10	57870459	SL4.0ch10_54483402
chr10	57870803	SL4.0ch10_54485912
chr10	57876894	SL4.0ch10_54492097
chr10	57899612	SL4.0ch10_54513620
chr10	57903439	SL4.0ch10_54517425
chr10	57978617	SL4.0ch10_54569582
chr10	57983546	SL4.0ch10_54574510
chr10	58007451	SL4.0ch10_54604720
chr10	58008284	SL4.0ch10_54605553
chr10	58018849	SL4.0ch10_54623227
chr10	58018970	SL4.0ch10_54623348
chr10	58070113	SL4.0ch10_54674589
chr10	58072938	SL4.0ch10_54682931
chr10	58087338	SL4.0ch10_54697326
chr10	58108951	SL4.0ch10_54719040
chr10	58125054	SL4.0ch10_54735101
chr10	58197723	SL4.0ch10_54807699
chr10	58217208	SL4.0ch10_54827182
chr10	58332836	SL4.0ch10_54895419
chr10	58333832	SL4.0ch10_54896415
chr10	58362780	SL4.0ch10_54925400
chr10	58399983	SL4.0ch10_54953860
chr10	58400206	SL4.0ch10_54954083
chr10	58408911	SL4.0ch10_54962785
chr10	58410931	SL4.0ch10_54965208
chr10	58450178	SL4.0ch10_55003410
chr10	58477899	SL4.0ch10_55030503
chr10	58481153	SL4.0ch10_55033773
chr10	58492837	SL4.0ch10_55045448
chr10	58569179	SL4.0ch10_55121771
chr10	58587524	SL4.0ch10_55140174
chr10	58598699	SL4.0ch10_55151354
chr10	58638350	SL4.0ch10_55191056
chr10	58675006	SL4.0ch10_55227578
chr10	58770905	SL4.0ch10_55315860
chr10	58792728	SL4.0ch10_55339738
chr10	58828261	SL4.0ch10_55375073
chr10	58917993	SL4.0ch10_55471940
chr10	58972452	SL4.0ch10_55526149
chr10	59011607	SL4.0ch10_55563092
chr10	59013120	SL4.0ch10_55564607
chr10	59013704	SL4.0ch10_55565192
chr10	59015985	SL4.0ch10_55567474
chr10	59031897	SL4.0ch10_55583385
chr10	59071214	SL4.0ch10_55622718
chr10	59142327	SL4.0ch10_55676292
chr10	59146940	SL4.0ch10_55680910
chr10	59148830	SL4.0ch10_55682800
chr10	59149612	SL4.0ch10_55683582
chr10	59150279	SL4.0ch10_55684247
chr10	59193148	SL4.0ch10_55714677
chr10	59212507	SL4.0ch10_55738559
chr10	59265227	SL4.0ch10_55794690
chr10	59309227	SL4.0ch10_55842681
chr10	59316797	SL4.0ch10_55850249
chr10	59360542	SL4.0ch10_55893798
chr10	59361937	SL4.0ch10_55895202
chr10	59363728	SL4.0ch10_55896993
chr10	59369574	SL4.0ch10_55902827
chr10	59369770	SL4.0ch10_55903021
chr10	59380901	SL4.0ch10_55907053
chr10	59383826	SL4.0ch10_55909977
chr10	59387859	SL4.0ch10_55913952
chr10	59425842	SL4.0ch10_55973075
chr10	59488063	SL4.0ch10_56044129
chr10	59507328	SL4.0ch10_56063303
chr10	59582010	SL4.0ch10_56144034
chr10	59596710	SL4.0ch10_56154851
chr10	59598417	SL4.0ch10_56156558
chr10	59604457	SL4.0ch10_56162707
chr10	59623603	SL4.0ch10_56181797
chr10	59639202	SL4.0ch10_56197426
chr10	59648402	SL4.0ch10_56206493
chr10	59698515	SL4.0ch10_56238556
chr10	59705338	SL4.0ch10_56245379
chr10	59716364	SL4.0ch10_56256383
chr10	59744854	SL4.0ch10_56293722
chr10	59757076	SL4.0ch10_56305910
chr10	59780834	SL4.0ch10_56329264
chr10	59802700	SL4.0ch10_56349594
chr10	59809511	SL4.0ch10_56356474
chr10	59825166	SL4.0ch10_56372090
chr10	59839410	SL4.0ch10_56386345
chr10	59880301	SL4.0ch10_56420710
chr10	59913915	SL4.0ch10_56453649
chr10	59924098	SL4.0ch10_56463844
chr10	59924992	SL4.0ch10_56464758
chr10	59974297	SL4.0ch10_56514159
chr10	60507969	SL4.0ch10_56713909
chr10	60532141	SL4.0ch10_56738152
chr10	60739069	SL4.0ch10_56962556
chr10	60796398	SL4.0ch10_57016697
chr10	60799971	SL4.0ch10_57020265
chr10	60805200	SL4.0ch10_57025467
chr10	60810148	SL4.0ch10_57035514
chr10	60845023	SL4.0ch10_57070425
chr10	60923914	SL4.0ch10_57145312
chr10	60936735	SL4.0ch10_57158148
chr10	60946783	SL4.0ch10_57168191
chr10	60949911	SL4.0ch10_57171238
chr10	60983140	SL4.0ch10_57242192
chr10	61010623	SL4.0ch10_57262225
chr10	61017515	SL4.0ch10_57269147
chr10	61020843	SL4.0ch10_57272474
chr10	61023694	SL4.0ch10_57275332
chr10	61048478	SL4.0ch10_57293349
chr10	61071760	SL4.0ch10_57331484
chr10	61085249	SL4.0ch10_57344990
chr10	61095553	SL4.0ch10_57355290
chr10	61160791	SL4.0ch10_57440307
chr10	61162472	SL4.0ch10_57441987
chr10	61166319	SL4.0ch10_57445832
chr10	61167040	SL4.0ch10_57446563
chr10	61263408	SL4.0ch10_57553161
chr10	61294176	SL4.0ch10_57584036
chr10	61317424	SL4.0ch10_57607314
chr10	61356350	SL4.0ch10_57645840
chr10	61369247	SL4.0ch10_57658731
chr10	61369691	SL4.0ch10_57659177
chr10	61395357	SL4.0ch10_57684851
chr10	61400475	SL4.0ch10_57689978
chr10	61403208	SL4.0ch10_57692732
chr10	61422926	SL4.0ch10_57712363
chr10	61434158	SL4.0ch10_57723583
chr10	61457517	SL4.0ch10_57746959
chr10	61468038	SL4.0ch10_57757217
chr10	61471897	SL4.0ch10_57761083
chr10	61488769	SL4.0ch10_57777954
chr10	61538847	SL4.0ch10_57827674
chr10	61571270	SL4.0ch10_57881842
chr10	61595228	SL4.0ch10_57905819
chr10	61609175	SL4.0ch10_57924293
chr10	61663292	SL4.0ch10_57983620
chr10	61829434	SL4.0ch10_58092801
chr10	61853439	SL4.0ch10_58116676
chr10	61856552	SL4.0ch10_58119789
chr10	61872205	SL4.0ch10_58135806
chr10	61905391	SL4.0ch10_58174338
chr10	61924238	SL4.0ch10_58213762
chr10	61932828	SL4.0ch10_58222396
chr10	61935872	SL4.0ch10_58225391
chr10	61944452	SL4.0ch10_58234354
chr10	61991803	SL4.0ch10_58281679
chr10	61994042	SL4.0ch10_58283915
chr10	62029823	SL4.0ch10_58319686
chr10	62035066	SL4.0ch10_58329883
chr10	62097968	SL4.0ch10_58394861
chr10	62100199	SL4.0ch10_58397091
chr10	62110373	SL4.0ch10_58407264
chr10	62147282	SL4.0ch10_58444635
chr10	62160495	SL4.0ch10_58457948
chr10	62167244	SL4.0ch10_58464663
chr10	62184219	SL4.0ch10_58481441
chr10	62186589	SL4.0ch10_58486960
chr10	62195145	SL4.0ch10_58495532
chr10	62200283	SL4.0ch10_58500670
chr10	62218678	SL4.0ch10_58519050
chr10	62312518	SL4.0ch10_58607937
chr10	62365855	SL4.0ch10_58643369
chr10	62389403	SL4.0ch10_58667235
chr10	62406120	SL4.0ch10_58684221
chr10	62409702	SL4.0ch10_58689367
chr10	62414089	SL4.0ch10_58693747
chr10	62442331	SL4.0ch10_58721925
chr10	62444055	SL4.0ch10_58723650
chr10	62517120	SL4.0ch10_58790029
chr10	62536216	SL4.0ch10_58809215
chr10	62549964	SL4.0ch10_58822875
chr10	62556473	SL4.0ch10_58829357
chr10	62561681	SL4.0ch10_58834617
chr10	62579309	SL4.0ch10_58852278
chr10	62594420	SL4.0ch10_58878662
chr10	62598268	SL4.0ch10_58882488
chr10	62612161	SL4.0ch10_58896430
chr10	62631835	SL4.0ch10_58916203
chr10	62699959	SL4.0ch10_58984270
chr10	62708491	SL4.0ch10_58992802
chr10	62725128	SL4.0ch10_59009448
chr10	62734621	SL4.0ch10_59018944
chr10	62758485	SL4.0ch10_59042881
chr10	62768364	SL4.0ch10_59052755
chr10	62788208	SL4.0ch10_59072587
chr10	62832670	SL4.0ch10_59129950
chr10	62862456	SL4.0ch10_59159753
chr10	62899376	SL4.0ch10_59196660
chr10	62904955	SL4.0ch10_59202235
chr10	62911700	SL4.0ch10_59208598
chr10	62913776	SL4.0ch10_59210674
chr10	62969306	SL4.0ch10_59268218
chr10	63018307	SL4.0ch10_59317412
chr10	63088911	SL4.0ch10_59380452
chr10	63108196	SL4.0ch10_59399850
chr10	63128677	SL4.0ch10_59420323
chr10	63133568	SL4.0ch10_59425184
chr10	63139983	SL4.0ch10_59431601
chr10	63141389	SL4.0ch10_59433007
chr10	63144093	SL4.0ch10_59435697
chr10	63154467	SL4.0ch10_59446872
chr10	63164523	SL4.0ch10_59456877
chr10	63193625	SL4.0ch10_59485834
chr10	63194752	SL4.0ch10_59486961
chr10	63231968	SL4.0ch10_59523783
chr10	63261693	SL4.0ch10_59553332
chr10	63272331	SL4.0ch10_59563981
chr10	63297366	SL4.0ch10_59589148
chr10	63350928	SL4.0ch10_59640031
chr10	63368949	SL4.0ch10_59658104
chr10	63370384	SL4.0ch10_59659539
chr10	63387511	SL4.0ch10_59676992
chr10	63405657	SL4.0ch10_59699245
chr10	63482442	SL4.0ch10_59779259
chr10	63498853	SL4.0ch10_59795571
chr10	63505658	SL4.0ch10_59802472
chr10	63563833	SL4.0ch10_59860604
chr10	63577923	SL4.0ch10_59874696
chr10	63583474	SL4.0ch10_59880393
chr10	63626938	SL4.0ch10_59923815
chr10	63629474	SL4.0ch10_59931239
chr10	63633207	SL4.0ch10_59934977
chr10	63641922	SL4.0ch10_59943730
chr10	63644408	SL4.0ch10_59946214
chr10	63653216	SL4.0ch10_59955061
chr10	63685562	SL4.0ch10_59987301
chr10	63692699	SL4.0ch10_59994434
chr10	63701267	SL4.0ch10_60003033
chr10	63712865	SL4.0ch10_60014664
chr10	63768627	SL4.0ch10_60070562
chr10	63810660	SL4.0ch10_60112788
chr10	63817232	SL4.0ch10_60119360
chr10	63833398	SL4.0ch10_60135527
chr10	63846981	SL4.0ch10_60147919
chr10	63864115	SL4.0ch10_60165053
chr10	63875023	SL4.0ch10_60175963
chr10	63895463	SL4.0ch10_60196296
chr10	63898746	SL4.0ch10_60199556
chr10	63930866	SL4.0ch10_60231720
chr10	63971359	SL4.0ch10_60272522
chr10	63972273	SL4.0ch10_60273444
chr10	63972456	SL4.0ch10_60273627
chr10	63979352	SL4.0ch10_60282347
chr10	64024016	SL4.0ch10_60327029
chr10	64035778	SL4.0ch10_60338804
chr10	64083054	SL4.0ch10_60386135
chr10	64089736	SL4.0ch10_60393043
chr10	64113683	SL4.0ch10_60437623
chr10	64129217	SL4.0ch10_60453174
chr10	64132335	SL4.0ch10_60456301
chr10	64135514	SL4.0ch10_60459481
chr10	64162807	SL4.0ch10_60486586
chr10	64165232	SL4.0ch10_60489013
chr10	64208021	SL4.0ch10_60532190
chr10	64210360	SL4.0ch10_60534528
chr10	64227163	SL4.0ch10_60551262
chr10	64241258	SL4.0ch10_60565296
chr10	64249651	SL4.0ch10_60573739
chr10	64256153	SL4.0ch10_60580246
chr10	64316714	SL4.0ch10_60635423
chr10	64329009	SL4.0ch10_60647731
chr10	64378249	SL4.0ch10_60697236
chr10	64384357	SL4.0ch10_60703343
chr10	64405899	SL4.0ch10_60724797
chr10	64410393	SL4.0ch10_60729291
chr10	64411083	SL4.0ch10_60729981
chr10	64418054	SL4.0ch10_60736952
chr10	64439316	SL4.0ch10_60758163
chr10	64456629	SL4.0ch10_60774762
chr10	64516778	SL4.0ch10_60838566
chr10	64521770	SL4.0ch10_60843550
chr10	64537727	SL4.0ch10_60859496
chr10	64560890	SL4.0ch10_60882663
chr10	64598240	SL4.0ch10_60917855
chr10	64602461	SL4.0ch10_60922074
chr10	64632398	SL4.0ch10_60952055
chr10	64636913	SL4.0ch10_60956628
chr10	64695081	SL4.0ch10_61015045
chr10	64721599	SL4.0ch10_61041504
chr10	64761362	SL4.0ch10_61081259
chr10	64774308	SL4.0ch10_61094396
chr10	64794472	SL4.0ch10_61123220
chr10	64799184	SL4.0ch10_61127964
chr10	64848326	SL4.0ch10_61177141
chr10	64858825	SL4.0ch10_61187687
chr10	64909640	SL4.0ch10_61239360
chr10	64913165	SL4.0ch10_61242888
chr10	64926073	SL4.0ch10_61255823
chr10	64931803	SL4.0ch10_61261551
chr10	64942261	SL4.0ch10_61271929
chr10	64990710	SL4.0ch10_61320596
chr10	65013786	SL4.0ch10_61340271
chr10	65045948	SL4.0ch10_61372292
chr10	65062519	SL4.0ch10_61388828
chr10	65082630	SL4.0ch10_61408937
chr10	65094197	SL4.0ch10_61421065
chr10	65115980	SL4.0ch10_61442930
chr10	65130000	SL4.0ch10_61457053
chr10	65147919	SL4.0ch10_61474971
chr10	65169330	SL4.0ch10_61496430
chr10	65178196	SL4.0ch10_61505324
chr10	65188681	SL4.0ch10_61515745
chr10	65208264	SL4.0ch10_61535317
chr10	65210037	SL4.0ch10_61537074
chr10	65213576	SL4.0ch10_61540660
chr10	65224699	SL4.0ch10_61551730
chr10	65225431	SL4.0ch10_61552462
chr10	65247904	SL4.0ch10_61574883
chr10	65251044	SL4.0ch10_61577956
chr10	65256595	SL4.0ch10_61583584
chr10	65265035	SL4.0ch10_61592226
chr10	65276371	SL4.0ch10_61603482
chr10	65307199	SL4.0ch10_61634124
chr10	65334480	SL4.0ch10_61661011
chr10	65352121	SL4.0ch10_61678742
chr10	65382907	SL4.0ch10_61709515
chr10	65412349	SL4.0ch10_61739807
chr10	65466324	SL4.0ch10_61793909
chr10	65493850	SL4.0ch10_61826857
chr10	65503277	SL4.0ch10_61835608
chr10	65519759	SL4.0ch10_61852001
chr10	65537226	SL4.0ch10_61869453
chr10	65586988	SL4.0ch10_61919419
chr10	65593308	SL4.0ch10_61925742
chr10	65603443	SL4.0ch10_61935904
chr10	65657554	SL4.0ch10_61989224
chr10	65674558	SL4.0ch10_62006165
chr10	65705366	SL4.0ch10_62036864
chr10	65724907	SL4.0ch10_62056406
chr10	65738130	SL4.0ch10_62128077
chr10	65751167	SL4.0ch10_62143720
chr10	65751586	SL4.0ch10_62144139
chr10	65764716	SL4.0ch10_62157191
chr10	65778246	SL4.0ch10_62178686
chr10	65804451	SL4.0ch10_62204887
chr10	65843643	SL4.0ch10_62244169
chr10	65850502	SL4.0ch10_62251042
chr10	65857344	SL4.0ch10_62257878
chr10	65864684	SL4.0ch10_62265162
chr10	65885368	SL4.0ch10_62285790
chr10	65938279	SL4.0ch10_62337283
chr10	65976778	SL4.0ch10_62375954
chr10	65999894	SL4.0ch10_62399078
chr10	66007976	SL4.0ch10_62407124
chr10	66008749	SL4.0ch10_62407897
chr10	66015698	SL4.0ch10_62414849
chr10	66024790	SL4.0ch10_62423933
chr10	66056858	SL4.0ch10_62456324
chr10	66064637	SL4.0ch10_62464148
chr10	66076655	SL4.0ch10_62476224
chr10	66086009	SL4.0ch10_62485546
chr10	66148018	SL4.0ch10_62547137
chr10	66160378	SL4.0ch10_62559510
chr10	66184623	SL4.0ch10_62583867
chr10	66206771	SL4.0ch10_62605121
chr10	66265018	SL4.0ch10_62663148
chr10	66278292	SL4.0ch10_62676617
chr10	66298559	SL4.0ch10_62690924
chr10	66307111	SL4.0ch10_62699475
chr10	66309694	SL4.0ch10_62702058
chr10	66344570	SL4.0ch10_62736664
chr10	66377572	SL4.0ch10_62768774
chr10	66408790	SL4.0ch10_62800842
chr10	66412381	SL4.0ch10_62805092
chr10	66412534	SL4.0ch10_62805245
chr10	66412648	SL4.0ch10_62805359
chr10	66478535	SL4.0ch10_62872646
chr10	66481112	SL4.0ch10_62875220
chr10	66491178	SL4.0ch10_62885275
chr10	66523876	SL4.0ch10_62917989
chr10	66536385	SL4.0ch10_62930557
chr10	66555418	SL4.0ch10_62949182
chr10	66567987	SL4.0ch10_62961628
chr10	66570985	SL4.0ch10_62964626
chr10	66594251	SL4.0ch10_62987844
chr10	66621993	SL4.0ch10_63009440
chr10	66640957	SL4.0ch10_63028507
chr10	66666574	SL4.0ch10_63054130
chr10	66699136	SL4.0ch10_63083528
chr10	66709873	SL4.0ch10_63094203
chr10	66727128	SL4.0ch10_63111456
chr10	66729088	SL4.0ch10_63113416
chr10	66733305	SL4.0ch10_63117635
chr10	66779079	SL4.0ch10_63163349
chr10	66798142	SL4.0ch10_63182326
chr10	66877907	SL4.0ch10_63266053
chr10	66908357	SL4.0ch10_63296144
chr10	66933523	SL4.0ch10_63321209
chr10	66951567	SL4.0ch10_63338968
chr10	66979283	SL4.0ch10_63366641
chr10	67006767	SL4.0ch10_63393920
chr10	67017453	SL4.0ch10_63404589
chr10	67025188	SL4.0ch10_63412295
chr10	67059755	SL4.0ch10_63444930
chr10	67070078	SL4.0ch10_63455255
chr10	67096578	SL4.0ch10_63481716
chr10	67100908	SL4.0ch10_63485999
chr10	67109823	SL4.0ch10_63494704
chr10	67110537	SL4.0ch10_63495418
chr10	67132621	SL4.0ch10_63517411
chr10	67163505	SL4.0ch10_63548510
chr10	67201862	SL4.0ch10_63586802
chr10	67234417	SL4.0ch10_63615797
chr10	67245959	SL4.0ch10_63627367
chr10	67272517	SL4.0ch10_63659175
chr10	67279898	SL4.0ch10_63666622
chr10	67282682	SL4.0ch10_63669404
chr10	67302633	SL4.0ch10_63689086
chr10	67361035	SL4.0ch10_63747180
chr10	67368175	SL4.0ch10_63754319
chr10	67370532	SL4.0ch10_63756667
chr10	67386605	SL4.0ch10_63772743
chr10	67394546	SL4.0ch10_63780986
chr10	67427017	SL4.0ch10_63809072
chr10	67449955	SL4.0ch10_63833417
chr10	67463740	SL4.0ch10_63847195
chr10	67491950	SL4.0ch10_63875154
chr10	67531429	SL4.0ch10_63913887
chr10	67531966	SL4.0ch10_63914424
chr10	67545667	SL4.0ch10_63928647
chr10	67558331	SL4.0ch10_63941324
chr10	67582082	SL4.0ch10_63965406
chr10	67624092	SL4.0ch10_64022832
chr10	67626244	SL4.0ch10_64024986
chr10	67653343	SL4.0ch10_64051412
chr10	67659844	SL4.0ch10_64057949
chr10	67672246	SL4.0ch10_64070292
chr10	67681597	SL4.0ch10_64079606
chr10	67684183	SL4.0ch10_64082192
chr10	67688767	SL4.0ch10_64086776
chr10	67692899	SL4.0ch10_64090916
chr10	67705900	SL4.0ch10_64105768
chr10	67723322	SL4.0ch10_64123254
chr10	67743609	SL4.0ch10_64143518
chr10	67775452	SL4.0ch10_64175366
chr10	67777558	SL4.0ch10_64177473
chr10	67814714	SL4.0ch10_64215079
chr10	67851787	SL4.0ch10_64252254
chr10	67872235	SL4.0ch10_64272702
chr10	67894278	SL4.0ch10_64295052
chr10	67984226	SL4.0ch10_64385130
chr10	67990582	SL4.0ch10_64391619
chr10	68047098	SL4.0ch10_64447219
chr10	68051638	SL4.0ch10_64451765
chr10	68078180	SL4.0ch10_64478896
chr10	68100995	SL4.0ch10_64501703
chr10	68120068	SL4.0ch10_64521246
chr10	68123146	SL4.0ch10_64529195
chr10	68142182	SL4.0ch10_64538597
chr10	68143759	SL4.0ch10_64540174
chr10	68146086	SL4.0ch10_64542520
chr10	68153452	SL4.0ch10_64549696
chr10	68164539	SL4.0ch10_64565999
chr10	68197388	SL4.0ch10_64598962
chr10	68221210	SL4.0ch10_64622210
chr11	203905	SL4.0ch11_16658
chr11	206233	SL4.0ch11_18983
chr11	219500	SL4.0ch11_32247
chr11	276102	SL4.0ch11_88990
chr11	344844	SL4.0ch11_157778
chr11	344948	SL4.0ch11_157882
chr11	352426	SL4.0ch11_165350
chr11	358017	SL4.0ch11_170934
chr11	402333	SL4.0ch11_212746
chr11	415187	SL4.0ch11_225609
chr11	460588	SL4.0ch11_270942
chr11	531577	SL4.0ch11_341231
chr11	550620	SL4.0ch11_360181
chr11	554925	SL4.0ch11_364481
chr11	562023	SL4.0ch11_371185
chr11	564245	SL4.0ch11_373424
chr11	564768	SL4.0ch11_373947
chr11	574445	SL4.0ch11_383627
chr11	578644	SL4.0ch11_387826
chr11	582181	SL4.0ch11_391362
chr11	606003	SL4.0ch11_415229
chr11	607261	SL4.0ch11_416487
chr11	613875	SL4.0ch11_423101
chr11	690149	SL4.0ch11_487556
chr11	691661	SL4.0ch11_489068
chr11	695684	SL4.0ch11_493092
chr11	713061	SL4.0ch11_510472
chr11	713722	SL4.0ch11_511133
chr11	730279	SL4.0ch11_527956
chr11	784430	SL4.0ch11_582075
chr11	797126	SL4.0ch11_594749
chr11	847509	SL4.0ch11_645602
chr11	863092	SL4.0ch11_661185
chr11	872927	SL4.0ch11_671045
chr11	902736	SL4.0ch11_733265
chr11	902802	SL4.0ch11_733331
chr11	904706	SL4.0ch11_735235
chr11	931640	SL4.0ch11_761904
chr11	931997	SL4.0ch11_762261
chr11	944490	SL4.0ch11_774756
chr11	977240	SL4.0ch11_807617
chr11	979700	SL4.0ch11_810074
chr11	993787	SL4.0ch11_824171
chr11	1003841	SL4.0ch11_834219
chr11	1031895	SL4.0ch11_864434
chr11	1070486	SL4.0ch11_903651
chr11	1103053	SL4.0ch11_936495
chr11	1124781	SL4.0ch11_958247
chr11	1142313	SL4.0ch11_975804
chr11	1142382	SL4.0ch11_975873
chr11	1159962	SL4.0ch11_993458
chr11	1212807	SL4.0ch11_1046213
chr11	1224542	SL4.0ch11_1058650
chr11	1231711	SL4.0ch11_1065952
chr11	1273887	SL4.0ch11_1108075
chr11	1287286	SL4.0ch11_1121386
chr11	1293625	SL4.0ch11_1127722
chr11	1329515	SL4.0ch11_1164504
chr11	1367664	SL4.0ch11_1202677
chr11	1386105	SL4.0ch11_1221105
chr11	1387085	SL4.0ch11_1222085
chr11	1401144	SL4.0ch11_1228038
chr11	1403729	SL4.0ch11_1230645
chr11	1404036	SL4.0ch11_1230952
chr11	1418959	SL4.0ch11_1245695
chr11	1439819	SL4.0ch11_1265806
chr11	1451188	SL4.0ch11_1277164
chr11	1480176	SL4.0ch11_1306110
chr11	1513147	SL4.0ch11_1339135
chr11	1521228	SL4.0ch11_1347239
chr11	1524190	SL4.0ch11_1350202
chr11	1609005	SL4.0ch11_1431634
chr11	1638186	SL4.0ch11_1461940
chr11	1641555	SL4.0ch11_1465273
chr11	1644601	SL4.0ch11_1468310
chr11	1660822	SL4.0ch11_1484446
chr11	1664502	SL4.0ch11_1488125
chr11	1707002	SL4.0ch11_1530862
chr11	1718076	SL4.0ch11_1541964
chr11	1736010	SL4.0ch11_1559636
chr11	1745531	SL4.0ch11_1569170
chr11	1799179	SL4.0ch11_1622781
chr11	1837066	SL4.0ch11_1660706
chr11	1876833	SL4.0ch11_1699626
chr11	1878472	SL4.0ch11_1701265
chr11	1886461	SL4.0ch11_1708966
chr11	1892496	SL4.0ch11_1714983
chr11	1915205	SL4.0ch11_1737836
chr11	1935165	SL4.0ch11_1757902
chr11	1945461	SL4.0ch11_1768306
chr11	1972487	SL4.0ch11_1801082
chr11	1982263	SL4.0ch11_1810849
chr11	2029952	SL4.0ch11_1853634
chr11	2086192	SL4.0ch11_1909617
chr11	2096037	SL4.0ch11_1919461
chr11	2138588	SL4.0ch11_1963546
chr11	2141682	SL4.0ch11_1966642
chr11	2151220	SL4.0ch11_1976188
chr11	2154076	SL4.0ch11_1979055
chr11	2158124	SL4.0ch11_1983104
chr11	2171087	SL4.0ch11_1996002
chr11	2176460	SL4.0ch11_2001380
chr11	2183859	SL4.0ch11_2008783
chr11	2199912	SL4.0ch11_2024684
chr11	2212730	SL4.0ch11_2037503
chr11	2227829	SL4.0ch11_2053510
chr11	2244894	SL4.0ch11_2070664
chr11	2279729	SL4.0ch11_2105577
chr11	2303374	SL4.0ch11_2128792
chr11	2309924	SL4.0ch11_2135351
chr11	2324897	SL4.0ch11_2150250
chr11	2327085	SL4.0ch11_2152410
chr11	2327372	SL4.0ch11_2152697
chr11	2340973	SL4.0ch11_2166263
chr11	2353784	SL4.0ch11_2179057
chr11	2391975	SL4.0ch11_2217283
chr11	2397143	SL4.0ch11_2222434
chr11	2402829	SL4.0ch11_2228170
chr11	2431315	SL4.0ch11_2256627
chr11	2447639	SL4.0ch11_2273046
chr11	2478054	SL4.0ch11_2303421
chr11	2513562	SL4.0ch11_2339008
chr11	2604295	SL4.0ch11_2444760
chr11	2612168	SL4.0ch11_2452503
chr11	2664246	SL4.0ch11_2504908
chr11	2668622	SL4.0ch11_2509286
chr11	2674471	SL4.0ch11_2515130
chr11	2748028	SL4.0ch11_2562078
chr11	2812711	SL4.0ch11_2626847
chr11	2836663	SL4.0ch11_2651486
chr11	2866237	SL4.0ch11_2681288
chr11	2866936	SL4.0ch11_2681998
chr11	2880127	SL4.0ch11_2695126
chr11	2886353	SL4.0ch11_2701341
chr11	2893849	SL4.0ch11_2708814
chr11	2914197	SL4.0ch11_2727041
chr11	2924602	SL4.0ch11_2737445
chr11	2941685	SL4.0ch11_2755492
chr11	2942470	SL4.0ch11_2756277
chr11	2949948	SL4.0ch11_2763749
chr11	2969466	SL4.0ch11_2783344
chr11	2983846	SL4.0ch11_2797427
chr11	3015479	SL4.0ch11_2829021
chr11	3047746	SL4.0ch11_2860956
chr11	3068980	SL4.0ch11_2880218
chr11	3075072	SL4.0ch11_2886311
chr11	3121804	SL4.0ch11_2928030
chr11	3131188	SL4.0ch11_2937418
chr11	3154229	SL4.0ch11_2960466
chr11	3193917	SL4.0ch11_3000176
chr11	3204255	SL4.0ch11_3010482
chr11	3244123	SL4.0ch11_3050216
chr11	3251758	SL4.0ch11_3057869
chr11	3253292	SL4.0ch11_3059409
chr11	3253716	SL4.0ch11_3059833
chr11	3255519	SL4.0ch11_3061636
chr11	3264233	SL4.0ch11_3070156
chr11	3285064	SL4.0ch11_3090972
chr11	3290110	SL4.0ch11_3096053
chr11	3313513	SL4.0ch11_3119466
chr11	3339007	SL4.0ch11_3145136
chr11	3365189	SL4.0ch11_3171103
chr11	3373656	SL4.0ch11_3178761
chr11	3426206	SL4.0ch11_3231265
chr11	3429117	SL4.0ch11_3234124
chr11	3437825	SL4.0ch11_3242893
chr11	3470094	SL4.0ch11_3275287
chr11	3473136	SL4.0ch11_3278334
chr11	3483500	SL4.0ch11_3288602
chr11	3527693	SL4.0ch11_3333379
chr11	3548356	SL4.0ch11_3354047
chr11	3580423	SL4.0ch11_3386105
chr11	3596215	SL4.0ch11_3401858
chr11	3629547	SL4.0ch11_3435405
chr11	3630380	SL4.0ch11_3436238
chr11	3650566	SL4.0ch11_3443649
chr11	3662849	SL4.0ch11_3455945
chr11	3678246	SL4.0ch11_3476200
chr11	3679732	SL4.0ch11_3477682
chr11	3697092	SL4.0ch11_3495139
chr11	3726281	SL4.0ch11_3509560
chr11	3745783	SL4.0ch11_3532545
chr11	3772064	SL4.0ch11_3566020
chr11	3779295	SL4.0ch11_3573243
chr11	3786855	SL4.0ch11_3580795
chr11	3788465	SL4.0ch11_3582405
chr11	3795945	SL4.0ch11_3589884
chr11	3820115	SL4.0ch11_3613372
chr11	3836665	SL4.0ch11_3629946
chr11	3850279	SL4.0ch11_3643546
chr11	3891617	SL4.0ch11_3684904
chr11	3929050	SL4.0ch11_3722346
chr11	3939319	SL4.0ch11_3732616
chr11	3943736	SL4.0ch11_3737030
chr11	3944859	SL4.0ch11_3738153
chr11	3972970	SL4.0ch11_3764316
chr11	3998341	SL4.0ch11_3789822
chr11	4052206	SL4.0ch11_3858096
chr11	4082663	SL4.0ch11_3888587
chr11	4106875	SL4.0ch11_3908380
chr11	4120829	SL4.0ch11_3921527
chr11	4161724	SL4.0ch11_4020388
chr11	4166654	SL4.0ch11_4025303
chr11	4175485	SL4.0ch11_4034132
chr11	4253461	SL4.0ch11_4090174
chr11	4278016	SL4.0ch11_4112052
chr11	4285284	SL4.0ch11_4119250
chr11	4286647	SL4.0ch11_4120617
chr11	4287439	SL4.0ch11_4121448
chr11	4337907	SL4.0ch11_4171882
chr11	4386851	SL4.0ch11_4220893
chr11	4393670	SL4.0ch11_4227707
chr11	4407454	SL4.0ch11_4241530
chr11	4430807	SL4.0ch11_4264690
chr11	4434408	SL4.0ch11_4268635
chr11	4471589	SL4.0ch11_4303735
chr11	4485683	SL4.0ch11_4317777
chr11	4533155	SL4.0ch11_4370239
chr11	4571402	SL4.0ch11_4406348
chr11	4586321	SL4.0ch11_4421237
chr11	4613753	SL4.0ch11_4448282
chr11	4643360	SL4.0ch11_4473639
chr11	4658761	SL4.0ch11_4489071
chr11	4662546	SL4.0ch11_4492489
chr11	4687757	SL4.0ch11_4517733
chr11	4716245	SL4.0ch11_4546383
chr11	4726402	SL4.0ch11_4556549
chr11	4727490	SL4.0ch11_4557631
chr11	4731192	SL4.0ch11_4561333
chr11	4741443	SL4.0ch11_4571590
chr11	4755550	SL4.0ch11_4585656
chr11	4767178	SL4.0ch11_4597261
chr11	4783671	SL4.0ch11_4620790
chr11	4804354	SL4.0ch11_4664841
chr11	4826613	SL4.0ch11_4687311
chr11	4834215	SL4.0ch11_4694947
chr11	4863929	SL4.0ch11_4704730
chr11	4893695	SL4.0ch11_4737083
chr11	4945844	SL4.0ch11_4787014
chr11	4963039	SL4.0ch11_4804027
chr11	4990469	SL4.0ch11_4831565
chr11	4997170	SL4.0ch11_4838266
chr11	5039280	SL4.0ch11_4885710
chr11	5052777	SL4.0ch11_4898078
chr11	5056805	SL4.0ch11_4902108
chr11	5069764	SL4.0ch11_4915043
chr11	5118497	SL4.0ch11_4979066
chr11	5123248	SL4.0ch11_4983812
chr11	5136966	SL4.0ch11_4997544
chr11	5170772	SL4.0ch11_5031364
chr11	5203738	SL4.0ch11_5064419
chr11	5217358	SL4.0ch11_5077941
chr11	5229745	SL4.0ch11_5090383
chr11	5235601	SL4.0ch11_5096280
chr11	5254704	SL4.0ch11_5115560
chr11	5298038	SL4.0ch11_5158998
chr11	5310148	SL4.0ch11_5171015
chr11	5313099	SL4.0ch11_5173965
chr11	5318193	SL4.0ch11_5179077
chr11	5320994	SL4.0ch11_5181868
chr11	5330779	SL4.0ch11_5191654
chr11	5358881	SL4.0ch11_5219658
chr11	5373777	SL4.0ch11_5240214
chr11	5388992	SL4.0ch11_5255426
chr11	5441324	SL4.0ch11_5302256
chr11	5473164	SL4.0ch11_5341966
chr11	5484231	SL4.0ch11_5353033
chr11	5485721	SL4.0ch11_5354524
chr11	5486279	SL4.0ch11_5355080
chr11	5507719	SL4.0ch11_5376405
chr11	5511392	SL4.0ch11_5381802
chr11	5521608	SL4.0ch11_5391965
chr11	5543153	SL4.0ch11_5412850
chr11	5550474	SL4.0ch11_5420185
chr11	5611819	SL4.0ch11_5490134
chr11	5638975	SL4.0ch11_5515226
chr11	5660947	SL4.0ch11_5536391
chr11	5665708	SL4.0ch11_5541135
chr11	5688592	SL4.0ch11_5563986
chr11	5721410	SL4.0ch11_5596783
chr11	5742330	SL4.0ch11_5617654
chr11	5808843	SL4.0ch11_5681959
chr11	5809968	SL4.0ch11_5683084
chr11	5811712	SL4.0ch11_5684828
chr11	5838061	SL4.0ch11_5711152
chr11	5885264	SL4.0ch11_5756962
chr11	5905173	SL4.0ch11_5776682
chr11	5922677	SL4.0ch11_5828876
chr11	5924565	SL4.0ch11_5830764
chr11	5932572	SL4.0ch11_5838730
chr11	5941571	SL4.0ch11_5847700
chr11	5953548	SL4.0ch11_5865136
chr11	5961836	SL4.0ch11_5928409
chr11	5994524	SL4.0ch11_5895735
chr11	6000079	SL4.0ch11_5890120
chr11	6003587	SL4.0ch11_5886630
chr11	6033593	SL4.0ch11_5944724
chr11	6055667	SL4.0ch11_5967255
chr11	6057093	SL4.0ch11_5968681
chr11	6073561	SL4.0ch11_5987119
chr11	6093856	SL4.0ch11_6007399
chr11	6115555	SL4.0ch11_6028841
chr11	6137823	SL4.0ch11_6051159
chr11	6144399	SL4.0ch11_6057746
chr11	6148238	SL4.0ch11_6061590
chr11	6150074	SL4.0ch11_6063357
chr11	6198347	SL4.0ch11_6112286
chr11	6211906	SL4.0ch11_6126723
chr11	6217409	SL4.0ch11_6132162
chr11	6260192	SL4.0ch11_6174824
chr11	6262565	SL4.0ch11_6177190
chr11	6319174	SL4.0ch11_6234065
chr11	6335315	SL4.0ch11_6251026
chr11	6335982	SL4.0ch11_6251693
chr11	6367530	SL4.0ch11_6283208
chr11	6367672	SL4.0ch11_6283350
chr11	6414388	SL4.0ch11_6330127
chr11	6443578	SL4.0ch11_6359408
chr11	6474824	SL4.0ch11_6384219
chr11	6476375	SL4.0ch11_6385771
chr11	6487965	SL4.0ch11_6397322
chr11	6493123	SL4.0ch11_6402665
chr11	6497017	SL4.0ch11_6406559
chr11	6500580	SL4.0ch11_6410139
chr11	6548054	SL4.0ch11_6455840
chr11	6621320	SL4.0ch11_6529173
chr11	6633608	SL4.0ch11_6541448
chr11	6637696	SL4.0ch11_6545483
chr11	6641970	SL4.0ch11_6549733
chr11	6654630	SL4.0ch11_6562328
chr11	6665084	SL4.0ch11_6572816
chr11	6680522	SL4.0ch11_6588347
chr11	6728100	SL4.0ch11_6624078
chr11	6770169	SL4.0ch11_6675109
chr11	6772903	SL4.0ch11_6677860
chr11	6774313	SL4.0ch11_6679271
chr11	6779055	SL4.0ch11_6684007
chr11	6780116	SL4.0ch11_6685069
chr11	6790674	SL4.0ch11_6695613
chr11	6819711	SL4.0ch11_6724685
chr11	6852840	SL4.0ch11_6759621
chr11	6858231	SL4.0ch11_6765008
chr11	6944259	SL4.0ch11_6828504
chr11	6950394	SL4.0ch11_6834642
chr11	6967289	SL4.0ch11_6851986
chr11	6998072	SL4.0ch11_6889998
chr11	7008408	SL4.0ch11_6900331
chr11	7075963	SL4.0ch11_6967974
chr11	7100542	SL4.0ch11_6992082
chr11	7164804	SL4.0ch11_7051741
chr11	7173529	SL4.0ch11_7060097
chr11	7185771	SL4.0ch11_7072358
chr11	7214692	SL4.0ch11_7101223
chr11	7230828	SL4.0ch11_7117411
chr11	7272131	SL4.0ch11_7158680
chr11	7288456	SL4.0ch11_7174969
chr11	7306297	SL4.0ch11_7192452
chr11	7330604	SL4.0ch11_7210771
chr11	7332746	SL4.0ch11_7212904
chr11	7342627	SL4.0ch11_7222794
chr11	7347094	SL4.0ch11_7227245
chr11	7348634	SL4.0ch11_7228791
chr11	7362517	SL4.0ch11_7242825
chr11	7374202	SL4.0ch11_7254522
chr11	7430268	SL4.0ch11_7296619
chr11	7460990	SL4.0ch11_7310767
chr11	7480616	SL4.0ch11_7330347
chr11	7520910	SL4.0ch11_7370072
chr11	7531898	SL4.0ch11_7381054
chr11	7601442	SL4.0ch11_7459898
chr11	7707990	SL4.0ch11_7568594
chr11	7721413	SL4.0ch11_7582167
chr11	7736793	SL4.0ch11_7597506
chr11	7829714	SL4.0ch11_7689396
chr11	7879226	SL4.0ch11_7729501
chr11	7902251	SL4.0ch11_7752627
chr11	7947823	SL4.0ch11_7798314
chr11	7949223	SL4.0ch11_7799713
chr11	7966520	SL4.0ch11_7817459
chr11	7978156	SL4.0ch11_7829093
chr11	7988802	SL4.0ch11_7839776
chr11	7999007	SL4.0ch11_7844395
chr11	8001568	SL4.0ch11_7846953
chr11	8016789	SL4.0ch11_7862234
chr11	8047161	SL4.0ch11_7906191
chr11	8048797	SL4.0ch11_7909223
chr11	8070440	SL4.0ch11_7930887
chr11	8085696	SL4.0ch11_7946143
chr11	8093133	SL4.0ch11_7953592
chr11	8112025	SL4.0ch11_7974138
chr11	8135503	SL4.0ch11_7997317
chr11	8160318	SL4.0ch11_8019562
chr11	8164221	SL4.0ch11_8023473
chr11	8165037	SL4.0ch11_8024236
chr11	8165869	SL4.0ch11_8025068
chr11	8186388	SL4.0ch11_8045503
chr11	8216594	SL4.0ch11_8075683
chr11	8270104	SL4.0ch11_8132049
chr11	8274749	SL4.0ch11_8136694
chr11	8320654	SL4.0ch11_8182392
chr11	8347624	SL4.0ch11_8227969
chr11	8363775	SL4.0ch11_8253140
chr11	8365189	SL4.0ch11_8254554
chr11	8369034	SL4.0ch11_8258404
chr11	8369286	SL4.0ch11_8258656
chr11	8370192	SL4.0ch11_8259562
chr11	8372054	SL4.0ch11_8261426
chr11	8396707	SL4.0ch11_8284736
chr11	8396859	SL4.0ch11_8284888
chr11	8428525	SL4.0ch11_8313282
chr11	8443188	SL4.0ch11_8328165
chr11	8507409	SL4.0ch11_8392310
chr11	8522284	SL4.0ch11_8406978
chr11	8528088	SL4.0ch11_8412790
chr11	8596093	SL4.0ch11_8480735
chr11	8620626	SL4.0ch11_8505295
chr11	8622627	SL4.0ch11_8507296
chr11	8623192	SL4.0ch11_8507861
chr11	8625367	SL4.0ch11_8510036
chr11	8836749	SL4.0ch11_8704091
chr11	8838207	SL4.0ch11_8705547
chr11	8854186	SL4.0ch11_8724558
chr11	8854471	SL4.0ch11_8724843
chr11	8886397	SL4.0ch11_8750562
chr11	8895980	SL4.0ch11_8759801
chr11	8896233	SL4.0ch11_8760054
chr11	8917552	SL4.0ch11_8781303
chr11	8957927	SL4.0ch11_8821556
chr11	8981333	SL4.0ch11_8844915
chr11	8986623	SL4.0ch11_8850064
chr11	9117168	SL4.0ch11_8940418
chr11	9154147	SL4.0ch11_8977700
chr11	9163366	SL4.0ch11_8986919
chr11	9165582	SL4.0ch11_8989134
chr11	9220036	SL4.0ch11_9042496
chr11	9221384	SL4.0ch11_9043844
chr11	9227622	SL4.0ch11_9050042
chr11	9324951	SL4.0ch11_9147444
chr11	9367850	SL4.0ch11_9190651
chr11	9415451	SL4.0ch11_9238416
chr11	9507465	SL4.0ch11_9324484
chr11	9582410	SL4.0ch11_9399393
chr11	9596706	SL4.0ch11_9413689
chr11	9624831	SL4.0ch11_9441846
chr11	9667825	SL4.0ch11_9484791
chr11	9720120	SL4.0ch11_9532446
chr11	9763079	SL4.0ch11_9575386
chr11	9815357	SL4.0ch11_9605783
chr11	9853015	SL4.0ch11_9643536
chr11	9860261	SL4.0ch11_9650420
chr11	9887199	SL4.0ch11_9681396
chr11	9905983	SL4.0ch11_9700271
chr11	9911724	SL4.0ch11_9706011
chr11	10074255	SL4.0ch11_9851595
chr11	10098491	SL4.0ch11_9881107
chr11	10109401	SL4.0ch11_9892011
chr11	10129194	SL4.0ch11_9911803
chr11	10134490	SL4.0ch11_9917098
chr11	10140724	SL4.0ch11_9923318
chr11	10142189	SL4.0ch11_9924784
chr11	10166732	SL4.0ch11_9947380
chr11	10202827	SL4.0ch11_9976436
chr11	10205709	SL4.0ch11_9979321
chr11	10218484	SL4.0ch11_9992094
chr11	10219887	SL4.0ch11_9993496
chr11	10277116	SL4.0ch11_10047077
chr11	10292648	SL4.0ch11_10062610
chr11	10296258	SL4.0ch11_10066222
chr11	10319644	SL4.0ch11_10089661
chr11	10326754	SL4.0ch11_10096777
chr11	10341524	SL4.0ch11_10111551
chr11	10359003	SL4.0ch11_10129186
chr11	10401572	SL4.0ch11_10168701
chr11	10444994	SL4.0ch11_10212864
chr11	10458455	SL4.0ch11_10226311
chr11	10458746	SL4.0ch11_10226602
chr11	10494145	SL4.0ch11_10266529
chr11	10511626	SL4.0ch11_10284003
chr11	10513009	SL4.0ch11_10285386
chr11	10518465	SL4.0ch11_10290838
chr11	10521694	SL4.0ch11_10294066
chr11	10531233	SL4.0ch11_10303591
chr11	10536425	SL4.0ch11_10307428
chr11	10555717	SL4.0ch11_10326781
chr11	10595363	SL4.0ch11_10368482
chr11	10595850	SL4.0ch11_10368969
chr11	10629451	SL4.0ch11_10402658
chr11	10637164	SL4.0ch11_10453165
chr11	10678509	SL4.0ch11_10480483
chr11	10776579	SL4.0ch11_10578107
chr11	10803948	SL4.0ch11_10590292
chr11	10846634	SL4.0ch11_10631983
chr11	10898980	SL4.0ch11_10687985
chr11	10920118	SL4.0ch11_10709050
chr11	10963699	SL4.0ch11_10752594
chr11	10974833	SL4.0ch11_10763693
chr11	10977857	SL4.0ch11_10766716
chr11	11029658	SL4.0ch11_10817376
chr11	11030980	SL4.0ch11_10818698
chr11	11034969	SL4.0ch11_10822686
chr11	11042287	SL4.0ch11_10830004
chr11	11139393	SL4.0ch11_10924919
chr11	11139470	SL4.0ch11_10924996
chr11	11143572	SL4.0ch11_10929154
chr11	11143889	SL4.0ch11_10929471
chr11	11157496	SL4.0ch11_10943041
chr11	11157614	SL4.0ch11_10943159
chr11	11227287	SL4.0ch11_11009830
chr11	11253055	SL4.0ch11_11035603
chr11	11266060	SL4.0ch11_11050280
chr11	11275364	SL4.0ch11_11059532
chr11	11340360	SL4.0ch11_11131101
chr11	11407848	SL4.0ch11_11194960
chr11	11430803	SL4.0ch11_11206576
chr11	11431370	SL4.0ch11_11207143
chr11	11432051	SL4.0ch11_11207826
chr11	11458814	SL4.0ch11_11234570
chr11	11537400	SL4.0ch11_11312934
chr11	11701189	SL4.0ch11_11430804
chr11	11706905	SL4.0ch11_11436522
chr11	11719385	SL4.0ch11_11449004
chr11	11889946	SL4.0ch11_11618908
chr11	11890141	SL4.0ch11_11619103
chr11	11891428	SL4.0ch11_11620388
chr11	11953478	SL4.0ch11_11680920
chr11	12017265	SL4.0ch11_11744491
chr11	12017865	SL4.0ch11_11745091
chr11	12024063	SL4.0ch11_11751288
chr11	12029439	SL4.0ch11_11756623
chr11	12059047	SL4.0ch11_11786227
chr11	12060503	SL4.0ch11_11787716
chr11	12077144	SL4.0ch11_11804328
chr11	12091304	SL4.0ch11_11818413
chr11	12117225	SL4.0ch11_11844367
chr11	12117641	SL4.0ch11_11844783
chr11	12160064	SL4.0ch11_11887206
chr11	12160474	SL4.0ch11_11887616
chr11	12171154	SL4.0ch11_11898286
chr11	12187702	SL4.0ch11_11914825
chr11	12193174	SL4.0ch11_11920314
chr11	12220969	SL4.0ch11_11948245
chr11	12287504	SL4.0ch11_12015095
chr11	12305027	SL4.0ch11_12046337
chr11	12305128	SL4.0ch11_12046438
chr11	12317782	SL4.0ch11_12059095
chr11	12465062	SL4.0ch11_12206226
chr11	12521199	SL4.0ch11_12262346
chr11	12572928	SL4.0ch11_12314082
chr11	12614627	SL4.0ch11_12355884
chr11	12676216	SL4.0ch11_12417460
chr11	12694302	SL4.0ch11_12435743
chr11	12702669	SL4.0ch11_12444110
chr11	12720887	SL4.0ch11_12462488
chr11	12720951	SL4.0ch11_12462552
chr11	12724378	SL4.0ch11_12465978
chr11	12744409	SL4.0ch11_12485972
chr11	12745998	SL4.0ch11_12487561
chr11	12757433	SL4.0ch11_12504258
chr11	12764864	SL4.0ch11_12511693
chr11	12771110	SL4.0ch11_12517938
chr11	12776050	SL4.0ch11_12522880
chr11	12785558	SL4.0ch11_12532392
chr11	12887040	SL4.0ch11_12633373
chr11	12896582	SL4.0ch11_12642633
chr11	13016822	SL4.0ch11_12692001
chr11	13022027	SL4.0ch11_12697232
chr11	13057315	SL4.0ch11_12732563
chr11	13088601	SL4.0ch11_12763852
chr11	13112901	SL4.0ch11_12787081
chr11	13128409	SL4.0ch11_12802631
chr11	13133667	SL4.0ch11_12807889
chr11	13143591	SL4.0ch11_12817806
chr11	13160232	SL4.0ch11_12834382
chr11	13276556	SL4.0ch11_12950550
chr11	13277437	SL4.0ch11_12951431
chr11	13290616	SL4.0ch11_12964575
chr11	13312577	SL4.0ch11_12986059
chr11	13319074	SL4.0ch11_12992604
chr11	13386194	SL4.0ch11_13049403
chr11	13389328	SL4.0ch11_13052516
chr11	13391376	SL4.0ch11_13054564
chr11	13403840	SL4.0ch11_13067025
chr11	13404977	SL4.0ch11_13068160
chr11	13405166	SL4.0ch11_13068349
chr11	13438945	SL4.0ch11_13102163
chr11	13458552	SL4.0ch11_13121761
chr11	13571173	SL4.0ch11_13234394
chr11	13599557	SL4.0ch11_13262574
chr11	13661963	SL4.0ch11_13321679
chr11	13720426	SL4.0ch11_13380042
chr11	13769263	SL4.0ch11_13428858
chr11	13780170	SL4.0ch11_13439774
chr11	13781267	SL4.0ch11_13440872
chr11	13831653	SL4.0ch11_13491004
chr11	13885219	SL4.0ch11_13544428
chr11	13929765	SL4.0ch11_13588972
chr11	13930623	SL4.0ch11_13589830
chr11	13930907	SL4.0ch11_13590114
chr11	13954675	SL4.0ch11_13613896
chr11	13960113	SL4.0ch11_13619331
chr11	14063569	SL4.0ch11_13714841
chr11	14071363	SL4.0ch11_13722594
chr11	14076224	SL4.0ch11_13727455
chr11	14104949	SL4.0ch11_13756175
chr11	14156240	SL4.0ch11_13807461
chr11	14156407	SL4.0ch11_13807628
chr11	14175404	SL4.0ch11_13826627
chr11	14277592	SL4.0ch11_13926916
chr11	14280732	SL4.0ch11_13930050
chr11	14333830	SL4.0ch11_13976374
chr11	14352139	SL4.0ch11_13994699
chr11	14410713	SL4.0ch11_14049255
chr11	14444565	SL4.0ch11_14083003
chr11	14450149	SL4.0ch11_14088584
chr11	14451429	SL4.0ch11_14089864
chr11	14521070	SL4.0ch11_14169029
chr11	14523228	SL4.0ch11_14171186
chr11	14626147	SL4.0ch11_14274149
chr11	14636244	SL4.0ch11_14284257
chr11	14696784	SL4.0ch11_14344610
chr11	14738143	SL4.0ch11_14383474
chr11	14824505	SL4.0ch11_14469924
chr11	14838410	SL4.0ch11_14483827
chr11	14838656	SL4.0ch11_14484073
chr11	14871330	SL4.0ch11_14516750
chr11	14873784	SL4.0ch11_14519205
chr11	14873873	SL4.0ch11_14519294
chr11	14877400	SL4.0ch11_14522823
chr11	14880867	SL4.0ch11_14526291
chr11	14929054	SL4.0ch11_14574414
chr11	14940810	SL4.0ch11_14586153
chr11	14966071	SL4.0ch11_14611272
chr11	14973106	SL4.0ch11_14618268
chr11	15109174	SL4.0ch11_14755212
chr11	15129334	SL4.0ch11_14775334
chr11	15213734	SL4.0ch11_14858919
chr11	15235306	SL4.0ch11_14880519
chr11	15296483	SL4.0ch11_14945280
chr11	15320289	SL4.0ch11_14969083
chr11	15324404	SL4.0ch11_14973200
chr11	15329085	SL4.0ch11_14977876
chr11	15374627	SL4.0ch11_15023373
chr11	15374804	SL4.0ch11_15023550
chr11	15375078	SL4.0ch11_15023824
chr11	15452031	SL4.0ch11_15100599
chr11	15486540	SL4.0ch11_15134968
chr11	15527761	SL4.0ch11_15176182
chr11	15676046	SL4.0ch11_15291609
chr11	15758301	SL4.0ch11_15373579
chr11	15773606	SL4.0ch11_15388803
chr11	15787708	SL4.0ch11_15402870
chr11	15799723	SL4.0ch11_15414882
chr11	15835350	SL4.0ch11_15460414
chr11	15885062	SL4.0ch11_15510079
chr11	15947103	SL4.0ch11_15572289
chr11	16004426	SL4.0ch11_15612183
chr11	16006932	SL4.0ch11_15614689
chr11	16010201	SL4.0ch11_15617967
chr11	16018946	SL4.0ch11_15626621
chr11	16023926	SL4.0ch11_15631599
chr11	16079681	SL4.0ch11_15687084
chr11	16165875	SL4.0ch11_15773072
chr11	16201969	SL4.0ch11_15809234
chr11	16237872	SL4.0ch11_15845109
chr11	16238068	SL4.0ch11_15845305
chr11	16296480	SL4.0ch11_15903744
chr11	16310259	SL4.0ch11_15917556
chr11	16314087	SL4.0ch11_15919592
chr11	16319631	SL4.0ch11_15925141
chr11	16348388	SL4.0ch11_15953863
chr11	16348718	SL4.0ch11_15954193
chr11	16589385	SL4.0ch11_16056120
chr11	16686564	SL4.0ch11_16153195
chr11	16695853	SL4.0ch11_16162476
chr11	16697389	SL4.0ch11_16164012
chr11	16718043	SL4.0ch11_16184625
chr11	16771670	SL4.0ch11_16237582
chr11	16801874	SL4.0ch11_16267644
chr11	16807699	SL4.0ch11_16273470
chr11	16897070	SL4.0ch11_16363160
chr11	16956465	SL4.0ch11_16422504
chr11	17042154	SL4.0ch11_16508256
chr11	17107679	SL4.0ch11_16573366
chr11	17143917	SL4.0ch11_16611577
chr11	17152559	SL4.0ch11_16620228
chr11	17283947	SL4.0ch11_16751440
chr11	17380045	SL4.0ch11_16852183
chr11	17423698	SL4.0ch11_16896508
chr11	17505407	SL4.0ch11_16978176
chr11	17506313	SL4.0ch11_16979082
chr11	17506511	SL4.0ch11_16979280
chr11	17545625	SL4.0ch11_17018368
chr11	17566439	SL4.0ch11_17039184
chr11	17571207	SL4.0ch11_17043945
chr11	17617735	SL4.0ch11_17090430
chr11	17760990	SL4.0ch11_17233268
chr11	17803856	SL4.0ch11_17276092
chr11	17821997	SL4.0ch11_17294215
chr11	17837065	SL4.0ch11_17309258
chr11	17857309	SL4.0ch11_17329501
chr11	17870628	SL4.0ch11_17343151
chr11	17877641	SL4.0ch11_17350045
chr11	17909706	SL4.0ch11_17382110
chr11	17934447	SL4.0ch11_17406828
chr11	17969302	SL4.0ch11_17441677
chr11	18009066	SL4.0ch11_17481442
chr11	18103417	SL4.0ch11_17576687
chr11	18126530	SL4.0ch11_17599580
chr11	18210533	SL4.0ch11_17669359
chr11	18223345	SL4.0ch11_17682171
chr11	18224789	SL4.0ch11_17683615
chr11	18227482	SL4.0ch11_17686309
chr11	18228688	SL4.0ch11_17687515
chr11	21009513	SL4.0ch11_17701704
chr11	21014578	SL4.0ch11_17706790
chr11	21055228	SL4.0ch11_17747484
chr11	21062937	SL4.0ch11_17755197
chr11	21087428	SL4.0ch11_17779643
chr11	21102815	SL4.0ch11_17795023
chr11	21126520	SL4.0ch11_17820576
chr11	21131346	SL4.0ch11_17825405
chr11	21137979	SL4.0ch11_17831965
chr11	21141113	SL4.0ch11_17835098
chr11	21163241	SL4.0ch11_17857220
chr11	21270151	SL4.0ch11_17964485
chr11	21274290	SL4.0ch11_17968625
chr11	21357902	SL4.0ch11_18056775
chr11	21382615	SL4.0ch11_18081463
chr11	21486269	SL4.0ch11_18151573
chr11	21492078	SL4.0ch11_18157382
chr11	21506762	SL4.0ch11_18172064
chr11	21558016	SL4.0ch11_18223097
chr11	21558101	SL4.0ch11_18223182
chr11	21560719	SL4.0ch11_18225801
chr11	21591149	SL4.0ch11_18255903
chr11	21684479	SL4.0ch11_18340655
chr11	21711311	SL4.0ch11_18367444
chr11	21747577	SL4.0ch11_18409568
chr11	21829209	SL4.0ch11_18491215
chr11	21833431	SL4.0ch11_18495517
chr11	21937133	SL4.0ch11_18599154
chr11	21978303	SL4.0ch11_18639677
chr11	21980969	SL4.0ch11_18642343
chr11	22033713	SL4.0ch11_18695097
chr11	22036799	SL4.0ch11_18698177
chr11	22037009	SL4.0ch11_18698387
chr11	22059975	SL4.0ch11_18721302
chr11	22094672	SL4.0ch11_18756006
chr11	22166514	SL4.0ch11_18827486
chr11	22231149	SL4.0ch11_18897698
chr11	22231237	SL4.0ch11_18897786
chr11	22237525	SL4.0ch11_18904076
chr11	22274239	SL4.0ch11_18940866
chr11	22290485	SL4.0ch11_18957002
chr11	22318540	SL4.0ch11_18984951
chr11	22331318	SL4.0ch11_19008015
chr11	22332493	SL4.0ch11_19009190
chr11	22342176	SL4.0ch11_19018844
chr11	22458512	SL4.0ch11_19122996
chr11	22475328	SL4.0ch11_19139860
chr11	22516485	SL4.0ch11_19181051
chr11	22523875	SL4.0ch11_19188439
chr11	22565310	SL4.0ch11_19226283
chr11	22612082	SL4.0ch11_19273124
chr11	22612305	SL4.0ch11_19273347
chr11	22628959	SL4.0ch11_19290808
chr11	23121217	SL4.0ch11_20758203
chr11	23122834	SL4.0ch11_20759818
chr11	23138444	SL4.0ch11_20775403
chr11	23151570	SL4.0ch11_20788491
chr11	23193552	SL4.0ch11_20830457
chr11	23214100	SL4.0ch11_20851196
chr11	23215023	SL4.0ch11_20852119
chr11	23222531	SL4.0ch11_20859626
chr11	23223948	SL4.0ch11_20861045
chr11	23249195	SL4.0ch11_20886279
chr11	23250453	SL4.0ch11_20887537
chr11	23254333	SL4.0ch11_20891531
chr11	23273788	SL4.0ch11_20910992
chr11	23274684	SL4.0ch11_20911888
chr11	23282554	SL4.0ch11_20919753
chr11	23292738	SL4.0ch11_20929936
chr11	23348813	SL4.0ch11_20985891
chr11	23411828	SL4.0ch11_21048905
chr11	23412479	SL4.0ch11_21049556
chr11	23560149	SL4.0ch11_21197210
chr11	23575544	SL4.0ch11_21212626
chr11	23626681	SL4.0ch11_21263784
chr11	23686636	SL4.0ch11_21323687
chr11	23702939	SL4.0ch11_21339990
chr11	23750888	SL4.0ch11_21378632
chr11	23753649	SL4.0ch11_21381393
chr11	24201452	SL4.0ch11_21478914
chr11	24227845	SL4.0ch11_21505310
chr11	24295511	SL4.0ch11_21584624
chr11	24308659	SL4.0ch11_21597724
chr11	24411336	SL4.0ch11_21700435
chr11	24411410	SL4.0ch11_21700509
chr11	24616025	SL4.0ch11_21904810
chr11	24643295	SL4.0ch11_21937762
chr11	24680047	SL4.0ch11_21974527
chr11	24779871	SL4.0ch11_22058876
chr11	24808632	SL4.0ch11_22087647
chr11	24872831	SL4.0ch11_22151815
chr11	24912193	SL4.0ch11_22191152
chr11	24920877	SL4.0ch11_22199860
chr11	24929069	SL4.0ch11_22208051
chr11	24938242	SL4.0ch11_22217227
chr11	24979433	SL4.0ch11_22258365
chr11	25028109	SL4.0ch11_22307014
chr11	25115844	SL4.0ch11_22388587
chr11	25154626	SL4.0ch11_22427339
chr11	25184897	SL4.0ch11_22457600
chr11	25227021	SL4.0ch11_22499618
chr11	25263125	SL4.0ch11_22532472
chr11	25298110	SL4.0ch11_22567451
chr11	25311591	SL4.0ch11_22580932
chr11	25343583	SL4.0ch11_22608965
chr11	25353869	SL4.0ch11_22619230
chr11	25354153	SL4.0ch11_22619514
chr11	25354247	SL4.0ch11_22619608
chr11	25354333	SL4.0ch11_22619694
chr11	25354394	SL4.0ch11_22619755
chr11	25367207	SL4.0ch11_22632589
chr11	25370118	SL4.0ch11_22635497
chr11	25431080	SL4.0ch11_22696538
chr11	25438354	SL4.0ch11_22703818
chr11	25536532	SL4.0ch11_22803113
chr11	25552230	SL4.0ch11_22818752
chr11	25555625	SL4.0ch11_22822145
chr11	25614902	SL4.0ch11_22881418
chr11	25676229	SL4.0ch11_22942747
chr11	25680330	SL4.0ch11_22946851
chr11	25682762	SL4.0ch11_22949098
chr11	25684529	SL4.0ch11_22950861
chr11	25688781	SL4.0ch11_22955114
chr11	25811235	SL4.0ch11_23064159
chr11	25942539	SL4.0ch11_23192845
chr11	26012863	SL4.0ch11_23247438
chr11	26025336	SL4.0ch11_23259910
chr11	26087770	SL4.0ch11_23321874
chr11	26182250	SL4.0ch11_23415733
chr11	26286868	SL4.0ch11_23520367
chr11	26288483	SL4.0ch11_23521982
chr11	26320998	SL4.0ch11_23548873
chr11	26322141	SL4.0ch11_23550016
chr11	26339487	SL4.0ch11_23566100
chr11	26340354	SL4.0ch11_23566968
chr11	26345798	SL4.0ch11_23572394
chr11	26359049	SL4.0ch11_23585626
chr11	26410120	SL4.0ch11_23636708
chr11	26447763	SL4.0ch11_23675783
chr11	26571391	SL4.0ch11_23794585
chr11	26573255	SL4.0ch11_23796449
chr11	26575486	SL4.0ch11_23798680
chr11	26652109	SL4.0ch11_23875296
chr11	26755272	SL4.0ch11_23977619
chr11	26769100	SL4.0ch11_23991428
chr11	26853560	SL4.0ch11_24075253
chr11	26873833	SL4.0ch11_24095495
chr11	26931366	SL4.0ch11_24153088
chr11	26931447	SL4.0ch11_24153169
chr11	26979983	SL4.0ch11_24201706
chr11	26998067	SL4.0ch11_24219797
chr11	27034724	SL4.0ch11_24256429
chr11	27134351	SL4.0ch11_24355223
chr11	27211032	SL4.0ch11_24431931
chr11	27261267	SL4.0ch11_24482062
chr11	27279356	SL4.0ch11_24500163
chr11	27318809	SL4.0ch11_24539518
chr11	27326076	SL4.0ch11_24546777
chr11	27422347	SL4.0ch11_24642873
chr11	27451481	SL4.0ch11_24676248
chr11	27451964	SL4.0ch11_24676723
chr11	27452938	SL4.0ch11_24677697
chr11	27537736	SL4.0ch11_24762703
chr11	27612374	SL4.0ch11_24837009
chr11	27648151	SL4.0ch11_24872734
chr11	27653289	SL4.0ch11_24877854
chr11	27680197	SL4.0ch11_24904781
chr11	27699192	SL4.0ch11_24923817
chr11	27730238	SL4.0ch11_24954862
chr11	27777297	SL4.0ch11_25002332
chr11	27956895	SL4.0ch11_25174252
chr11	27973314	SL4.0ch11_25190668
chr11	27974486	SL4.0ch11_25191840
chr11	27976000	SL4.0ch11_25193354
chr11	27976453	SL4.0ch11_25193807
chr11	28050197	SL4.0ch11_25267424
chr11	28139292	SL4.0ch11_25356319
chr11	28335053	SL4.0ch11_25548801
chr11	28357638	SL4.0ch11_25571373
chr11	28393097	SL4.0ch11_25606810
chr11	28403376	SL4.0ch11_25617086
chr11	28433642	SL4.0ch11_25647322
chr11	28699984	SL4.0ch11_25862668
chr11	28702139	SL4.0ch11_25864822
chr11	28742195	SL4.0ch11_25904878
chr11	28866220	SL4.0ch11_26029193
chr11	28866379	SL4.0ch11_26029352
chr11	28867293	SL4.0ch11_26030266
chr11	28868288	SL4.0ch11_26031261
chr11	28886845	SL4.0ch11_26049797
chr11	28906540	SL4.0ch11_26069554
chr11	28908064	SL4.0ch11_26071079
chr11	28909128	SL4.0ch11_26072143
chr11	28910395	SL4.0ch11_26073410
chr11	28961070	SL4.0ch11_26124084
chr11	29013360	SL4.0ch11_26176352
chr11	29067584	SL4.0ch11_26232124
chr11	29135045	SL4.0ch11_26299561
chr11	29195320	SL4.0ch11_26351032
chr11	29258247	SL4.0ch11_26413945
chr11	29270472	SL4.0ch11_26426171
chr11	29383827	SL4.0ch11_26537333
chr11	29393814	SL4.0ch11_26547315
chr11	29433915	SL4.0ch11_26572796
chr11	29473410	SL4.0ch11_26593878
chr11	29474958	SL4.0ch11_26595426
chr11	29583625	SL4.0ch11_26690991
chr11	29618860	SL4.0ch11_26726171
chr11	29660931	SL4.0ch11_26768159
chr11	29661430	SL4.0ch11_26768658
chr11	29667836	SL4.0ch11_26775075
chr11	29668036	SL4.0ch11_26775275
chr11	29872562	SL4.0ch11_26975812
chr11	29979992	SL4.0ch11_27082904
chr11	30004501	SL4.0ch11_27107403
chr11	30082962	SL4.0ch11_27185830
chr11	30111766	SL4.0ch11_27214602
chr11	30111832	SL4.0ch11_27214668
chr11	30127699	SL4.0ch11_27230561
chr11	30136087	SL4.0ch11_27238879
chr11	30253484	SL4.0ch11_27346112
chr11	30321563	SL4.0ch11_27414184
chr11	30350538	SL4.0ch11_27474262
chr11	30359701	SL4.0ch11_27483424
chr11	30411514	SL4.0ch11_27535395
chr11	30460790	SL4.0ch11_27584582
chr11	30520224	SL4.0ch11_27643664
chr11	30708974	SL4.0ch11_27811735
chr11	30839163	SL4.0ch11_27889063
chr11	30861825	SL4.0ch11_27911723
chr11	31016706	SL4.0ch11_27995946
chr11	31113135	SL4.0ch11_28092085
chr11	31122648	SL4.0ch11_28101558
chr11	31160999	SL4.0ch11_28139907
chr11	31254829	SL4.0ch11_28240708
chr11	31263974	SL4.0ch11_28249852
chr11	31331257	SL4.0ch11_28316979
chr11	31382690	SL4.0ch11_28368368
chr11	31456570	SL4.0ch11_28442184
chr11	31510585	SL4.0ch11_28496192
chr11	31546773	SL4.0ch11_28532324
chr11	31547214	SL4.0ch11_28532765
chr11	31548006	SL4.0ch11_28533558
chr11	31560450	SL4.0ch11_28545957
chr11	31568233	SL4.0ch11_28553741
chr11	31572185	SL4.0ch11_28557689
chr11	31574759	SL4.0ch11_28560215
chr11	31654822	SL4.0ch11_28620891
chr11	31680770	SL4.0ch11_28646828
chr11	31682646	SL4.0ch11_28648705
chr11	31797365	SL4.0ch11_28762964
chr11	31873819	SL4.0ch11_28839318
chr11	32125591	SL4.0ch11_29090723
chr11	32135901	SL4.0ch11_29101030
chr11	32184227	SL4.0ch11_29149385
chr11	32186890	SL4.0ch11_29152048
chr11	32192288	SL4.0ch11_29157445
chr11	32192850	SL4.0ch11_29158008
chr11	32204536	SL4.0ch11_29169700
chr11	32232560	SL4.0ch11_29197682
chr11	32357302	SL4.0ch11_29337297
chr11	32357759	SL4.0ch11_29337754
chr11	32365627	SL4.0ch11_29345625
chr11	32394766	SL4.0ch11_29374644
chr11	32431957	SL4.0ch11_29403999
chr11	32446046	SL4.0ch11_29418400
chr11	32486007	SL4.0ch11_29458345
chr11	32509287	SL4.0ch11_29481780
chr11	32528301	SL4.0ch11_29500783
chr11	32534979	SL4.0ch11_29507456
chr11	32638133	SL4.0ch11_29610574
chr11	32645009	SL4.0ch11_29617452
chr11	32647733	SL4.0ch11_29620175
chr11	32653657	SL4.0ch11_29626099
chr11	32688066	SL4.0ch11_29675327
chr11	32710702	SL4.0ch11_29697988
chr11	32926390	SL4.0ch11_29907624
chr11	33118599	SL4.0ch11_30099642
chr11	33189042	SL4.0ch11_30169731
chr11	33234025	SL4.0ch11_30214759
chr11	33241633	SL4.0ch11_30222364
chr11	33280318	SL4.0ch11_30260613
chr11	33285077	SL4.0ch11_30265372
chr11	33320860	SL4.0ch11_30301131
chr11	33327400	SL4.0ch11_30307654
chr11	33364610	SL4.0ch11_30344839
chr11	33393093	SL4.0ch11_30373218
chr11	33481067	SL4.0ch11_30461167
chr11	33491900	SL4.0ch11_30472038
chr11	33507437	SL4.0ch11_30487593
chr11	33508818	SL4.0ch11_30488967
chr11	33532092	SL4.0ch11_30512290
chr11	33609709	SL4.0ch11_30581587
chr11	33666132	SL4.0ch11_30637985
chr11	33668023	SL4.0ch11_30639876
chr11	33675075	SL4.0ch11_30646926
chr11	33729307	SL4.0ch11_30701151
chr11	33769466	SL4.0ch11_30741182
chr11	33810633	SL4.0ch11_30782270
chr11	33811825	SL4.0ch11_30783461
chr11	33826622	SL4.0ch11_30798281
chr11	33881507	SL4.0ch11_30853195
chr11	33936436	SL4.0ch11_30908361
chr11	33937112	SL4.0ch11_30909037
chr11	33952698	SL4.0ch11_30924625
chr11	34015397	SL4.0ch11_30987266
chr11	34019922	SL4.0ch11_30991860
chr11	34024112	SL4.0ch11_30996050
chr11	34042141	SL4.0ch11_31014073
chr11	34098794	SL4.0ch11_31057191
chr11	34113070	SL4.0ch11_31071855
chr11	34137752	SL4.0ch11_31096463
chr11	34188521	SL4.0ch11_31147267
chr11	34189174	SL4.0ch11_31147908
chr11	34212761	SL4.0ch11_31171460
chr11	34215922	SL4.0ch11_31174620
chr11	34223359	SL4.0ch11_31182178
chr11	34225136	SL4.0ch11_31183955
chr11	34236441	SL4.0ch11_31195229
chr11	34236881	SL4.0ch11_31195669
chr11	34265613	SL4.0ch11_31228544
chr11	34267252	SL4.0ch11_31230185
chr11	34287160	SL4.0ch11_31250116
chr11	34382319	SL4.0ch11_31345260
chr11	34385913	SL4.0ch11_31348854
chr11	34421618	SL4.0ch11_31384565
chr11	34421748	SL4.0ch11_31384695
chr11	34445472	SL4.0ch11_31408391
chr11	34486378	SL4.0ch11_31442275
chr11	34488872	SL4.0ch11_31444769
chr11	34548992	SL4.0ch11_31505111
chr11	34549069	SL4.0ch11_31505188
chr11	34558476	SL4.0ch11_31514582
chr11	34558557	SL4.0ch11_31514663
chr11	34563054	SL4.0ch11_31519159
chr11	34563720	SL4.0ch11_31519825
chr11	34563786	SL4.0ch11_31519891
chr11	34563978	SL4.0ch11_31520083
chr11	34572262	SL4.0ch11_31528380
chr11	34643643	SL4.0ch11_31598981
chr11	34709816	SL4.0ch11_31665406
chr11	34720849	SL4.0ch11_31676440
chr11	34751966	SL4.0ch11_31707562
chr11	34772841	SL4.0ch11_31728389
chr11	34821769	SL4.0ch11_31777155
chr11	34910225	SL4.0ch11_31870400
chr11	34944980	SL4.0ch11_31905264
chr11	34985197	SL4.0ch11_31945473
chr11	35014980	SL4.0ch11_31976009
chr11	35017916	SL4.0ch11_31978950
chr11	35026101	SL4.0ch11_31987088
chr11	35111513	SL4.0ch11_32072454
chr11	35118562	SL4.0ch11_32079493
chr11	35125877	SL4.0ch11_32086807
chr11	35154267	SL4.0ch11_32115186
chr11	35170597	SL4.0ch11_32131479
chr11	35208262	SL4.0ch11_32168924
chr11	35210674	SL4.0ch11_32171335
chr11	35247666	SL4.0ch11_32208272
chr11	35277563	SL4.0ch11_32238138
chr11	35313784	SL4.0ch11_32274309
chr11	35324676	SL4.0ch11_32285196
chr11	35325844	SL4.0ch11_32286364
chr11	35354452	SL4.0ch11_32315012
chr11	35384600	SL4.0ch11_32345123
chr11	35421582	SL4.0ch11_32382002
chr11	35425287	SL4.0ch11_32385739
chr11	35477831	SL4.0ch11_32438141
chr11	35478880	SL4.0ch11_32439201
chr11	35479450	SL4.0ch11_32439771
chr11	35481981	SL4.0ch11_32442302
chr11	35483210	SL4.0ch11_32443531
chr11	35509326	SL4.0ch11_32469732
chr11	35536257	SL4.0ch11_32496658
chr11	35548774	SL4.0ch11_32509165
chr11	35571109	SL4.0ch11_32531496
chr11	35578771	SL4.0ch11_32539153
chr11	35585028	SL4.0ch11_32545427
chr11	35645110	SL4.0ch11_32605954
chr11	35645480	SL4.0ch11_32606324
chr11	35646084	SL4.0ch11_32606928
chr11	35647261	SL4.0ch11_32608105
chr11	35654365	SL4.0ch11_32615214
chr11	35721547	SL4.0ch11_32682299
chr11	35722647	SL4.0ch11_32683399
chr11	35750259	SL4.0ch11_32711017
chr11	35750814	SL4.0ch11_32711572
chr11	35829575	SL4.0ch11_32790334
chr11	35829705	SL4.0ch11_32790464
chr11	35829830	SL4.0ch11_32790589
chr11	35872432	SL4.0ch11_32832731
chr11	35877769	SL4.0ch11_32838063
chr11	35899534	SL4.0ch11_32859705
chr11	35920698	SL4.0ch11_32880878
chr11	35983558	SL4.0ch11_32943590
chr11	36122579	SL4.0ch11_33082334
chr11	36231180	SL4.0ch11_33190875
chr11	36256741	SL4.0ch11_33216434
chr11	36357732	SL4.0ch11_33316676
chr11	36358543	SL4.0ch11_33317486
chr11	36359203	SL4.0ch11_33318146
chr11	36360382	SL4.0ch11_33319325
chr11	36488409	SL4.0ch11_33447289
chr11	36511804	SL4.0ch11_33470613
chr11	36516372	SL4.0ch11_33482489
chr11	36518173	SL4.0ch11_33484290
chr11	36525761	SL4.0ch11_33491860
chr11	36526364	SL4.0ch11_33492463
chr11	36526562	SL4.0ch11_33492661
chr11	36573720	SL4.0ch11_33539822
chr11	36576320	SL4.0ch11_33542357
chr11	36580520	SL4.0ch11_33546557
chr11	36662564	SL4.0ch11_33628406
chr11	36773299	SL4.0ch11_33739012
chr11	36827157	SL4.0ch11_33793678
chr11	36847657	SL4.0ch11_33814137
chr11	36928809	SL4.0ch11_33894449
chr11	37053587	SL4.0ch11_34012154
chr11	37134080	SL4.0ch11_34083988
chr11	37187359	SL4.0ch11_34130102
chr11	37214128	SL4.0ch11_34156837
chr11	37373162	SL4.0ch11_34285283
chr11	37424270	SL4.0ch11_34337010
chr11	37445034	SL4.0ch11_34357775
chr11	37446711	SL4.0ch11_34359448
chr11	37450672	SL4.0ch11_34363409
chr11	37450886	SL4.0ch11_34363623
chr11	37471353	SL4.0ch11_34384090
chr11	37496132	SL4.0ch11_34408846
chr11	37496332	SL4.0ch11_34409046
chr11	37537024	SL4.0ch11_34449762
chr11	37545073	SL4.0ch11_34457832
chr11	37601624	SL4.0ch11_34514143
chr11	37662494	SL4.0ch11_34574976
chr11	37778332	SL4.0ch11_34690788
chr11	37852784	SL4.0ch11_34764821
chr11	37875843	SL4.0ch11_34787902
chr11	37876347	SL4.0ch11_34788410
chr11	37896825	SL4.0ch11_34808845
chr11	37916229	SL4.0ch11_34828193
chr11	38275396	SL4.0ch11_35053758
chr11	38397124	SL4.0ch11_35175459
chr11	38465950	SL4.0ch11_35244859
chr11	38483176	SL4.0ch11_35262074
chr11	38494432	SL4.0ch11_35273501
chr11	38538713	SL4.0ch11_35317664
chr11	38573415	SL4.0ch11_35352328
chr11	38584026	SL4.0ch11_35362920
chr11	38614282	SL4.0ch11_35393169
chr11	38627733	SL4.0ch11_35406615
chr11	38725011	SL4.0ch11_35521973
chr11	38755750	SL4.0ch11_35552675
chr11	39021635	SL4.0ch11_35704191
chr11	39038080	SL4.0ch11_35720634
chr11	39043358	SL4.0ch11_35725924
chr11	39045692	SL4.0ch11_35728258
chr11	39144025	SL4.0ch11_35826507
chr11	39263200	SL4.0ch11_35933036
chr11	39343222	SL4.0ch11_36012737
chr11	39398415	SL4.0ch11_36067924
chr11	39444571	SL4.0ch11_36114028
chr11	39513448	SL4.0ch11_36182782
chr11	39658199	SL4.0ch11_36311372
chr11	39659031	SL4.0ch11_36312185
chr11	39659810	SL4.0ch11_36312962
chr11	39661327	SL4.0ch11_36314480
chr11	39689782	SL4.0ch11_36342920
chr11	39690090	SL4.0ch11_36343228
chr11	39767139	SL4.0ch11_36426309
chr11	39860653	SL4.0ch11_36518942
chr11	39873862	SL4.0ch11_36532127
chr11	39874741	SL4.0ch11_36533006
chr11	39906003	SL4.0ch11_36564238
chr11	39938266	SL4.0ch11_36596394
chr11	39940068	SL4.0ch11_36598194
chr11	39945923	SL4.0ch11_36604091
chr11	40009881	SL4.0ch11_36665143
chr11	40012271	SL4.0ch11_36667530
chr11	40036968	SL4.0ch11_36694034
chr11	40088787	SL4.0ch11_36745859
chr11	40089069	SL4.0ch11_36746142
chr11	40149635	SL4.0ch11_36806738
chr11	40178469	SL4.0ch11_36835563
chr11	40292981	SL4.0ch11_36952135
chr11	40346128	SL4.0ch11_37005269
chr11	40365336	SL4.0ch11_37024465
chr11	40634815	SL4.0ch11_37293182
chr11	40703503	SL4.0ch11_37361731
chr11	40881945	SL4.0ch11_37540013
chr11	40898555	SL4.0ch11_37553175
chr11	41096938	SL4.0ch11_37921118
chr11	41099160	SL4.0ch11_37923339
chr11	41100470	SL4.0ch11_37924649
chr11	41103979	SL4.0ch11_37928150
chr11	41134128	SL4.0ch11_37957060
chr11	41207853	SL4.0ch11_38030533
chr11	41321026	SL4.0ch11_38143819
chr11	41363856	SL4.0ch11_38186587
chr11	41383639	SL4.0ch11_38206366
chr11	41387774	SL4.0ch11_38210504
chr11	41508365	SL4.0ch11_38331001
chr11	41525057	SL4.0ch11_38347690
chr11	41626038	SL4.0ch11_38448535
chr11	41713456	SL4.0ch11_38538176
chr11	41719381	SL4.0ch11_38544101
chr11	41730253	SL4.0ch11_38554986
chr11	41858754	SL4.0ch11_38675502
chr11	41858828	SL4.0ch11_38675576
chr11	41869226	SL4.0ch11_38685974
chr11	41884221	SL4.0ch11_38700971
chr11	41895167	SL4.0ch11_38711892
chr11	41896998	SL4.0ch11_38713723
chr11	41898085	SL4.0ch11_38714810
chr11	41935021	SL4.0ch11_38751444
chr11	41956622	SL4.0ch11_38773045
chr11	41957229	SL4.0ch11_38773652
chr11	41971469	SL4.0ch11_38787894
chr11	41974015	SL4.0ch11_38790438
chr11	42019213	SL4.0ch11_38842067
chr11	42109611	SL4.0ch11_38932144
chr11	42157928	SL4.0ch11_38986724
chr11	42216351	SL4.0ch11_39045173
chr11	42216498	SL4.0ch11_39045320
chr11	42222047	SL4.0ch11_39050869
chr11	42239223	SL4.0ch11_39068051
chr11	42354776	SL4.0ch11_39181949
chr11	42471818	SL4.0ch11_39298893
chr11	42535137	SL4.0ch11_39362138
chr11	42544032	SL4.0ch11_39371052
chr11	42660672	SL4.0ch11_39487613
chr11	42716513	SL4.0ch11_39543401
chr11	42833835	SL4.0ch11_39660529
chr11	42841378	SL4.0ch11_39668322
chr11	42861965	SL4.0ch11_39688875
chr11	42862924	SL4.0ch11_39689834
chr11	42863291	SL4.0ch11_39690201
chr11	43027922	SL4.0ch11_39859079
chr11	43064855	SL4.0ch11_39895878
chr11	43065162	SL4.0ch11_39896185
chr11	43066471	SL4.0ch11_39897494
chr11	43145998	SL4.0ch11_39977264
chr11	43195913	SL4.0ch11_40026708
chr11	43202140	SL4.0ch11_40032936
chr11	43305080	SL4.0ch11_40125548
chr11	43325181	SL4.0ch11_40155916
chr11	43456418	SL4.0ch11_40287009
chr11	43459769	SL4.0ch11_40290359
chr11	43465164	SL4.0ch11_40295754
chr11	43609837	SL4.0ch11_40442477
chr11	43615044	SL4.0ch11_40447673
chr11	43615425	SL4.0ch11_40448054
chr11	43632368	SL4.0ch11_40464993
chr11	43729918	SL4.0ch11_40575473
chr11	43799815	SL4.0ch11_40645347
chr11	43974513	SL4.0ch11_40811890
chr11	43976539	SL4.0ch11_40813916
chr11	43980261	SL4.0ch11_40817638
chr11	43980367	SL4.0ch11_40817744
chr11	44019826	SL4.0ch11_40857198
chr11	44102673	SL4.0ch11_40939958
chr11	44123779	SL4.0ch11_40961063
chr11	44234605	SL4.0ch11_41071696
chr11	44235089	SL4.0ch11_41072180
chr11	44235741	SL4.0ch11_41072832
chr11	44262151	SL4.0ch11_41099259
chr11	44268340	SL4.0ch11_41105605
chr11	44376198	SL4.0ch11_41213488
chr11	44406819	SL4.0ch11_41245692
chr11	44485276	SL4.0ch11_41324034
chr11	44493410	SL4.0ch11_41332170
chr11	44654183	SL4.0ch11_41492804
chr11	44664828	SL4.0ch11_41503228
chr11	44680412	SL4.0ch11_41518828
chr11	44803321	SL4.0ch11_41646854
chr11	44838417	SL4.0ch11_41677577
chr11	44838645	SL4.0ch11_41677805
chr11	44956871	SL4.0ch11_41795726
chr11	44977321	SL4.0ch11_41816295
chr11	45096282	SL4.0ch11_41935298
chr11	45224902	SL4.0ch11_42057507
chr11	45230631	SL4.0ch11_42063240
chr11	45232115	SL4.0ch11_42064721
chr11	45483528	SL4.0ch11_42315772
chr11	45519871	SL4.0ch11_42352068
chr11	45593356	SL4.0ch11_42437643
chr11	45604300	SL4.0ch11_42448841
chr11	45700938	SL4.0ch11_42545382
chr11	45706964	SL4.0ch11_42551408
chr11	45721181	SL4.0ch11_42565623
chr11	45806796	SL4.0ch11_42651177
chr11	45808589	SL4.0ch11_42652969
chr11	45817401	SL4.0ch11_42661800
chr11	45920892	SL4.0ch11_42756811
chr11	45931845	SL4.0ch11_42767805
chr11	45987142	SL4.0ch11_42823197
chr11	46111892	SL4.0ch11_42947921
chr11	46141325	SL4.0ch11_42977396
chr11	46226860	SL4.0ch11_43030687
chr11	46230012	SL4.0ch11_43033839
chr11	46265571	SL4.0ch11_43069358
chr11	46271752	SL4.0ch11_43075534
chr11	46390716	SL4.0ch11_43194358
chr11	46584728	SL4.0ch11_43384795
chr11	46599821	SL4.0ch11_43399888
chr11	46602422	SL4.0ch11_43402488
chr11	46618689	SL4.0ch11_43418711
chr11	46618785	SL4.0ch11_43418807
chr11	46625026	SL4.0ch11_43425055
chr11	46649068	SL4.0ch11_43449123
chr11	46674502	SL4.0ch11_43474466
chr11	46701182	SL4.0ch11_43501145
chr11	46834515	SL4.0ch11_43634052
chr11	46865300	SL4.0ch11_43659036
chr11	46963518	SL4.0ch11_43720958
chr11	46999800	SL4.0ch11_43757234
chr11	47000157	SL4.0ch11_43757591
chr11	47050003	SL4.0ch11_43806249
chr11	47050243	SL4.0ch11_43806489
chr11	47052561	SL4.0ch11_43808807
chr11	47094982	SL4.0ch11_43851227
chr11	47129281	SL4.0ch11_43887566
chr11	47207552	SL4.0ch11_43965727
chr11	47207719	SL4.0ch11_43965894
chr11	47209932	SL4.0ch11_43967635
chr11	47233130	SL4.0ch11_44036174
chr11	47439365	SL4.0ch11_44134398
chr11	47468532	SL4.0ch11_44163488
chr11	47474240	SL4.0ch11_44169198
chr11	47526218	SL4.0ch11_44221210
chr11	47628451	SL4.0ch11_45372608
chr11	47660485	SL4.0ch11_45340588
chr11	47690717	SL4.0ch11_45310351
chr11	47734848	SL4.0ch11_45266265
chr11	47797706	SL4.0ch11_45203413
chr11	47854328	SL4.0ch11_45147487
chr11	48055792	SL4.0ch11_44952673
chr11	48119033	SL4.0ch11_44889391
chr11	48244642	SL4.0ch11_44800697
chr11	48253155	SL4.0ch11_44809210
chr11	48287806	SL4.0ch11_44754389
chr11	48389632	SL4.0ch11_44656857
chr11	48390548	SL4.0ch11_44655941
chr11	48391887	SL4.0ch11_44654602
chr11	48392211	SL4.0ch11_44654278
chr11	48672691	SL4.0ch11_44427847
chr11	48704984	SL4.0ch11_44396453
chr11	48718191	SL4.0ch11_44383297
chr11	48731341	SL4.0ch11_44370210
chr11	48768010	SL4.0ch11_44334143
chr11	48768683	SL4.0ch11_44333470
chr11	48821199	SL4.0ch11_44280962
chr11	48868711	SL4.0ch11_45473669
chr11	48870142	SL4.0ch11_45475101
chr11	48883484	SL4.0ch11_45488410
chr11	48917442	SL4.0ch11_45522220
chr11	48937830	SL4.0ch11_45538547
chr11	49087607	SL4.0ch11_45687882
chr11	49088121	SL4.0ch11_45688396
chr11	49088204	SL4.0ch11_45688479
chr11	49089510	SL4.0ch11_45689784
chr11	49094939	SL4.0ch11_45695202
chr11	49195044	SL4.0ch11_45795032
chr11	49286116	SL4.0ch11_45912925
chr11	49290582	SL4.0ch11_45917390
chr11	49301644	SL4.0ch11_45928232
chr11	49326423	SL4.0ch11_45953505
chr11	49365823	SL4.0ch11_45992940
chr11	49367544	SL4.0ch11_45994664
chr11	49447683	SL4.0ch11_46097415
chr11	49448196	SL4.0ch11_46097928
chr11	49449549	SL4.0ch11_46099278
chr11	49449859	SL4.0ch11_46099588
chr11	49450741	SL4.0ch11_46100470
chr11	49450926	SL4.0ch11_46100655
chr11	49503432	SL4.0ch11_46153018
chr11	49506428	SL4.0ch11_46156005
chr11	49533064	SL4.0ch11_46181056
chr11	49571363	SL4.0ch11_46218941
chr11	49588686	SL4.0ch11_46236236
chr11	49607019	SL4.0ch11_46266959
chr11	49619106	SL4.0ch11_46279005
chr11	49628105	SL4.0ch11_46288780
chr11	49638986	SL4.0ch11_46299594
chr11	49649962	SL4.0ch11_46310569
chr11	49666661	SL4.0ch11_46327234
chr11	49668523	SL4.0ch11_46329108
chr11	49686810	SL4.0ch11_46351895
chr11	49807733	SL4.0ch11_46472826
chr11	49833215	SL4.0ch11_46498322
chr11	49833531	SL4.0ch11_46498638
chr11	49955671	SL4.0ch11_46623496
chr11	49960393	SL4.0ch11_46628250
chr11	49961679	SL4.0ch11_46629538
chr11	49972958	SL4.0ch11_46640817
chr11	50004687	SL4.0ch11_46662811
chr11	50063412	SL4.0ch11_46721033
chr11	50073257	SL4.0ch11_46730865
chr11	50074478	SL4.0ch11_46732086
chr11	50105668	SL4.0ch11_46763282
chr11	50126561	SL4.0ch11_46784218
chr11	50149243	SL4.0ch11_46806905
chr11	50155682	SL4.0ch11_46813345
chr11	50187694	SL4.0ch11_46845502
chr11	50210344	SL4.0ch11_46868169
chr11	50227007	SL4.0ch11_46884832
chr11	50234906	SL4.0ch11_46892737
chr11	50238444	SL4.0ch11_46896276
chr11	50274134	SL4.0ch11_46924754
chr11	50275535	SL4.0ch11_46926155
chr11	50297101	SL4.0ch11_46952428
chr11	50325016	SL4.0ch11_46984350
chr11	50362117	SL4.0ch11_47028455
chr11	50404242	SL4.0ch11_47069037
chr11	50411909	SL4.0ch11_47081502
chr11	50416984	SL4.0ch11_47086589
chr11	50417229	SL4.0ch11_47086834
chr11	50417443	SL4.0ch11_47087048
chr11	50436929	SL4.0ch11_47106532
chr11	50437123	SL4.0ch11_47106726
chr11	50438171	SL4.0ch11_47107773
chr11	50444643	SL4.0ch11_47114097
chr11	50462336	SL4.0ch11_47133953
chr11	50464756	SL4.0ch11_47136374
chr11	50480130	SL4.0ch11_47150729
chr11	50530526	SL4.0ch11_47201782
chr11	50607379	SL4.0ch11_47263272
chr11	50620894	SL4.0ch11_47276868
chr11	50622474	SL4.0ch11_47278448
chr11	50625155	SL4.0ch11_47281124
chr11	50658531	SL4.0ch11_47315254
chr11	50686496	SL4.0ch11_47340281
chr11	50745212	SL4.0ch11_47394057
chr11	50767990	SL4.0ch11_47416020
chr11	50778348	SL4.0ch11_47426385
chr11	50820277	SL4.0ch11_47457658
chr11	50908217	SL4.0ch11_47550292
chr11	50960965	SL4.0ch11_47596354
chr11	51058910	SL4.0ch11_47727327
chr11	51118539	SL4.0ch11_47783028
chr11	51180321	SL4.0ch11_47845610
chr11	51240207	SL4.0ch11_47923120
chr11	51242410	SL4.0ch11_47925324
chr11	51243391	SL4.0ch11_47926305
chr11	51244602	SL4.0ch11_47927518
chr11	51267521	SL4.0ch11_47950454
chr11	51303469	SL4.0ch11_47986388
chr11	51304996	SL4.0ch11_47987915
chr11	51314435	SL4.0ch11_47996083
chr11	51343703	SL4.0ch11_48024606
chr11	51405532	SL4.0ch11_48084911
chr11	51407580	SL4.0ch11_48086959
chr11	51422394	SL4.0ch11_48102053
chr11	51465577	SL4.0ch11_48145294
chr11	51509756	SL4.0ch11_48189523
chr11	51511095	SL4.0ch11_48190861
chr11	51520910	SL4.0ch11_48200664
chr11	51521021	SL4.0ch11_48200775
chr11	51588763	SL4.0ch11_48288699
chr11	51632112	SL4.0ch11_48311969
chr11	51641567	SL4.0ch11_48320343
chr11	51671411	SL4.0ch11_48350001
chr11	51677326	SL4.0ch11_48355909
chr11	51688475	SL4.0ch11_48367053
chr11	51688861	SL4.0ch11_48367439
chr11	51692205	SL4.0ch11_48370799
chr11	51692820	SL4.0ch11_48371414
chr11	51701666	SL4.0ch11_48382584
chr11	51708060	SL4.0ch11_48388978
chr11	51712489	SL4.0ch11_48393407
chr11	51729059	SL4.0ch11_48406343
chr11	51740373	SL4.0ch11_48417675
chr11	51742661	SL4.0ch11_48419947
chr11	51797268	SL4.0ch11_48474444
chr11	51843716	SL4.0ch11_48520797
chr11	51865158	SL4.0ch11_48541241
chr11	51867210	SL4.0ch11_48543293
chr11	51873757	SL4.0ch11_48549820
chr11	51909248	SL4.0ch11_48583006
chr11	51942767	SL4.0ch11_48616581
chr11	51948021	SL4.0ch11_48621836
chr11	52081434	SL4.0ch11_48649130
chr11	52095346	SL4.0ch11_48663055
chr11	52117471	SL4.0ch11_48685201
chr11	52190067	SL4.0ch11_48748106
chr11	52197159	SL4.0ch11_48755197
chr11	52203715	SL4.0ch11_48761752
chr11	52241083	SL4.0ch11_48806507
chr11	52266063	SL4.0ch11_48829352
chr11	52274636	SL4.0ch11_48837851
chr11	52274722	SL4.0ch11_48837937
chr11	52284077	SL4.0ch11_48847288
chr11	52291945	SL4.0ch11_48855159
chr11	52317791	SL4.0ch11_48881007
chr11	52325855	SL4.0ch11_48889105
chr11	52400403	SL4.0ch11_48973099
chr11	52421553	SL4.0ch11_48994237
chr11	52427833	SL4.0ch11_49000521
chr11	52432257	SL4.0ch11_49004953
chr11	52473278	SL4.0ch11_49038652
chr11	52486660	SL4.0ch11_49052093
chr11	52491042	SL4.0ch11_49056473
chr11	52495644	SL4.0ch11_49061076
chr11	52530083	SL4.0ch11_49095509
chr11	52538513	SL4.0ch11_49103939
chr11	52613111	SL4.0ch11_49180192
chr11	52615441	SL4.0ch11_49183311
chr11	52617091	SL4.0ch11_49184961
chr11	52639954	SL4.0ch11_49207804
chr11	52647808	SL4.0ch11_49215678
chr11	52669362	SL4.0ch11_49237161
chr11	52671588	SL4.0ch11_49239378
chr11	52732480	SL4.0ch11_49285447
chr11	52761575	SL4.0ch11_49337243
chr11	52784048	SL4.0ch11_49359336
chr11	52818962	SL4.0ch11_49394258
chr11	52825747	SL4.0ch11_49401042
chr11	52835120	SL4.0ch11_49410414
chr11	52861676	SL4.0ch11_49436774
chr11	52874535	SL4.0ch11_49449710
chr11	52879968	SL4.0ch11_49455624
chr11	52893333	SL4.0ch11_49468943
chr11	52909732	SL4.0ch11_49488836
chr11	52944897	SL4.0ch11_49522733
chr11	52955030	SL4.0ch11_49534903
chr11	52978276	SL4.0ch11_49560642
chr11	52984063	SL4.0ch11_49566361
chr11	53014463	SL4.0ch11_49596612
chr11	53025625	SL4.0ch11_49607795
chr11	53029914	SL4.0ch11_49612083
chr11	53032899	SL4.0ch11_49615068
chr11	53034083	SL4.0ch11_49616252
chr11	53052509	SL4.0ch11_49641881
chr11	53056318	SL4.0ch11_49645697
chr11	53087859	SL4.0ch11_49677198
chr11	53112552	SL4.0ch11_49701873
chr11	53154310	SL4.0ch11_49757098
chr11	53167291	SL4.0ch11_49770066
chr11	53211277	SL4.0ch11_49814026
chr11	53217434	SL4.0ch11_49820230
chr11	53245982	SL4.0ch11_49849274
chr11	53268899	SL4.0ch11_49873037
chr11	53269353	SL4.0ch11_49873490
chr11	53271720	SL4.0ch11_49875856
chr11	53285157	SL4.0ch11_49889344
chr11	53305204	SL4.0ch11_49909519
chr11	53337890	SL4.0ch11_49935021
chr11	53406196	SL4.0ch11_49992863
chr11	53422925	SL4.0ch11_50009854
chr11	53472212	SL4.0ch11_50058800
chr11	53472876	SL4.0ch11_50059464
chr11	53473140	SL4.0ch11_50059728
chr11	53477880	SL4.0ch11_50064450
chr11	53487766	SL4.0ch11_50074439
chr11	53519168	SL4.0ch11_50108091
chr11	53530483	SL4.0ch11_50119392
chr11	53532765	SL4.0ch11_50121698
chr11	53535871	SL4.0ch11_50124806
chr11	53577684	SL4.0ch11_50166646
chr11	53594409	SL4.0ch11_50183397
chr11	53605466	SL4.0ch11_50194015
chr11	53623886	SL4.0ch11_50212287
chr11	53632454	SL4.0ch11_50220865
chr11	53658044	SL4.0ch11_50246434
chr11	53682636	SL4.0ch11_50271015
chr11	53700699	SL4.0ch11_50288873
chr11	53721817	SL4.0ch11_50309998
chr11	53766905	SL4.0ch11_50355035
chr11	53793173	SL4.0ch11_50388756
chr11	53828768	SL4.0ch11_50423992
chr11	53858309	SL4.0ch11_50454259
chr11	53877907	SL4.0ch11_50473869
chr11	53910412	SL4.0ch11_50506365
chr11	53970440	SL4.0ch11_50562250
chr11	53971011	SL4.0ch11_50562820
chr11	53975597	SL4.0ch11_50567407
chr11	53979665	SL4.0ch11_50571471
chr11	53986375	SL4.0ch11_50578188
chr11	54030651	SL4.0ch11_50622484
chr11	54067744	SL4.0ch11_50659484
chr11	54071651	SL4.0ch11_50663395
chr11	54078373	SL4.0ch11_50670225
chr11	54083328	SL4.0ch11_50675184
chr11	54086537	SL4.0ch11_50678402
chr11	54090148	SL4.0ch11_50682013
chr11	54091790	SL4.0ch11_50683655
chr11	54093449	SL4.0ch11_50685314
chr11	54127568	SL4.0ch11_50719348
chr11	54146388	SL4.0ch11_50737946
chr11	54205542	SL4.0ch11_50797267
chr11	54240900	SL4.0ch11_50832789
chr11	54275538	SL4.0ch11_50867374
chr11	54288027	SL4.0ch11_50879859
chr11	54334685	SL4.0ch11_50926534
chr11	54340964	SL4.0ch11_50932753
chr11	54348430	SL4.0ch11_50940005
chr11	54352145	SL4.0ch11_50943991
chr11	54402311	SL4.0ch11_50989600
chr11	54424707	SL4.0ch11_51012114
chr11	54427374	SL4.0ch11_51014782
chr11	54441463	SL4.0ch11_51028865
chr11	54471280	SL4.0ch11_51058412
chr11	54579913	SL4.0ch11_51194656
chr11	54587041	SL4.0ch11_51199265
chr11	54624961	SL4.0ch11_51238705
chr11	54639128	SL4.0ch11_51253557
chr11	54641141	SL4.0ch11_51255564
chr11	54641354	SL4.0ch11_51255777
chr11	54653764	SL4.0ch11_51268187
chr11	54670922	SL4.0ch11_51285941
chr11	54686489	SL4.0ch11_51301516
chr11	54691748	SL4.0ch11_51312751
chr11	54694088	SL4.0ch11_51315089
chr11	54722375	SL4.0ch11_51342036
chr11	54723031	SL4.0ch11_51342692
chr11	54742330	SL4.0ch11_51362012
chr11	54747014	SL4.0ch11_51366698
chr11	54811638	SL4.0ch11_51426996
chr11	54825720	SL4.0ch11_51441044
chr11	54856111	SL4.0ch11_51471389
chr11	54858971	SL4.0ch11_51474225
chr11	54869052	SL4.0ch11_51484222
chr11	54907176	SL4.0ch11_51522407
chr11	54937093	SL4.0ch11_51552804
chr11	54952185	SL4.0ch11_51568041
chr11	54964712	SL4.0ch11_51580565
chr11	54968018	SL4.0ch11_51583866
chr11	54990661	SL4.0ch11_51606491
chr11	55008073	SL4.0ch11_51624119
chr11	55012370	SL4.0ch11_51628316
chr11	55026315	SL4.0ch11_51642257
chr11	55028568	SL4.0ch11_51644510
chr11	55048160	SL4.0ch11_51664286
chr11	55069213	SL4.0ch11_51685408
chr11	55080230	SL4.0ch11_51701107
chr11	55098638	SL4.0ch11_51720823
chr11	55167083	SL4.0ch11_51789530
chr11	55200508	SL4.0ch11_51819880
chr11	55276039	SL4.0ch11_51889580
chr11	55280372	SL4.0ch11_51893907
chr11	55308557	SL4.0ch11_51926968
chr11	55309438	SL4.0ch11_51927849
chr11	55325113	SL4.0ch11_51942950
chr11	55331717	SL4.0ch11_51950046
chr11	55337523	SL4.0ch11_51955856
chr11	55340680	SL4.0ch11_51959008
chr11	55343913	SL4.0ch11_51962214
chr11	55361258	SL4.0ch11_51979555
chr11	55394169	SL4.0ch11_52012516
chr11	55397158	SL4.0ch11_52015500
chr11	55434281	SL4.0ch11_52052695
chr11	55436555	SL4.0ch11_52054969
chr11	55437134	SL4.0ch11_52055548
chr11	55450389	SL4.0ch11_52068965
chr11	55458417	SL4.0ch11_52077051
chr11	55460616	SL4.0ch11_52079071
chr11	55478088	SL4.0ch11_52097364
chr11	55492874	SL4.0ch11_52111872
chr11	55544079	SL4.0ch11_52162857
chr11	55569442	SL4.0ch11_52188482
chr11	55571476	SL4.0ch11_52190515
chr11	55572309	SL4.0ch11_52191348
chr11	55587689	SL4.0ch11_52206729
chr11	55616866	SL4.0ch11_52235477
chr11	55620703	SL4.0ch11_52239331
chr11	55628583	SL4.0ch11_52247217
chr11	55656631	SL4.0ch11_52275272
chr11	55666678	SL4.0ch11_52285331
chr11	55680024	SL4.0ch11_52298611
chr11	55695710	SL4.0ch11_52314298
chr11	55707929	SL4.0ch11_52326455
chr11	55745303	SL4.0ch11_52354602
chr11	55764072	SL4.0ch11_52373368
chr11	55817625	SL4.0ch11_52434228
chr11	55825442	SL4.0ch11_52442013
chr11	55847401	SL4.0ch11_52464107
chr11	55909947	SL4.0ch11_52527441
chr11	55921813	SL4.0ch11_52539350
chr11	55932937	SL4.0ch11_52550478
chr11	55970680	SL4.0ch11_52588090
chr11	56006868	SL4.0ch11_52624161
chr11	56033481	SL4.0ch11_52645326
chr11	56037632	SL4.0ch11_52649643
chr11	56084830	SL4.0ch11_52696634
chr11	56101856	SL4.0ch11_52713657
chr11	56115387	SL4.0ch11_52727177
chr11	56139881	SL4.0ch11_52751650
chr11	56231902	SL4.0ch11_52846420
chr11	56232879	SL4.0ch11_52847372
chr11	56240976	SL4.0ch11_52855433
chr11	56257180	SL4.0ch11_52871594
chr11	56300331	SL4.0ch11_52915802
chr11	56308072	SL4.0ch11_52923541
chr11	56322392	SL4.0ch11_52937823
chr11	56324978	SL4.0ch11_52940410
chr11	56327388	SL4.0ch11_52942804
chr11	56327924	SL4.0ch11_52943338
chr11	56336940	SL4.0ch11_52951853
chr11	56337078	SL4.0ch11_52951991
chr11	56337916	SL4.0ch11_52952830
chr11	56347028	SL4.0ch11_52962190
chr11	56351024	SL4.0ch11_52965822
chr11	56357820	SL4.0ch11_52972905
chr11	56363690	SL4.0ch11_52978766
chr11	56365194	SL4.0ch11_52980268
chr11	56404809	SL4.0ch11_52992970
chr11	56412777	SL4.0ch11_53000941
chr11	56412997	SL4.0ch11_53001161
chr11	56413104	SL4.0ch11_53001268
chr11	56413179	SL4.0ch11_53001343
chr11	56413883	SL4.0ch11_53002047
chr11	56426159	SL4.0ch11_53011156
chr11	56439570	SL4.0ch11_53024487
chr11	56447126	SL4.0ch11_53031889
chr11	56447203	SL4.0ch11_53031966
chr11	56467430	SL4.0ch11_53051795
chr11	56480716	SL4.0ch11_53065117
chr11	56486274	SL4.0ch11_53070679
chr11	56505109	SL4.0ch11_53089252
chr11	56508633	SL4.0ch11_53092645
chr11	56519536	SL4.0ch11_53103415
chr11	56535179	SL4.0ch11_53119256
chr11	56555272	SL4.0ch11_53139108
chr11	56601100	SL4.0ch11_53184875
chr11	56628563	SL4.0ch11_53213451
chr11	56643244	SL4.0ch11_53228120
chr11	56664202	SL4.0ch11_53249105
chr11	56672244	SL4.0ch11_53256716
chr11	56680072	SL4.0ch11_53264534
chr11	56681720	SL4.0ch11_53266175
chr11	56700976	SL4.0ch11_53285481
chr11	56733570	SL4.0ch11_53318085
chr11	56743090	SL4.0ch11_53328447
chr11	56743606	SL4.0ch11_53328962
chr11	56743824	SL4.0ch11_53329181
chr11	56766827	SL4.0ch11_53350689
chr11	56797464	SL4.0ch11_53375745
chr11	56817226	SL4.0ch11_53393531
chr11	56837005	SL4.0ch11_53410865
chr11	56865714	SL4.0ch11_53440170
chr11	56900973	SL4.0ch11_53475749
chr11	56902041	SL4.0ch11_53476816
chr11	56927149	SL4.0ch11_53501902
chr11	56955143	SL4.0ch11_53530155
chr11	56969781	SL4.0ch11_53544769
chr11	56975121	SL4.0ch11_53550111
chr11	56979150	SL4.0ch11_53554136
chr11	56984220	SL4.0ch11_53559171
chr11	57012809	SL4.0ch11_53586985
chr11	57034170	SL4.0ch11_53608210
chr11	57054647	SL4.0ch11_53628520
chr11	57068284	SL4.0ch11_53642146
chr11	57072691	SL4.0ch11_53646555
chr11	57100663	SL4.0ch11_53674556
chr11	57127469	SL4.0ch11_53701508
chr11	57162183	SL4.0ch11_53736093
chr11	57186705	SL4.0ch11_53760579
chr11	57188194	SL4.0ch11_53762065
chr11	57199844	SL4.0ch11_53773624
chr11	57234089	SL4.0ch11_53807837
chr11	57256355	SL4.0ch11_53830142
chr11	57257698	SL4.0ch11_53831485
chr11	57263942	SL4.0ch11_53837736
chr11	57280369	SL4.0ch11_53853523
chr11	57354949	SL4.0ch11_53934503
chr11	57378030	SL4.0ch11_53957557
chr11	57394618	SL4.0ch11_53974125
chr11	57461856	SL4.0ch11_54041472
chr11	57472140	SL4.0ch11_54047201
chr11	57490260	SL4.0ch11_54065369
chr11	57493936	SL4.0ch11_54069057
chr11	57501805	SL4.0ch11_54076924
chr11	57506771	SL4.0ch11_54081892
chr11	57509392	SL4.0ch11_54084511
chr11	57524466	SL4.0ch11_54103028
chr11	57525445	SL4.0ch11_54104008
chr11	57525739	SL4.0ch11_54104301
chr11	57533850	SL4.0ch11_54112397
chr11	57557259	SL4.0ch11_54135796
chr11	57592412	SL4.0ch11_54166854
chr11	57622697	SL4.0ch11_54196922
chr11	57629613	SL4.0ch11_54204344
chr11	57664499	SL4.0ch11_54242914
chr11	57667935	SL4.0ch11_54246342
chr11	57716454	SL4.0ch11_54293416
chr11	57752482	SL4.0ch11_54329289
chr11	57787272	SL4.0ch11_54364025
chr12	279610	SL4.0ch12_19426
chr12	294968	SL4.0ch12_34783
chr12	365791	SL4.0ch12_110367
chr12	422111	SL4.0ch12_165137
chr12	427073	SL4.0ch12_170101
chr12	473462	SL4.0ch12_216968
chr12	487276	SL4.0ch12_230798
chr12	490048	SL4.0ch12_233575
chr12	490146	SL4.0ch12_233673
chr12	496265	SL4.0ch12_239808
chr12	511445	SL4.0ch12_255004
chr12	540946	SL4.0ch12_283861
chr12	542575	SL4.0ch12_285482
chr12	571464	SL4.0ch12_314402
chr12	575252	SL4.0ch12_318171
chr12	613685	SL4.0ch12_344490
chr12	652522	SL4.0ch12_385197
chr12	659557	SL4.0ch12_392260
chr12	684980	SL4.0ch12_416923
chr12	698402	SL4.0ch12_431155
chr12	719715	SL4.0ch12_452500
chr12	721146	SL4.0ch12_453933
chr12	787030	SL4.0ch12_519601
chr12	824310	SL4.0ch12_557264
chr12	857806	SL4.0ch12_590713
chr12	878824	SL4.0ch12_611723
chr12	884742	SL4.0ch12_617342
chr12	892018	SL4.0ch12_624625
chr12	894218	SL4.0ch12_626814
chr12	894341	SL4.0ch12_626937
chr12	900990	SL4.0ch12_633589
chr12	905493	SL4.0ch12_638096
chr12	922516	SL4.0ch12_655372
chr12	929044	SL4.0ch12_661910
chr12	931188	SL4.0ch12_664045
chr12	943125	SL4.0ch12_675842
chr12	990171	SL4.0ch12_724897
chr12	997732	SL4.0ch12_732339
chr12	1059097	SL4.0ch12_793320
chr12	1077287	SL4.0ch12_811533
chr12	1141528	SL4.0ch12_872895
chr12	1155543	SL4.0ch12_886983
chr12	1178180	SL4.0ch12_909597
chr12	1180108	SL4.0ch12_911525
chr12	1200902	SL4.0ch12_932229
chr12	1201826	SL4.0ch12_933153
chr12	1247625	SL4.0ch12_978213
